smiles,label,split,sdf_index,embed_ok
N#CC12CC1CO2,4.593299865722656,train,0,True
COCC(O)C#CC=O,3.4068000316619877,valid,1,True
COC1C2CC(=NO)C21,1.2920000553131104,train,2,True
C#CCOC(C)CC=O,3.1487998962402344,train,3,True
COC(=N)N1CCC1=N,1.9134999513626096,test,4,True
CC1(C#CCO)CN1,2.142400026321411,test,5,True
CCC1CNC(=O)CN1,3.82669997215271,train,6,True
CC(C)N(C)C(C)C#N,4.281400203704834,train,-1,False
CC1(O)C2CC1C(=O)O2,3.982199907302856,train,7,True
CCC1C(O)C2OC12,1.8163000345230105,test,8,True
N=C1NC(C=O)CC1=O,4.449399948120117,train,9,True
CC(O)C1OC1(C)C,1.1096999645233154,valid,10,True
CCC12CC3C(C1O)C32,1.5542000532150269,train,11,True
CC1C2C1C1(C)C2N1C,1.2824000120162964,valid,-1,False
Cc1coc(=N)[nH]c1=O,3.185699939727783,train,12,True
C#CC1NC1(C)C(C)=O,2.450900077819824,train,13,True
O=CC(=O)N1CCC1=O,4.867899894714356,valid,14,True
C#CCN1C2C3OC3C21,2.203000068664551,train,15,True
N=C1OCC12CC(O)C2,3.28220009803772,train,16,True
C1=NCC(=NC2CC2)N1,3.0794999599456787,train,17,True
COc1cc(O)n[nH]1,2.372900009155273,train,18,True
CCOC1=NCC2OC12,1.7736999988555908,valid,-1,False
CC12CC1C1OC1C2O,2.036099910736084,train,19,True
CN1C(=O)NC2C(O)C21,3.5492000579833984,train,20,True
C#CCCOC(C)=NC,1.4982999563217163,train,21,True
CC1=NCC(CCO)O1,2.211400032043457,train,-1,False
CC1OC2(CC2)CC1O,1.864199995994568,train,22,True
CC(C)C(C)NC(N)=O,3.373300075531006,train,23,True
CC1(O)C2CC=CCC21,1.2696000337600708,train,24,True
CC12OC1C(=O)CC2O,2.061199903488159,train,25,True
N=C1OC2C3OC2C13,1.401600003242493,train,-1,False
N#CC1C(O)C2CCC12,3.767400026321411,train,26,True
CC12CCC(OC1)C2O,1.451200008392334,train,27,True
CC(=O)C1(C)C2CCC21,2.600100040435791,train,28,True
O=CNC12C3C4C1N4C32,2.596699953079224,train,-1,False
CC(=O)C(=O)OCC=O,1.5859999656677246,train,29,True
NC=[NH+]c1ccoc1[O-],7.768700122833252,train,-1,False
O=CC12CC3C1CCN32,2.0311999320983887,train,-1,False
C#CCC1(O)CC(C)C1,1.0887000560760498,valid,30,True
C#CC1CC1C1CO1,2.220499992370605,train,31,True
O=C1CC2C(O)C12CO,4.666999816894531,train,32,True
CCC1C2OC3C1C23C,1.827399969100952,train,33,True
Cc1nc(F)nc(=N)o1,2.743799924850464,train,-1,False
CC1(O)CC1(O)CCO,2.9300999641418457,train,34,True
C1=NC(C2CCC2)CO1,1.3841999769210815,train,-1,False
CC12CCC3(C)C1CC23,0.1184000000357627,train,35,True
O=CC(O)CC1CC1O,3.314199924468994,train,36,True
CC1=CC(O)CC(=O)C1,3.305999994277954,train,37,True
CC1C2COC3(CC3)C12,1.3875000476837158,train,38,True
COC1(C)CCNC1=O,2.621400117874145,train,39,True
CCCC(O)C#CC=O,3.126699924468994,train,40,True
N=c1cnc(N)ncn1,3.549099922180176,train,-1,False
C1=CC23CC2COC1O3,1.6920000314712524,train,41,True
CC(C=O)COC1CC1,1.648300051689148,train,42,True
C1=NC2C3CC(O1)OC32,2.3436999320983887,valid,43,True
C1Cc2[nH]nnc2CO1,4.473100185394287,test,44,True
O=C1C2C3C4N3C2C14O,2.291599988937378,train,-1,False
N#Cc1ccn(C=O)n1,6.405200004577637,train,45,True
O=CC1C2CCOC12,3.73580002784729,train,46,True
O=C(CO)CC1CCO1,1.7325999736785889,train,47,True
CC#CCCC1(O)CC1,1.2968000173568726,valid,48,True
CC(C#N)C#N,4.127200126647949,train,49,True
COCC1(C(N)=O)CN1,5.1682000160217285,train,50,True
COC(CO)C(O)C=O,2.959700107574463,train,51,True
C#CC1(C2CC2)CO1,1.6253999471664429,test,52,True
OC1CC2C3CC=C1C32,1.701200008392334,train,-1,False
O=CC1COCOC=N1,2.1556999683380127,train,53,True
CCCC#CC1OC1C,2.0553998947143555,train,54,True
NC1=NC(C=O)C(=O)N1,6.506400108337402,train,55,True
CNc1ncn2c1CC2,3.3276000022888184,train,56,True
CC12C=CC(O)CC1N2,1.916300058364868,train,57,True
C1CC2(C3CO3)OCC12,0.7893999814987183,train,58,True
O=C1NC2C3OCC1C23,3.496000051498413,valid,59,True
Nc1nc2ocnc2[nH]1,3.211199998855591,train,60,True
CCOC(C)C1CC1,1.0755000114440918,valid,61,True
CC12NC1CCCC2=O,3.07509994506836,train,62,True
CCC1C2OC1C2(C)C,1.7526999711990356,train,-1,False
Cc1ocnc1OC=O,3.995500087738037,test,63,True
CC12CC3(C1)OC(=N)C23,2.8773999214172363,valid,-1,False
C#CCC1CCCC1C,0.8411999940872192,train,64,True
NC(=O)N(C=O)C1CC1,1.5283000469207764,train,65,True
O=C1CC23CCC12OC3,3.642499923706055,train,66,True
CCC12CCC3C1CC32,0.147499993443489,train,67,True
N=c1nnn(C=O)nn1,2.9921998977661133,train,-1,False
CN(C)c1cnon1,4.682499885559082,train,68,True
Cc1n[nH]nc1C(N)=O,3.146899938583374,train,69,True
CC1=CC2C3CCC2C13,0.2736000120639801,train,70,True
CCOCCC(F)(F)F,2.057800054550171,train,71,True
COC(C)C(C)CO,2.2885000705718994,train,72,True
CC#CC1CC1C(N)=O,3.115000009536743,valid,73,True
Cc1ccnc(O)c1O,0.2206999957561493,train,74,True
Cc1cc(=N)onc1N,4.82420015335083,train,-1,False
CC(=O)C1C2CC(C)C21,2.498199939727783,train,75,True
CC1(C2CC2)C(O)C1O,2.027400016784668,train,76,True
Cn1cncc1CC=O,2.005300045013428,test,77,True
OC1C(O)C2(O)CCC12,2.3208000659942627,train,78,True
CN1CC1CNC(N)=O,3.149800062179565,train,79,True
CC12C3CC(C1O)C2O3,2.1737000942230225,train,80,True
CCC(=O)C(=NC)NC,2.338200092315674,test,81,True
CC(O)C1(C2CC2)CN1,2.5510001182556152,train,82,True
CCC12CN3C1C(O)C32,1.576300024986267,train,83,True
CCC1CC2(C1)CC2O,1.1971999406814575,train,84,True
CC1=CC2CCC1OC2,1.4164999723434448,train,85,True
O=CC1OC2CCOC12,2.9732000827789307,train,86,True
CC12NC1(C#N)C1CC12,5.203199863433838,train,87,True
CC12OC3C1COCC32,1.2651000022888184,valid,-1,False
C1=CC2(CC2)CC12CC2,0.1448999941349029,train,88,True
CC1=C(N)C(C)OC1=O,6.4375,train,89,True
CC12C=CCCC1(C)C2,0.3296999931335449,train,90,True
C1C2C3NC3C1C21CO1,2.961699962615967,train,91,True
C1CC23COC(C2)OC13,2.4883999824523926,train,92,True
CC1(O)C2CN(C=O)C21,3.311199903488159,train,93,True
Cc1n[nH]c2ncnn12,1.9275000095367432,train,-1,False
C1=CC2(CCC2)OCC1,0.9954000115394592,train,94,True
CC1CC2OCC1C2C,1.697100043296814,train,95,True
C1CC2C1CC1COC12,1.6877000331878662,train,96,True
COC1COCC1(C)C,1.756600022315979,valid,97,True
CC1=C2CCC2OC1=N,3.374799966812134,test,-1,False
CC1(C(O)CC=O)CC1,3.4328999519348145,train,98,True
C#CC1=CC2C3OC2C13,1.3791999816894531,train,-1,False
CC(C#N)C(C=O)CO,4.995399951934815,train,99,True
Cc1cc(=N)[nH]nc1F,1.020400047302246,train,-1,False
C#Cc1cnnoc1=O,4.347700119018555,train,100,True
COC1CC(=O)CC1=O,1.874699950218201,train,101,True
CN1CC(OCC=O)C1,2.2613000869750977,train,102,True
CC(=O)C1C2CN=CN21,4.012199878692627,test,103,True
CCC(=O)C(=O)C1CO1,1.6914000511169434,test,104,True
CC1C2C=CC1C2=O,2.5339999198913574,train,105,True
N#CC1CC=CC1CO,2.8366000652313232,train,106,True
CN1C2C3CC2C31C,1.057800054550171,train,-1,False
NC(=O)C12CC(O)(C1)C2,2.1401000022888184,valid,107,True
OCC1CC(=NO)C1,1.7717000246047974,train,108,True
COCCN(C=O)C=O,6.416100025177002,train,109,True
CC1(O)C=CNC1=O,4.081500053405762,test,110,True
C#CC1(O)CN(CC)C1,1.6324000358581543,train,111,True
CCC12CC1CC21CO1,1.5679999589920044,train,112,True
O=CN1CC2CC(O)C21,3.555000066757202,train,113,True
Cn1ccc(N)c1CO,1.3066999912261963,test,114,True
C#CC1(O)C2OC(=N)C21,2.4207000732421875,train,115,True
CC12CC3(C#N)C1NC23,3.5731000900268555,train,116,True
C#CC#Cc1ccon1,2.9047999382019043,valid,117,True
N#CCNc1ncno1,1.9098000526428225,train,118,True
OC1C2CC3OCC2C31,2.759200096130371,train,119,True
CCC1(O)C2COC21,0.580299973487854,train,120,True
N#CC1OCC2CC21N,5.126200199127197,train,121,True
CC1C2CCC1(C=O)C2,2.8178999423980717,valid,122,True
C1CC2(O1)C1CC3C1C32,1.4085999727249146,train,123,True
COCCCOC(C)C,1.924299955368042,train,124,True
O=C1NC2CC3CN1C32,4.559199810028076,valid,125,True
C#CC1C2CC(C=O)C12,3.094899892807007,train,126,True
CC1(C2(C=O)CC2)CO1,2.0165998935699463,train,127,True
CN=C1OCC1C(C)C,1.937399983406067,train,-1,False
CCCc1onnc1N,4.057899951934815,train,128,True
Cc1occc1[N+](=O)[O-],3.921799898147583,valid,129,True
O=COc1ccco1,3.64739990234375,test,130,True
OC1CC2CCCC2C1,1.451300024986267,train,131,True
COCC(C)CC(C)=O,3.3780999183654785,train,132,True
C#CCCC#CC1CC1,0.9659000039100648,train,133,True
N#CC12CC(N1)C2N,3.6301000118255615,valid,134,True
CCN1C(=O)C=CC1=O,1.0189000368118286,train,135,True
C1=CCC2OCC2C1,1.663100004196167,train,136,True
COC(C)CCCCO,1.851099967956543,test,137,True
CC1CNC(=O)C(C)C1,3.750999927520752,train,138,True
N#Cc1oc(=O)oc1N,5.151800155639648,valid,139,True
O=C1CNCC1N1CC1,2.615600109100342,train,140,True
CC(OC(N)=O)C1CN1,2.1282999515533447,train,141,True
CC(=O)CC1OCC1O,3.677999973297119,train,142,True
CCNC1=NCC(=O)N1,4.319699764251709,train,143,True
CCC(=O)C(C)C1CN1,3.059799909591675,train,144,True
COC1C2CC(C)CC21,1.027500033378601,train,145,True
C#CCC(C)COC,1.3948999643325806,train,146,True
C#CC(=O)C1NC1C#N,6.915299892425537,train,147,True
O=CCCC(O)CCO,3.289099931716919,train,148,True
O=C1OC2CC=CC12,4.101500034332275,train,149,True
COC1(C)C=CCC1,0.9574000239372252,train,150,True
N=C1OCCC2CC1C2,3.205699920654297,train,151,True
CC1=C2COC2C(=O)N1,4.5507001876831055,train,152,True
Cc1c[nH]cc1C(C)C,1.6226999759674072,train,153,True
N#CC1(O)CC(=NO)C1,2.7330000400543213,train,154,True
O=C(CO)N1CC=CC1,4.780300140380859,train,155,True
C#CC1N=CNCC1=O,4.159800052642822,train,156,True
CC12NC1C1(CO)OC21,3.241300106048584,train,157,True
O=CC12CC(=O)NC1C2,4.52810001373291,train,158,True
CCC1=CCC(=O)CC1,3.00570011138916,train,159,True
N#CCc1cnccn1,3.746799945831299,train,160,True
CC1(O)CN=C(N)C1=O,1.159000039100647,train,161,True
CC(O)CC1NC1C#N,5.197400093078613,train,162,True
CCn1nnc(N)c1N,3.927900075912476,train,163,True
CC(=O)COCCCO,4.754199981689453,train,164,True
O=C1CC2CCC2C1,2.8857998847961426,test,165,True
CC1OC2CC12C1CC1,1.8028000593185425,test,166,True
CCC(C)(CO)C(C)=O,1.3526999950408936,train,167,True
CC1C=CCC1C#N,3.991300106048584,train,168,True
O=CCC(=O)CC1CO1,2.5583999156951904,train,169,True
CC1(CO)CC1NC=O,2.453200101852417,train,170,True
N=C(N)c1onnc1N,3.9179999828338623,train,171,True
CN=C(C)OC1(C)CC1,0.8693000078201294,train,172,True
OCC1CC2(O)CC12O,1.3004000186920166,test,173,True
CC12CN(C1)C2,1.970900058746338,train,174,True
O=CC(C1CO1)N1CC1,3.803299903869629,train,-1,False
CC12CC3CC(C1=O)N32,2.4693000316619877,train,-1,False
COCC12OC1C1NC12,2.8478000164031982,train,175,True
N#CC1(O)CC2OCC21,1.6763999462127686,test,176,True
CC1C2C(=O)CC3C2N13,1.3517999649047852,train,-1,False
C#CCCC12CN(C1)C2,1.196499943733215,train,177,True
OC1CC2CC3COC132,1.6957999467849731,train,178,True
CC1NC(=O)N(C)C1=N,1.073099970817566,test,179,True
CCCC1(O)C(O)C1O,1.075600028038025,valid,180,True
CCc1nc(O)c[nH]1,2.827399969100952,train,181,True
COC1CC(C=O)C1C,3.7291998863220215,train,182,True
O=CN(CCO)C1CC1,4.035200119018555,train,183,True
N#CC(C1CN1)C1CO1,2.0020999908447266,train,184,True
O=C1NC2CC2N=CO1,3.4388999938964844,train,185,True
CC#CC1OC2CNC12,2.165699958801269,valid,186,True
CC1NC2(C#N)CC12O,4.314099788665772,train,187,True
CC1C(O)C2OC12C=O,1.3478000164031982,train,188,True
CCC(C)(O)C1(C)CC1,1.3243000507354736,train,189,True
N=COC(=O)C1CC1O,1.134600043296814,train,190,True
CC1OC(=N)C1(O)C#N,3.6101999282836914,train,191,True
N#CC1OC2(CC2)C1N,5.333899974822998,train,192,True
C1COC2CC(CO1)C2,0.9650999903678894,train,193,True
C#CC12N=CNC1C2O,4.244400024414063,train,194,True
Cc1cc([N+](=O)[O-])n[nH]1,6.912499904632568,train,195,True
O=C1CC(O)CC2CN12,3.090100049972534,train,196,True
C#CC1C=CCC(=N)O1,2.984299898147583,test,-1,False
CC1OC(C)(C)CC1O,1.3580000400543213,test,197,True
COC(C)C1CC1C,1.1503000259399414,train,198,True
c1cnc2nc[nH]c2c1,5.504000186920166,train,199,True
CCN1C2CCOCC21,1.145799994468689,train,-1,False
Cn1ncc(O)cc1=N,3.057699918746948,train,-1,False
CCNC(=O)C(N)=NC,1.583799958229065,train,200,True
CC1C2=CC3C4C2C1C34,1.333199977874756,train,-1,False
Cc1coc(=N)c(O)n1,2.8392999172210693,test,-1,False
CC1(C)C2C=CCOC21,1.1053999662399292,train,201,True
CC1N2CC2C1(O)CO,2.6166000366210938,train,-1,False
CC#CCC#CC(C)=O,3.243799924850464,test,202,True
CC(C)(O)C(=O)NC=O,5.0416998863220215,valid,203,True
C#Cc1c[nH]c(O)c1,2.165899991989136,train,204,True
CCC(C=O)C(C)C,2.724299907684326,train,205,True
COCC1CC12CCO2,2.4309000968933105,train,206,True
CC(O)C1CC2C(C)C12,1.4677000045776367,train,207,True
OCC12C3CC1N2C3,1.5878000259399414,train,-1,False
C#Cc1[nH]ncc1NC,2.136199951171875,train,208,True
O=CC1C2CC3CC1N32,1.360200047492981,train,-1,False
CC(O)C1(C(C)O)CN1,2.9189000129699707,train,209,True
CC1OC(=N)C(C#N)O1,4.11899995803833,train,-1,False
CCC1OC(=N)C=C1N,5.290999889373779,train,-1,False
CC1OC2(C)C3NC3C12,2.858599901199341,train,210,True
CCC1CC(C)C(=O)N1,3.8417000770568848,train,211,True
O=C1CC2(CO)NC12,1.6722999811172483,test,212,True
O=COCc1cnon1,2.779599905014038,train,213,True
O=C1CC2CC12CCO,2.7054998874664307,train,214,True
CC1CCOC1C1CN1,2.4820001125335693,train,215,True
CC1(C#N)CC2CC21C,3.850600004196167,train,216,True
C1CC2OC3C1COC23,1.1052000522613523,train,217,True
NC(=[NH2+])CC(CO)=N[O-],2.60509991645813,test,-1,False
CCC12NC1CC2=O,3.5213000774383545,train,218,True
CC1CC2(C)NC2C1=O,3.5743000507354736,train,219,True
O=C1C2CCOC1CO2,2.1561999320983887,train,220,True
Cc1ncoc1N=CN,4.441699981689453,train,221,True
N=C1C=C(CO)C(=O)N1,0.8730999827384949,test,-1,False
CC1(C)C2OC(=O)C21C,4.353899955749512,train,222,True
COc1nc(O)[nH]c1C,1.3243000507354736,test,223,True
CC(CO)C1C(C)N1C,0.6202999949455261,train,-1,False
C1CC12C1C3OC1C32,1.8416999578475952,train,-1,False
CCC(O)C(O)CC,0.0013999999500811,train,224,True
CC1(C(N)=O)CC1C#N,4.770400047302246,train,225,True
N#CC1C=C2CC3C2C13,3.9853999614715576,train,-1,False
C#CCC1(OC)COC1,2.027899980545044,train,226,True
CC1C(O)C1(C)CCO,2.087399959564209,valid,227,True
Oc1cn2ncoc2n1,1.627400040626526,train,228,True
c1n[nH]cc1C1CN1,3.571899890899658,valid,229,True
CC1C2COC(=O)C12N,3.238100051879883,train,230,True
N#CC1=CC2C3OC2C13,3.295799970626831,train,-1,False
CC(C)(C#N)COC=N,1.8911999464035036,train,231,True
c1nc2[nH]nnn2n1,3.017199993133545,train,-1,False
CCN=C1OCC2NC12,3.339200019836426,train,232,True
C#CC1C=C(C=O)CO1,2.8573999404907227,valid,233,True
CCC1(C)C2CCC21C,0.2166000008583068,train,234,True
CC#CC(C)COC,1.1243000030517578,train,235,True
CC1=CCC2(C1)CC2O,1.291700005531311,train,236,True
Cc1cc(C)c(C=O)o1,4.559999942779541,valid,237,True
C#CC1(C(C)OC)CO1,1.5877000093460083,train,238,True
CC(C#N)C(=O)C(=N)N,5.970699787139893,train,239,True
c1cc(C2CC2)[nH]n1,2.8828001022338867,train,240,True
N=C1OC2CC=CC12O,1.9107999801635744,valid,-1,False
C#Cc1cnncn1,3.05430006980896,train,241,True
CCC(=O)NC(=N)C=O,3.50819993019104,train,242,True
O=C1Cc2nc[nH]c2N1,4.773499965667725,train,243,True
CCC#CC(O)C(C)=O,3.3017001152038574,train,244,True
C#CCNC(=O)C#C,3.4310998916625977,train,245,True
Cc1cccc(F)c1F,2.103699922561645,train,246,True
CNc1nc(O)co1,2.5641000270843506,train,247,True
O=CNC1(CO)CC1,2.8726999759674072,train,248,True
CCn1nncc1O,4.5833001136779785,valid,249,True
Cc1cc(=N)nc(O)o1,2.9293999671936035,train,-1,False
CCC(O)C1COCO1,0.7646999955177307,train,250,True
CC1=CCC2CCC12O,1.333299994468689,train,251,True
C1=CC2CCCCC2C1,0.2311999946832656,train,252,True
CC1=CC2OCC2C1=O,1.833799958229065,train,253,True
N#CC1=CC2CC2CC1,5.086699962615967,train,254,True
O=C1C2CCN3C1CC23,2.253900051116944,test,-1,False
N=C1CN=CN1,3.438800096511841,test,255,True
CC#CC(CO)C1CC1,1.7934000492095947,train,256,True
CC1(C2CN2)OC1C=O,1.8789000511169436,train,257,True
Cc1onnc(=N)c1N,3.5608999729156494,train,-1,False
OC12CC3C4C(OC31)C42,1.7482999563217163,valid,258,True
C#Cc1nc(N)co1,1.7697999477386477,train,259,True
O=C1CC(CO)N=CO1,1.343000054359436,train,260,True
CC(=O)C1(OC=N)CC1,1.6440000534057615,train,261,True
C#CC1=CC2CC3C1C23,1.100499987602234,train,262,True
Nc1cc(O)cc(F)c1,1.4408999681472778,train,263,True
COc1coc(N)c1N,1.3996000289916992,train,264,True
CC1C=Cc2[nH]ccc21,1.5015000104904177,train,265,True
C#CCC(=O)OC=N,0.3968999981880188,train,266,True
O=CC12OC1C=CC2=O,4.754199981689453,train,267,True
CN1CCC(C)(O)C1=O,3.515300035476685,train,268,True
OC1CCC1C1CC1O,2.057800054550171,valid,269,True
CC(=NO)C1(C)CCO1,1.138100028038025,train,270,True
C#CC12CC3C(C1O)N32,1.5621000528335571,train,-1,False
CC1(C#N)OC1CO,3.517199993133545,train,271,True
O=CC(O)c1cn[nH]c1,4.004099845886231,train,272,True
CC1(c2ncc[nH]2)CO1,2.0392000675201416,train,273,True
N#CCNc1nnon1,1.2333999872207642,train,274,True
CC12OCC(CO1)C2=O,2.22379994392395,train,275,True
CN=c1cccn[nH]1,1.4357999563217163,train,-1,False
COCc1cc[nH]n1,1.433500051498413,train,276,True
OC12C3CC(C31)C21CO1,0.9487000107765198,train,277,True
C#CC(O)CC(=O)CC,3.3958001136779785,train,278,True
N=C1NC2C(O)C2C1=O,5.35260009765625,valid,279,True
CN=C1CCC(C)O1,2.7892000675201416,train,-1,False
OCC1(C2CN2)CC1O,1.9407999515533447,train,280,True
CC12C=CCC(OC1)O2,1.3157999515533447,train,281,True
CC1C(C)C12COC2=N,2.856800079345703,train,282,True
N#Cc1ccc(=N)oc1,1.7664999961853027,train,-1,False
CCOC1CCOC1=O,3.379699945449829,train,283,True
CCOCC(C#N)OC,3.5032999515533447,train,284,True
COc1n[nH]c(C)c1C,1.958400011062622,train,285,True
CC[NH2+]C(CO)C(=O)[O-],4.104400157928467,valid,-1,False
CCCCC12CC1CO2,1.5002000331878662,train,286,True
CC1CC2C(O)COC12,1.5424000024795532,valid,287,True
CN1CC1C1(CO)CC1,1.3366999626159668,valid,-1,False
CC#CC12OC1C1OC12,3.613300085067749,train,288,True
Cc1cnoc1CO,2.1126999855041504,train,289,True
CC12C=CC3C(C1=O)N32,2.583899974822998,train,-1,False
C#Cc1nc[nH]c1O,3.373699903488159,test,290,True
CCC(=O)NC(N)=O,5.93120002746582,train,291,True
CCC1C2C3CC3(C)C12,0.1741999983787536,train,292,True
N#CC1C2CCC1N2,3.024600028991699,train,293,True
CC12C=CCC1(CO)C2,1.3975000381469729,train,294,True
COC1CCC=CCC1,1.0566999912261963,train,295,True
C#CCc1ncnn1C,2.987600088119507,train,296,True
C#CCC1(C)OCC1O,2.695499897003174,valid,297,True
O=CC1N2CCC1(O)C2,3.322200059890747,train,-1,False
N=c1cnc(N)c(O)o1,3.315999984741211,train,-1,False
N#CC12CC3CN1C3C2,5.007199764251709,train,-1,False
CC1C(=O)NC12COC2,1.7192000150680542,train,298,True
Cc1nonc1OC=O,2.1521999835968018,train,299,True
O=c1ccc(CO)c[nH]1,5.200300216674805,train,300,True
CC(C#N)(C=O)N1CC1,2.9881999492645264,train,-1,False
CC1COC2CC2CO1,0.3237999975681305,train,301,True
CC(=O)NC(=O)C1CC1,5.746300220489502,train,302,True
C#Cc1cccc(C)n1,1.9148999452590945,valid,303,True
N#CC1CC(OC=O)C1,1.5785000324249268,train,304,True
O=C1CC(CO)=CC1O,1.7444000244140625,test,305,True
C#CC1N=COC2CC12,2.199399948120117,train,306,True
OC1C2C=CC3C2C13O,1.5777000188827517,train,307,True
CC(O)C1(CO)COC1,2.81820011138916,train,308,True
Oc1n[nH]c2c1OCO2,2.101300001144409,train,309,True
CC1(O)C(N)C1(N)C#N,4.371099948883057,train,310,True
CCc1ncncc1C,2.782900094985962,train,311,True
C#CCN1C2C3CC3C21,1.5573999881744385,train,312,True
Cn1ccc(N)c1C#N,4.323100090026856,train,313,True
C#Cc1c(O)n[nH]c1N,3.2788000106811523,train,314,True
N=C1OCC=CNC1=O,4.920899868011475,valid,-1,False
CC1C2C3N1C2C31CO1,3.2690000534057617,train,-1,False
CC#Cc1ncon1,1.488700032234192,train,315,True
OC12C=CC3C(CC1)C32,1.287700057029724,train,316,True
N=C1OC23CNC2C1C3,2.571500062942505,train,-1,False
CC(=O)C1CN1CC=O,4.451900005340576,train,317,True
Nc1ccncc(=O)c1,5.826200008392334,train,318,True
COC(=N)OCCCO,2.439300060272217,train,319,True
CC1=CCNC=CC1=O,5.375400066375732,train,320,True
CC(CO)CC=O,3.254800081253052,train,321,True
OCCCc1ccco1,1.580399990081787,test,322,True
CC1OC1(C)COC=O,5.200399875640869,train,323,True
CCC1CC2(O)CCC12,1.1866999864578247,train,324,True
CC1CC2(O1)C(C)C2C,1.51010000705719,train,325,True
N=C1OCC2(CO)OC12,2.127500057220459,train,-1,False
OC1C=C2C(C1)C1OC21,1.8212000131607056,train,326,True
CC12C3C4N1C4(C)C32,1.6868000030517578,valid,-1,False
COC1CNC1CC#N,5.468400001525879,test,327,True
C1OCC2C3CC(O1)C23,2.072499990463257,valid,328,True
CCCC1CC2(O)CC12,1.1002999544143677,train,329,True
C1=CC2CC1OCCO2,0.6883000135421753,train,330,True
CC12C3OC4=NC3C1N42,4.332900047302246,test,-1,False
CC12CC3C1N3C2CO,2.868000030517578,train,-1,False
CCC12C3CN1CC32C,1.6999000310897827,train,-1,False
COc1ccc(C)o1,1.2523000240325928,train,331,True
OC1C=CC=CC=CC1,1.3387999534606934,train,332,True
CC1C2CC3OC3CC12,1.838000059127808,train,333,True
CC1=CC(CC=O)CC1,2.9953999519348145,train,334,True
CC12C=CNC(=O)C1O2,3.6219000816345215,train,335,True
OCC1OCC=CC1O,2.993299961090088,train,336,True
N#Cc1coc(=N)cn1,3.8010001182556152,test,-1,False
O=C1OCOC2C(O)C12,4.350599765777588,train,337,True
CC1CC1C(C)OC=O,4.167200088500977,valid,338,True
C1=Cc2nnoc2NC1,4.488800048828125,train,-1,False
CC1CC2CC(C=O)C12,2.7683000564575195,train,339,True
C1=CCC2COC2C=C1,1.815199971199036,train,340,True
CCNc1cn[nH]c1N,2.5383999347686768,train,341,True
CC1=CCc2n[nH]cc21,1.9681999683380127,train,342,True
CCC1OCC2(C)NC12,2.833199977874756,test,343,True
c1nc2n(n1)C1CC2C1,3.991699934005737,train,344,True
C1C2C1C1OC2C12CO2,0.1230000033974647,train,345,True
O=CC1CC2OCC12O,2.10479998588562,train,346,True
Nc1cn2c(n1)CC=C2,2.5107998847961426,train,347,True
N=C1CC2(CC2C=O)O1,2.7348999977111816,test,-1,False
CN1C2CC(CC=O)C21,1.9809999465942385,train,-1,False
CNC1(CC#N)CC1O,1.8246999979019165,test,348,True
CC1(C)OC(=N)C12CC2,2.9590001106262207,train,349,True
CC(O)C(=O)OCC=O,2.662899971008301,train,350,True
CCC(C)n1cnnn1,6.180699825286865,train,351,True
N=C1NC2CC1OC2=O,3.611799955368042,train,-1,False
CCC1(C2CCO2)CN1,1.5743999481201172,train,352,True
N#CC1C2NC3C2C13N,6.607200145721436,train,353,True
CCC(C#N)C1(C)CC1,3.879800081253052,train,354,True
O=C1CC23CC(C2)C3N1,3.349600076675415,train,355,True
CC1=CCCOCOC1,2.015399932861328,train,356,True
N#CC(O)c1cc[nH]n1,6.10860013961792,train,357,True
CC1=C(C)C(C#N)NC1,3.533200025558472,train,358,True
CC(O)C1(O)CCC1O,3.4384000301361084,train,359,True
COC(=N)NC(C)=O,4.024899959564209,train,360,True
c1cc2n(n1)C1CN2C1,2.377700090408325,train,361,True
CC#CC12CC1C1OC12,1.9228999614715576,train,362,True
N#CC1=CC2NC2C1N,4.750899791717529,train,363,True
N#CC1C2C(O)CCN12,3.802500009536743,train,-1,False
CC12CC3OC(C)(C1)C32,1.663699984550476,train,364,True
CC#CC12C3C4C1N4C32,2.0813000202178955,train,-1,False
CC12CC1n1nccc12,3.125499963760376,train,-1,False
Nc1c(O)[nH]ccc1=O,4.27209997177124,train,365,True
CC12C(CO)C3CC1C32,1.7337000370025637,train,366,True
CCC1(C#N)CCCN1,4.5802998542785645,train,367,True
O=C1OC2C1C21CCO1,3.5703999996185303,train,368,True
CC1CCC2(O)CC2C1,1.2172000408172607,train,369,True
CC(C)OC(C)(C)C#N,4.7729997634887695,train,370,True
OCC1C2CC2C2CN12,2.6466000080108643,train,-1,False
C1C2CC2C1CN1CC1,1.062600016593933,train,371,True
CC1C(=O)C2OC12C#N,1.4433000087738037,train,372,True
CCC1(C#N)CC1O,4.539500236511231,train,373,True
O=C1OC23CNC2C1C3,3.680500030517578,train,374,True
CC(C)(O)CC1CCC1,1.2240999937057495,train,375,True
C1C2C1C1C2CC12CO2,1.76419997215271,train,376,True
ON=C1C2CC(O)C1O2,2.1777000427246094,train,377,True
Cc1ncc(F)c(=N)[nH]1,2.2725000381469727,valid,-1,False
CC12CC(O)C3C(C1)C32,1.36080002784729,train,378,True
CC1(CO)CC(C#N)C1,3.2848000526428223,train,379,True
CCn1ccc(O)c1N,0.4632999897003174,train,380,True
C1CCC2=C(C1)CCC2,0.185599997639656,valid,381,True
CC1(O)CCCC1=NO,1.383800029754639,train,382,True
CC(C)C1CCC(=N)O1,3.213000059127808,train,-1,False
N#CC(O)C1C=CCO1,5.2845001220703125,train,383,True
C#CCC(=O)COC=N,4.390200138092041,train,384,True
OCC1CC2(CO2)C1,1.9276000261306765,train,385,True
Cc1c(F)cn[nH]c1=N,1.253999948501587,train,-1,False
C1C2C3OC4CN2C1C43,1.666700005531311,train,-1,False
CC(=O)CC(C)(O)C#N,5.165200233459473,test,386,True
C1CC2(C3CC3)CC1O2,1.5032999515533447,train,387,True
CC(C)(C=O)NCC#N,3.4725000858306885,train,388,True
C1=CC2C3C4CC(C14)C23,0.4706000089645386,train,389,True
CC1C2C3N1C2C31CN1,2.6679999828338623,train,-1,False
N#CC1=C(C=O)COC1,1.895900011062622,train,390,True
N#CC1OC2CC(O)C12,3.906599998474121,train,391,True
CC1(O)CC1C1CO1,0.8037999868392944,train,392,True
N#CCN1CC(O)C1=N,3.762900114059448,train,-1,False
CCC1=CC(C)OCC1,1.2867000102996826,train,393,True
CC1CC2(CO2)C12CO2,1.7267999649047852,train,394,True
CC12CC(O)C1C(=O)O2,3.9096999168396,train,395,True
Cc1nccc(F)c1C,1.0592000484466553,train,396,True
CC1NC1C(=O)C(=N)N,2.0141000747680664,train,397,True
N#CC1CCC1=O,5.113399982452393,train,398,True
CC1CC2C3C4C1C4N23,1.6858999729156494,valid,-1,False
O=C1C2CC(O2)C2CN12,4.061399936676025,valid,399,True
COC(CC#N)C(C)C,3.742199897766113,train,400,True
C1CC12COCC21CO1,1.4925999641418457,train,401,True
C#CC12C=CCN1C2,1.6592999696731567,train,402,True
CC(CN1CC1)NC=O,4.349999904632568,train,-1,False
C1N=C2OC3COC1C23,3.853600025177002,train,-1,False
CC12C(=O)CC3CC1N32,2.3510000705718994,valid,-1,False
C#CC(N)c1conn1,2.6407999992370605,train,403,True
C1C2C3C4C(C5C3N45)N12,1.565000057220459,train,-1,False
CN=C(OC=O)C(N)=O,1.562600016593933,train,404,True
CCn1c(O)coc1=N,3.853899955749512,train,-1,False
O=C1CCC(O)C12CN2,4.844099998474121,train,405,True
CC1C=C2COC2C1O,2.503200054168701,train,406,True
CC1COC(C#N)C1=O,4.491000175476074,train,407,True
Cc1occc1CC#N,3.551300048828125,train,408,True
CN1C=CC(=O)OCC1,6.811399936676025,train,409,True
O=CC1CCOC1=O,3.5785000324249268,train,410,True
OCC1OC2COCC12,2.937299966812134,train,411,True
Nc1nn2ccnc2[nH]1,4.215099811553955,train,-1,False
O=C1C(=O)N2C3CC1C32,5.236400127410889,train,412,True
CC12NC1CC2CC#N,5.469600200653076,test,413,True
COc1c(N)noc1C,2.9275999069213867,train,414,True
CCC1(O)C2CC(O)C21,2.310400009155273,test,415,True
CC1N=C2NC3(C)C2C13,3.658699989318848,train,-1,False
N#CC(N)C1C(O)C1O,1.7517000436782837,train,416,True
CCC(=O)NC(C)=NC,1.1794999837875366,train,417,True
CCCC12CC1C(=O)N2,4.056399822235107,train,418,True
CNC1=NCC(C#N)N1,4.0868000984191895,train,419,True
C#CC1NC1C(C)(C)O,2.7402000427246094,train,420,True
Oc1c[nH]c(C2CO2)c1,1.662600040435791,train,421,True
C#CC#CC(CC)=NO,0.8586000204086304,test,422,True
O=CC(O)C1(O)CCC1,2.51259994506836,train,423,True
C1=CC23CCC2CC1C3,0.2757999897003174,valid,424,True
CCC12CN3C(C)C1C32,1.7473000288009644,train,-1,False
N#CC12COC1CC2O,3.350300073623657,train,425,True
CNc1cnc(O)cn1,2.2137999534606934,train,426,True
C#CC1CC(=O)N1C,3.328399896621704,train,427,True
N#CC1CC(CCO)C1,3.552500009536743,train,428,True
O=Cn1ccc(=O)cc1,3.411200046539306,train,429,True
CCn1cncc1CO,2.4867000579833984,train,430,True
COc1cccc(O)c1,1.7705999612808228,train,431,True
OCC(O)c1cnon1,1.1207000017166138,test,432,True
C1=CC2C3C1N2C31CC1,1.5845999717712402,train,-1,False
CN=C1OC(C)C1C=O,1.5908000469207764,valid,433,True
OCC1C(O)C12CCO2,3.00440001487732,valid,434,True
OC12CC3N=COC1C32,1.805999994277954,train,435,True
CN1CC1C(O)C1CC1,1.5159000158309937,train,-1,False
CN=COC1CC1O,2.275500059127808,valid,-1,False
C#CC(CO)N=COC,3.088900089263916,train,-1,False
COCC(OC)C1CN1,2.126199960708618,train,436,True
CC1CC(=O)N2CC12,4.168600082397461,train,437,True
N=COCC1CCO1,4.638299942016602,train,438,True
CC12CC(CC#N)C1C2,4.326099872589111,train,439,True
CC#CC(CO)N1CC1,1.6746000051498413,train,-1,False
CCc1cc(F)ccn1,0.5023000240325928,test,440,True
N=C1CC(C(N)=O)O1,2.186500072479248,test,441,True
CC12COC1C1NC12C,3.2885000705718994,train,442,True
CC1CC1OC=O,3.893199920654297,test,443,True
CC1=CC2COCC1C2,1.135200023651123,train,444,True
Cc1nnoc(=O)c1F,4.230599880218506,train,445,True
COC(C)C(C)CC=O,3.105600118637085,train,446,True
CC(C)C(=O)C(O)CO,2.480799913406372,train,447,True
Nc1c(F)cnoc1=O,4.386000156402588,train,448,True
N=C1COC(=N)N1C=O,3.095999956130981,valid,449,True
O=CC1CC=CC12CC2,2.7311999797821045,train,450,True
CCC1NC1C#N,4.720099925994873,train,451,True
O=C1CC23CC12N=CO3,3.397599935531616,train,-1,False
CNC(=O)COC(N)=O,1.8609999418258667,train,452,True
CNc1oc(N)cc1O,2.2448999881744385,train,453,True
CCC1=C(C)COCC1,1.4220000505447388,train,454,True
OC1(c2cnn[nH]2)CC1,4.589799880981445,valid,455,True
N=C1OC2C=CC1NC2,3.961400032043457,train,-1,False
OC1(c2cnno2)CC1,3.766700029373169,train,456,True
CCn1nnn(C)c1=O,0.2687999904155731,train,457,True
O=C1C2CC2C2CC12,3.291899919509888,valid,458,True
Oc1nc2c([nH]1)C=CC2,1.6964000463485718,train,459,True
CC(=O)C12CC(=O)C1O2,2.2492001056671143,train,460,True
COCC1(OC)CC1O,2.65939998626709,test,461,True
O=CCC1=CCOC1,2.841900110244751,valid,462,True
N#CC1OC1(C#N)C#N,2.774899959564209,train,463,True
CN(C=O)CC1(C)CC1,3.845099925994873,train,464,True
OCC(O)c1ccon1,3.0185999870300293,train,465,True
O=C1CC2N=COC12,1.7654999494552612,train,466,True
N#CC1(CN)OC1CO,4.724899768829346,train,467,True
COC(=O)C1CCN1C,1.8514000177383425,train,-1,False
O=C1CC2C=CCCN12,3.539599895477295,train,468,True
N#CC12CC1OC(=N)N2,3.3394999504089355,train,-1,False
CC12CC3C(C1)C32O,1.2781000137329102,test,469,True
CCC1N2CC2C1(C)O,2.524300098419189,train,-1,False
N=COc1ccccn1,3.200500011444092,valid,-1,False
O=CCCC1COC=N1,3.060499906539917,train,-1,False
COCCc1cnoc1,2.873300075531006,train,470,True
CC1=CCCOC1,1.2360999584197998,test,471,True
COc1cnc(O)nc1,3.65910005569458,valid,472,True
Fc1ccc(F)c(F)n1,2.960200071334839,train,473,True
CCC#CC1(C)CCO1,1.7526999711990356,train,474,True
CC(=N)OCC(C)(C)O,2.501300096511841,train,475,True
CN=COCC1(O)CC1,2.2997000217437744,train,476,True
O=CC12N=CNC1C2O,4.888000011444092,test,477,True
CC(=O)C1(C=O)CCO1,2.865400075912476,train,478,True
CC12COC3C(N1)C32O,1.5922000408172607,train,479,True
CC1=CC(=O)C(C)C1C,4.003099918365479,valid,480,True
C#CC1C=CCNC1=O,3.936100006103516,train,481,True
c1nc(C2CCN2)no1,1.5845999717712402,train,482,True
CC1COC(=N)N1C=O,6.048699855804443,train,483,True
CCC(C#N)OCC=O,3.775599956512451,train,484,True
N#CC12C=CCC(C1)C2,4.521200180053711,train,485,True
O=CC1OC2(CC2)C1=O,2.068599939346313,train,486,True
COC(C#N)=NCCO,2.6166000366210938,train,487,True
CC(=NO)C(C)C1CC1,0.5898000001907349,train,488,True
CC1OC1CC#CC=O,4.553699970245361,train,489,True
CC12CC3(O)C(=O)C1C32,4.813000202178955,valid,490,True
C1=CC23OC4C2C1C43,1.9493000507354736,train,-1,False
CC1=CCC(N2CC2)C1,0.9678999781608582,train,-1,False
CN1C2C(=N)OC(=O)C21,1.458299994468689,train,491,True
CC(C)OCC1CC1O,0.9878000020980836,train,492,True
NC(=O)C1C2OC(=O)C21,3.0011000633239746,train,493,True
N=C1OC2C1C2C(N)=O,3.32669997215271,train,494,True
C1OC2CC3C1C23,1.6075999736785889,test,495,True
CCC(C)C#CC(C)=O,3.59060001373291,train,496,True
CCN1C2C3CC3(O)C21,1.7348999977111816,train,-1,False
O=CC#CC1(O)CCC1,2.678499937057495,train,497,True
ON=C1COC2CC2C1,1.3519999980926514,train,498,True
OC12C3OC1C1OC3C12,1.996999979019165,train,499,True
CC1C2CC1OC(=O)O2,5.724999904632568,test,500,True
O=CC12NC1CC21CO1,2.075599908828736,train,501,True
CCN1CC(C#N)C1,3.7111001014709473,train,502,True
CN1CC2(CO2)C1,2.3196001052856445,train,503,True
CC1=CCC2OC(=N)C12,2.478199958801269,train,-1,False
N#Cc1n[nH]nc1C#N,5.693399906158447,train,504,True
CC1C2OCCCC12O,1.8499000072479248,train,505,True
N#CC1(C#N)CN=CO1,2.91759991645813,train,506,True
CCOC(=O)N1CC1C,2.354300022125244,valid,507,True
CC1(C)OCC1OC=O,2.77649998664856,train,508,True
CC12C=CC3CC(C1)C32,0.1625999957323074,train,509,True
CC12CC(=O)C1C1OC12,3.952800035476685,train,510,True
CC12OC3C1C1C2C31O,1.0448999404907229,train,511,True
C#CC(C1CN1)C1CO1,2.7660999298095703,valid,512,True
N=c1[nH]cnc(N)c1O,3.033400058746338,train,-1,False
N=C(CO)NC(=N)CO,5.759799957275391,train,513,True
CC1C2CC(=O)OC1C2,4.540299892425537,train,514,True
CC1C(CO)C1CC#N,2.4249000549316406,train,515,True
NC1=Nc2nonc2C1,7.6427001953125,train,516,True
C#CC1CC1COC=O,3.679199934005737,train,517,True
N#CCC(O)CC1CC1,4.949100017547607,train,518,True
C#CCC1(C)C2COC21,1.732200026512146,train,519,True
OCCC(O)C1COC1,2.134500026702881,train,520,True
CC1=NC2C=CC(C2)O1,1.5436999797821045,valid,521,True
O=Cc1ncnc(=O)[nH]1,3.5592000484466557,valid,522,True
N=C1CC(C2CC2O)O1,2.3664000034332275,train,-1,False
C1CC2(CO2)C12CO2,3.1721999645233154,valid,523,True
N#CC1C2CNC12C=O,4.785600185394287,train,524,True
CN=C1CC(O)CO1,3.621299982070923,valid,525,True
CCC1OC1C1CCO1,1.604699969291687,test,526,True
CC12OC1C(O)C21CC1,2.193099975585937,train,527,True
C1CN1c1nn[nH]n1,2.4760000705718994,train,528,True
CC(=O)C1OC(C)C1=O,3.57229995727539,test,529,True
CC(=O)NC(=O)C(=N)N,4.581200122833252,train,530,True
N#CC1(CN)CC(=O)O1,4.784299850463867,train,531,True
CN=C1NC(=N)CO1,0.3808999955654144,train,-1,False
C1CC2OCC2OCO1,1.876099944114685,train,532,True
N#CC12CC(O)(C1)C2,4.132299900054932,train,533,True
COc1[nH]nc(C)c1O,3.2304999828338623,train,534,True
O=c1[nH]cc(CO)o1,3.8584001064300537,valid,535,True
NC(=O)NC=NCCO,4.418399810791016,train,536,True
OC1C2C=CC1OCC2,2.0211000442504883,train,537,True
C#CC(=O)OC(C)=NC,2.0116000175476074,train,538,True
CCC#CC1(CC)CO1,1.943300008773804,train,539,True
C1CC2C(CC23CC3)O1,1.3672000169754028,train,540,True
C#CC(C)CCC=O,2.3245999813079834,train,541,True
COc1cc[nH]c1CO,0.973200023174286,train,542,True
O=CC#CC1(C=O)CO1,3.478399991989136,train,543,True
CC(=NO)C1OC2CC21,1.1919000148773191,train,544,True
C#CC(O)CN1CC1C,2.2757999897003174,train,-1,False
N#CC1NCCC1C=O,4.537600040435791,train,545,True
C#CC1CN(CC#N)C1,4.149099826812744,train,546,True
CCOC1C=CCO1,0.8080000281333923,train,547,True
OCC(O)CCC1CO1,2.1166999340057373,test,548,True
CC12OCC1CC2C=O,3.3022000789642334,train,549,True
CC1(C)CN=C(CO)O1,3.5388998985290527,valid,550,True
CC12CC(O)(C#N)C1N2,3.640199899673462,train,551,True
CC12C3C4C1N2C(=O)N43,4.827000141143799,test,552,True
CC(C)C12CC3OC1C32,1.850299954414368,train,553,True
OC12CC3CC(C1)C2C3,1.2661999464035034,train,554,True
O=C1C=CC2COC1O2,4.200900077819824,test,555,True
C#CC1C2CC1C2CC,0.6991999745368958,test,556,True
O=CC1OC2=NCCC21,4.986800193786621,train,-1,False
COC1C=C(C)CCO1,1.5556000471115112,train,557,True
O=C1CC2(O)CC1C2,2.341900110244751,train,558,True
O=C1CC2CN2CCO1,3.960400104522705,test,-1,False
CNC(=O)C1CC1OC,2.603699922561645,train,559,True
COCC1OC2CC12C,1.3387999534606934,train,560,True
N#CC1C2C3NC2C13O,4.504899978637695,train,561,True
Nc1nc(F)n[nH]c1=O,2.381099939346313,train,562,True
C1C2C3COC34C1OC24,2.3749001026153564,train,563,True
N#CC(C[NH3+])C(=O)[O-],7.025300025939941,train,-1,False
CC(C)C(F)(F)F,2.058199882507324,train,564,True
O=C1CCC1CO,3.284199953079224,train,565,True
CC1N=CNC1=O,2.359600067138672,train,566,True
CCC1(C)CCC1(C)C,0.0758000016212463,train,567,True
CCCCN(C)C(C)=O,3.38759994506836,train,568,True
CCN1C(=O)NCC1C,3.853399991989136,train,569,True
CCCC#CC(O)C#N,4.38670015335083,train,570,True
CCn1cc(O)oc1=O,3.0476999282836914,train,571,True
C1C2CC1C2CN1CC1,1.000599980354309,valid,572,True
C1OC2C1C1C3NC3C21,2.797300100326538,train,573,True
COCC1C(C)C1CO,2.938199996948242,valid,574,True
C#CC1COCC12CN2,1.7687000036239624,valid,575,True
N#CCc1ccc(N)[nH]1,2.9911000728607178,train,576,True
CCC1C(=O)CC1C,2.729199886322021,train,577,True
N#CC12CC=CC1OC2,3.779400110244751,train,578,True
CCOCC1OCC1=O,1.107800006866455,train,579,True
C1C2CC3(CC3)CC12,0.2016000002622604,train,580,True
COCC(N)=NCC#N,4.065899848937988,train,581,True
O=CC12C3CN1CC32,4.481400012969971,train,582,True
N#CC1=NCCCCN1,5.407700061798096,train,583,True
CN1CC2CC(C#N)C21,4.718299865722656,test,-1,False
COC1CC2CC21C=O,3.650599956512451,test,584,True
CC1(C)CC(=O)C(=O)O1,5.483699798583984,train,585,True
CCC12C(C)C3OC1C32,1.815500020980835,train,586,True
N=c1oc2ccoc2o1,2.9117000102996826,train,-1,False
CC(C)(C)C1C2CC1C2,0.0568999983370304,valid,587,True
CN=C(NC)C(F)(F)F,1.7173999547958374,train,588,True
CN1CC(C)(C)NC1=O,3.928400039672852,train,589,True
NC=NC(C=O)C=O,3.534199953079224,train,590,True
CCC12CC1C(=O)C2O,2.4137001037597656,valid,591,True
C#CCC1C(C)N1CC,1.4479999542236328,train,-1,False
O=C1CCN1C1CCC1,3.421600103378296,train,592,True
CC12COC3CN1C32,0.6312000155448914,train,-1,False
O=CC1CCOC2CC12,1.6232000589370728,train,593,True
Cc1cc(O)cc(C)n1,2.006999969482422,train,594,True
CC1OCCC(=O)C1=O,3.644299983978272,train,595,True
CCC12NC3C1N(C)C32,1.159999966621399,train,-1,False
CCNc1coc(N)n1,0.3955000042915344,train,596,True
N=C1OC2COCC1O2,2.1465001106262207,test,597,True
COC=NC12COC1C2,3.203700065612793,test,-1,False
CC1(C2(C=O)CN2)CC1,2.9154999256134038,train,598,True
C1OC2C3OC4CC14C23,1.969099998474121,train,599,True
C#CC1C2CC2C1(C)O,0.6757000088691711,train,600,True
CCCC(C)(C)CC#N,4.079100131988525,train,601,True
CC(C)C#CC(N)C#N,2.9565000534057617,train,602,True
O=CC12CC(C1)C(=O)O2,2.257999897003174,train,603,True
CNC(=O)CCOC,2.599600076675415,train,604,True
C#Cc1ncnn1CC,3.2249999046325684,train,605,True
C#CCC1CC1CCO,1.8071999549865725,valid,606,True
O=C1NC23CC4C2NC143,3.9535999298095694,train,607,True
C#CC#CC(C=O)OC,2.727799892425537,test,608,True
N#CC12CC1(N)C1OC12,5.393799781799316,train,-1,False
COc1cnc(O)o1,1.4901000261306765,train,609,True
CCOc1n[nH]cc1N,1.489300012588501,train,610,True
CCC1C2CC3C1C23,0.2331999987363815,train,611,True
CC12CN3C4CC1C2C43,1.6642999649047852,train,-1,False
CC12CCN3C1CC32,1.5930999517440796,train,-1,False
CC12C3=CC4C(C1C3)N42,1.8698999881744385,train,-1,False
CCOCCC(C)O,0.5302000045776367,train,612,True
CC1COC1C1CCC1,1.694499969482422,train,613,True
CNc1c(C)coc1N,1.53410005569458,train,614,True
CN=C(N)C(=O)C#N,5.71019983291626,train,615,True
C#CCc1ccn(C)c1,2.0480000972747803,train,616,True
COc1nccnc1F,2.4902000427246094,train,617,True
CCC1(C)CC1NC=O,3.334199905395508,train,618,True
CC#CC(=NC)NC=O,5.958799839019775,train,619,True
C1=CCCCCCC=C1,0.3265999853610992,train,620,True
C#CC12CC1(C)CC2C,0.8610000014305115,train,621,True
C1C2CC3(CC4NC43)C12,1.5448999404907229,train,622,True
C1=C2C3C(C1)C1C2N31,2.1180999279022217,train,-1,False
Nc1c[nH]c(=O)nc1O,5.429399967193604,train,623,True
C#CC1C2CN3CC1C23,1.2899999618530271,train,624,True
O=C1CC(=O)C2(O)CC12,1.9979000091552732,train,625,True
CCC1(C)C(O)CC1O,1.2426999807357788,train,626,True
C#Cc1cccnc1O,1.0824999809265137,train,627,True
ON=C1CC2(CC2)C1O,1.5225000381469729,train,628,True
CC1C2NC3C1(O)C23O,1.8396999835968015,train,629,True
COC1CC(C)C1=NO,0.8902999758720398,train,630,True
CN1CC1CC1CC1,1.1863000392913818,train,-1,False
CN=c1occnc1C,1.753100037574768,train,-1,False
N#CC#CC(N)C#N,3.904099941253662,train,631,True
CC#CC12CC1C(C)O2,1.6619999408721924,train,632,True
CC1C(C=O)C2C(C)C12,3.068099975585937,test,633,True
OC12C3COC1CC2C3,0.9962000250816344,train,634,True
CC1NC12CC1(CO1)C2,1.4407000541687012,train,635,True
COc1c[nH]nnc1=N,6.142099857330322,train,-1,False
O=C1C(O)C2(O)CC12,2.4928998947143555,train,636,True
Nc1noc(=O)o1,5.178299903869629,train,637,True
CN(C)C(C#N)C1CC1,3.4124999046325684,train,-1,False
Nc1cncnc1N,3.784600019454956,valid,638,True
OC1C=Cc2c[nH]cc21,2.9848999977111816,valid,639,True
CC1CC=CNC(=O)O1,3.9860999584198,test,640,True
CC1OC(=O)C1(C)CO,3.7395999431610103,test,641,True
C1=CC2CC2CCC1,0.4163999855518341,train,642,True
CC(N)c1onnc1N,4.996200084686279,train,643,True
COC1CCC(C=O)C1,3.883399963378906,train,644,True
C#CCC(C=O)OC,2.4330999851226807,train,645,True
Nc1cc(=O)[nH]nc1F,4.153800010681152,test,646,True
C#CC(=O)NC(=N)NC,2.8564000129699707,train,647,True
N=C1OCC12CCO2,2.831899881362915,train,648,True
C1CC2OC1CC1CC12,1.2346999645233154,valid,649,True
CC12OC1C1CCC12,1.7192000150680542,train,650,True
O=C([O-])C1(CO)CC[NH2+]1,4.644000053405762,train,-1,False
CNc1noc(CN)n1,2.341900110244751,train,651,True
N#CCCn1cccn1,3.770299911499024,train,652,True
CNC(=O)C1COC1=N,1.266700029373169,train,653,True
C1C2C3C4C5C(C5N24)N13,0.3027999997138977,test,-1,False
Cn1ccc(=O)[nH]c1=N,3.250999927520752,train,-1,False
OC1C2C3CC(O)(C3)C12,2.5804998874664307,train,654,True
O=C1C2CC3CN2C13,3.4310998916625977,train,-1,False
O=C1OCOCC2OC12,4.681600093841553,train,655,True
N#CCC12C3CC1C2O3,4.629300117492676,train,656,True
NC(=O)n1cn[nH]c1=O,4.8343000411987305,train,657,True
C#CCc1nc[nH]c1C,3.572499990463257,valid,658,True
CC1(N)C2CNC21C#N,4.377999782562256,train,659,True
CC12CC1OCC21CN1,2.502500057220459,test,660,True
N#CCC1CC(=O)CN1,3.085599899291992,train,661,True
CC1OC2C3OC1C23C,2.210900068283081,train,662,True
CCC1(N)COC1C#N,5.226600170135498,train,663,True
N=c1ncc(F)c[nH]1,2.985599994659424,train,-1,False
CN1C2C3C4C3C2(O)C41,1.1340999603271484,train,664,True
N#CC12OC3CC1(N)C32,5.6483001708984375,train,665,True
C#CC1(C2(C)CC2)CC1,0.6965000033378601,train,666,True
C#CC12CC3C(O)C1C32,1.2934000492095947,train,667,True
COC1COC12CCC2,1.99810004234314,train,668,True
CC1CCN(C=O)C1=O,5.897299766540527,train,669,True
CC(C)(CO)N1CC1,1.0815000534057615,valid,670,True
CC12OC3C1C1C3C12O,0.5985999703407288,train,671,True
COC12CC=CC1C2C,1.1367000341415403,valid,672,True
O=CCC1COC1,0.9463000297546388,train,673,True
CC1=CC(O)COCC1,2.3696999549865723,train,674,True
O=CC1=CNC(C=O)C1,3.510900020599365,train,675,True
OC1C2C3C(O)C1(O)C23,1.5247000455856323,train,676,True
CC(=O)N1CC(C)C1C,3.758500099182129,train,677,True
CCC(C)(C=O)OC=N,1.1562999486923218,train,678,True
C1OCC2CC(CO2)O1,2.253700017929077,train,679,True
CC1CC2CC(=O)OC12,4.253200054168701,test,680,True
CCC1(C)OC1C,1.7244999408721924,train,681,True
CC1OC(C=O)CC1=O,2.3141000270843506,train,682,True
CC1OC2CC(=O)C12C,1.8940999507904053,train,683,True
CC1CC2(CO)OCC12,2.4874000549316406,train,684,True
CC1CC(C)(O)CCO1,1.7994999885559082,train,685,True
C#CC1C=CCC(=O)O1,4.162000179290772,train,686,True
N=C1C=C(N)C(CO)O1,4.822500228881836,train,-1,False
CC(O)C(C)CCCO,0.1997999995946884,valid,687,True
CN1C2C3C1C2N3C,1.1796000003814695,test,688,True
CC(C)C1C2OCOC21,1.0231000185012815,valid,689,True
CC(O)C(CO)CCO,1.3549000024795532,test,690,True
[NH2+]=CNCC(=O)C(=O)[O-],18.280500411987305,train,-1,False
CC12CC3CC3C1(C)C2,0.0175000000745058,test,691,True
COc1cc(C)c(O)[nH]1,0.4426000118255615,train,692,True
O=C1OCCC(O)C1=O,4.169400215148926,train,693,True
C#CC1C2OC(C)C12C,2.0165998935699463,test,694,True
C1OCC(=NC2CC2)O1,1.2480000257492063,train,695,True
CCNc1ncnnn1,4.662000179290772,valid,696,True
N=c1cnonc1N,2.78220009803772,train,-1,False
C#CC12CC3C(C1C)N32,1.9020999670028689,train,-1,False
O=C1N2CC2C12CO2,4.359399795532227,train,697,True
N#CC#CC1(N)COC1,3.210200071334839,train,698,True
OCC12CCC1OC2,2.498600006103516,train,699,True
CC(=O)Cn1ncnn1,4.565400123596191,train,700,True
OCC12C3CC4C3C1N42,2.235100030899048,train,-1,False
CC1=CCC2COC1O2,1.6411999464035034,train,701,True
CC(C)C(=NO)C(C)O,1.4151999950408936,train,702,True
N#CC12CN1C(=O)C2N,3.4730000495910645,train,703,True
CC1C(=O)NCC1C=O,2.571500062942505,train,704,True
CC12OCC3(O)C1OC32,0.1807000041007995,train,705,True
CC#CC1OC2CC2O1,1.280500054359436,valid,706,True
CC12C3CN1C(C=O)C32,3.768399953842163,test,-1,False
C#CCC1CC1C1CO1,2.2781999111175537,train,707,True
O=CC12CCCC1N2,3.338500022888184,train,708,True
COC(=O)C(O)C(C)=O,4.281899929046631,train,709,True
CC1OC23CCC12OC3,1.3033000230789185,train,710,True
O=CCOCC(=O)CO,2.3905999660491943,test,711,True
COC1(C=O)C(O)C1O,1.4567999839782717,train,712,True
OCC12C3OC1C2C3O,2.0931999683380127,test,713,True
C#CC1CN1,1.2762999534606934,test,714,True
CCc1ccnc(=O)[nH]1,6.52899980545044,train,715,True
CC1(O)CC2CC3C2C31,1.1385999917984009,train,716,True
N#CC(N)C1NC1CO,3.2664999961853027,train,717,True
C#CC(C=O)CCCO,3.622999906539917,train,718,True
N#CC1C2CNC(=O)N12,5.321100234985352,train,719,True
CC1=CCC2C(=O)OC12,4.242899894714356,test,720,True
OC1C2(O)C=CC1(O)C2,3.6842000484466553,train,721,True
CC1=CC2NC2C1C#N,4.947700023651123,train,722,True
CCCC12CCC1CO2,1.511199951171875,test,723,True
CC1C2C(O)C3CN1C32,2.329200029373169,train,-1,False
C#CC12CC3C(C1)C3C2,0.8726999759674072,train,724,True
CCC12OCC3C1OC32,1.2274999618530271,train,-1,False
C#Cc1n[nH]ccc1=N,4.494400024414063,train,-1,False
O=C1NC2CC1C1NC21,3.3975000381469727,train,725,True
CC1CC12C=CC1NC12,1.365399956703186,train,726,True
CCOCc1ccno1,3.336800098419189,train,727,True
[NH3+]C(CC1CC1)C(=O)[O-],5.073699951171875,train,-1,False
CC#CC1(CO)CC1C,1.9318000078201292,train,728,True
NC(=O)C1C2CN1C2,2.357899904251098,train,-1,False
Cc1nc(=O)cno1,3.0992000102996826,train,729,True
C1OC2C3NC24C1OC34,2.464200019836426,train,-1,False
CC1CCCCC(=O)O1,2.7957000732421875,test,730,True
CC1CC2(C3CC3)OC12,1.8136999607086184,train,731,True
COC12CC(CC1=O)C2,2.7235000133514404,test,732,True
C1=CC2C3OC3CN2C1,0.8794000148773193,train,-1,False
C1CC23NC2CN2C1C23,0.9689000248908995,train,-1,False
CC(CC1CO1)C(N)=O,1.892199993133545,train,733,True
CCC1C(=O)CCC1=O,2.0578999519348145,train,734,True
CC1=C2C(O)C3C2N3C1,1.169100046157837,train,-1,False
OC1C2CC13CCCN23,1.7661999464035034,train,-1,False
CC(C#N)C(C)NC=O,5.686999797821045,train,735,True
CCC12CC1CC(=O)O2,4.139100074768066,train,736,True
C#CC1=CCC=CC=C1,0.8787999749183655,train,737,True
CC1OC(=N)C1CC#N,5.696199893951416,train,-1,False
O=C1CCC=C1C1CO1,2.719000101089477,train,738,True
C#CCC(C)C(C)C#C,0.826200008392334,train,739,True
CC(C)([NH3+])C(N)C(=O)[O-],5.478600025177002,valid,-1,False
O=c1ocnoc1=O,3.5434999465942383,valid,740,True
C1CC2C3C1C1OC3C21,1.817800045013428,train,741,True
C#CC(C=O)CC(N)=O,6.090799808502197,valid,742,True
NC(=O)C1CCCC1,3.370800018310547,train,743,True
CCC(C)CC1OC1C,1.729300022125244,train,744,True
O=CCc1nnon1,1.419600009918213,train,745,True
C#CC(O)C(=O)C(N)=O,3.267800092697144,train,746,True
CC12NC1C(C#N)C2O,6.055900096893311,valid,747,True
CC(O)C(CO)C(N)=O,1.6714999675750732,train,748,True
COC12CCC1(C=O)C2,2.44379997253418,train,749,True
CCC1CC1C,0.1169999986886978,train,750,True
CCC12CC(O)C1O2,2.224400043487549,train,751,True
OCCCC12CCN1C2,1.184599995613098,train,-1,False
Cn1ncc(N)c1O,1.9678000211715696,train,752,True
CC1CC2CC(O2)C1=O,2.914900064468384,train,753,True
C#CC12C=CC(C1)N2C,1.073099970817566,train,-1,False
N=C(N)c1n[nH]nc1O,4.627299785614014,train,754,True
C1OC2CC2C2CC1C2,1.2168999910354614,train,755,True
CNC(=O)CCNC=O,1.8282999992370603,train,756,True
OCC1C2CC3OC1C32,2.212500095367432,train,757,True
Cc1cc(O)nn1C,2.5896999835968018,train,758,True
CC1CCCCC(O)C1,1.4752999544143677,train,759,True
O=C1NCC2CC3C2N13,4.935200214385986,train,760,True
CC(O)CC1CC(O)C1,1.856899976730347,train,761,True
Cc1noc(N)nc1=N,3.136899948120117,train,-1,False
Cn1nccc(F)c1=N,2.06879997253418,valid,-1,False
CC1(C)CCOC=N1,1.9763000011444087,test,762,True
CC1C(O)CC1NC=O,4.407700061798096,train,763,True
OCC1=NCC2CC2O1,3.911099910736084,valid,764,True
C#CC(C#N)C(C)(C)C,3.785799980163574,train,765,True
Cc1c[nH]nc1C,1.9520000219345093,test,766,True
N#CC12NC3C=CC1C32,4.291500091552734,train,767,True
NC1=C(C=O)C2CC1O2,5.903600215911865,test,768,True
N#Cc1cncc(O)c1,3.762900114059448,train,769,True
CC1OCC2(O)CC12O,2.4583001136779785,train,770,True
CCC(C)(C)N(C)C=O,4.13640022277832,train,771,True
C#CCC1C=CCC1O,1.3782000541687012,test,772,True
CC1(C)CC2CC2(O)C1,1.5061999559402466,train,773,True
OCC1CC2(O)CC12,2.063100099563598,train,774,True
C#CC(C#N)(C#N)OC,2.893699884414673,train,775,True
CCC12C=CC(C1)C2C,0.2203000038862228,train,776,True
C#CC(N)C(C#N)NC,3.1068999767303467,valid,777,True
CC#CC(CO)OC,2.660799980163574,train,778,True
N#CC12CN1C(=N)C2N,4.297399997711182,train,-1,False
COC(=O)COC(N)=O,1.6642999649047852,valid,779,True
OCCc1cnccn1,1.393399953842163,train,780,True
CCC1(C#N)C2CCN21,5.190599918365479,train,-1,False
O=COC12CCC(C1)C2,4.30810022354126,train,781,True
CC1C=CC2C(O)C12C,1.5326999425888062,train,782,True
CC1=CCC=CCC=C1,0.2087000012397766,train,783,True
O=CC1=CC2COC1O2,4.170300006866455,train,784,True
O=CC12CC(O)(C1)C2=O,3.34060001373291,valid,785,True
COC1CC2C3OC2C13,2.783499956130981,train,-1,False
CCC(C)C(=O)CO,3.0215001106262207,train,786,True
C#CC(COC=N)=NO,3.585900068283081,train,-1,False
CC1CC1(O)CN1CC1,1.002900004386902,train,-1,False
CCC1CC(C=O)C1,3.1354000568389893,train,787,True
CC(O)CCC(C)CO,0.0826999992132186,train,788,True
N=c1cnc(=N)[nH]cn1,2.2151999473571777,test,-1,False
CC1C2C3CC1(C#N)C32,4.298099994659424,valid,789,True
CCCCOCC(C)O,1.8087999820709229,train,790,True
CC(=O)C(O)CCC#N,3.9707999229431152,test,791,True
O=CCOc1cnno1,2.252500057220459,valid,792,True
C1=C2CN=C3NC(C1)C23,2.551100015640259,valid,-1,False
CNCc1nonc1N,5.083000183105469,test,793,True
C#CC1COC1(C)CC,1.0916999578475952,train,794,True
C1=CC23CC4N2CC43C1,2.2263998985290527,train,-1,False
COCC1OC(C)C1O,1.2674000263214111,valid,795,True
CC12C3=CC4C1N4C2C3,0.9517999887466432,train,-1,False
CCOCC(CO)OC,1.8348000049591064,train,796,True
N#CC12C3CN4C3C1C42,3.55049991607666,train,797,True
N=C1CC2(O)CCC2O1,3.132999897003174,valid,-1,False
CC1CCc2c[nH]nc21,1.8918999433517456,train,798,True
N#CC12NC1CC21CC1,3.3608999252319336,train,799,True
CC1OC2CC1C(=O)O2,3.813199996948242,valid,800,True
c1nc(C2COC2)co1,1.7057000398635864,train,801,True
Oc1nc2n(n1)CC2,3.697499990463257,valid,802,True
OCCN1C2C3OC2C31,2.749300003051758,train,-1,False
N=C1OC2C(=O)C=CC12,2.533400058746338,train,-1,False
[NH2+]=c1ccnccc1[O-],3.4463999271392822,train,803,True
C1C2C3C1N2C31COC1,2.767199993133545,train,-1,False
CCC1(C)CC2(C)OC12,1.7374999523162842,train,804,True
O=CN1CC2C1C1CN21,2.861599922180176,valid,-1,False
OC12CCCC(C1)OC2,1.6782000064849854,train,805,True
O=CC(O)c1ccno1,3.911999940872192,train,806,True
CC1(O)C(=O)COC1=O,2.0488998889923096,train,807,True
C#CC12CC(C#N)(C1)C2,3.815500020980835,train,808,True
COC=NCC(=O)OC,2.251199960708618,train,809,True
C#Cc1cn[nH]c(=O)c1,3.165899991989136,test,810,True
N#CC12CCN1CC2O,3.71370005607605,train,811,True
C#CC(C#CC)OC,1.867300033569336,train,812,True
O=C1CC2(O1)C1CCC12,4.307300090789795,train,813,True
CC(=O)C#CC(O)C#N,2.2084999084472656,test,814,True
CC1CNC(=O)C(C)O1,3.5536999702453613,train,815,True
CC12C=CC3C(CO1)C32,1.4146000146865845,valid,816,True
CC1C2C3(C)NC3C12C,1.8528000116348269,valid,817,True
C#CC1(C)CO1,1.7508000135421753,valid,818,True
CCc1[nH]cc(N)c1O,2.8310999870300293,train,819,True
Nc1ccnc(=O)[nH]1,7.674600124359131,train,820,True
CCc1oc(N)nc1N,0.7342000007629395,train,821,True
CC(CC#N)NCC=O,2.0810000896453857,train,822,True
CC1CC2CC2C12CO2,1.6734999418258667,train,823,True
CCC12COC3C1NC32,0.2563999891281128,train,824,True
C#CC12CC1OC2C#N,4.087399959564209,test,825,True
CC1N(C)C2CC12O,2.02020001411438,train,-1,False
COCC(C#N)C(N)=O,1.3041000366210938,train,826,True
O=C1C=C2CC3C2N13,4.473499774932861,train,827,True
CCC1CC1(C)CC#N,4.139599800109863,train,828,True
CN=c1nccc(N)o1,5.068399906158447,valid,-1,False
CCCc1cc(C)co1,0.5769000053405762,train,829,True
CC1N2C3C=CC2C13C,1.836400032043457,train,-1,False
CCC1COCC1C,1.585199952125549,train,830,True
C1CC12C1OC1C21CO1,0.7318999767303467,train,831,True
CC1Cn2cccc21,2.0429999828338623,train,832,True
CCOc1cc(N)no1,2.138400077819824,train,833,True
CCC1=NCC(=O)CO1,1.941499948501587,valid,834,True
C1CC2C3CCC1C23,0.1606999933719635,train,835,True
OCC12CCC(C1)O2,2.103399991989136,train,836,True
C#CC1OC1C(=O)CO,2.923799991607666,train,837,True
C#CC1CC2(CN2)C1=O,2.0011000633239746,train,838,True
CC1(C)N(C=O)C1(C)C,3.738300085067749,valid,839,True
CC12OC1C1C3OC1C32,2.192699909210205,train,-1,False
O=C1C2CC2CC2CN12,3.763000011444092,train,840,True
C#CC(CC)OC,0.8235999941825867,test,841,True
COC1C(=O)C2NC21,3.126800060272217,test,842,True
O=CN1CC2CC1CO2,3.795799970626831,train,843,True
CC1=CC(=O)C(C)(C)C1,3.888499975204468,train,844,True
C#Cc1cncc(N)n1,2.0878000259399414,train,845,True
O=C1CCOC2CC2N1,3.626100063323975,train,846,True
CCCOCC#CC=O,4.039000034332275,test,847,True
COC1C2C3CC1(C)C32,1.0815000534057615,train,848,True
C#CC#CC(O)C(C)=O,2.885699987411499,train,849,True
CC12NC1C1COCC12,3.2776999473571777,train,850,True
CNc1ncc(=O)[nH]n1,3.780100107192993,train,851,True
OC1(c2conn2)CC1,3.103600025177002,train,852,True
N#CCCC12CC(C1)C2,4.145999908447266,train,853,True
C#CCn1nn[nH]c1=O,0.2781000137329101,test,854,True
COC1C2C3CC3C12O,0.7468000054359436,train,855,True
CC1(C)CC(N2CC2)C1,0.9825000166893004,train,856,True
N=C1OCC1(N)C1CO1,1.7869999408721924,train,857,True
N#CC12C3CCN1C2C3,4.966800212860107,train,-1,False
C1=NC2(C3CN3)CC2O1,1.2335000038146973,train,-1,False
CC1CNC1(C)C#N,3.160799980163574,train,858,True
CC1=C2CC3C2C3(O)C1,1.8342000246047971,train,859,True
CC12OC3CC1N1C3C12,0.4936000108718872,train,-1,False
Cn1ncc(N2CC2)n1,1.4562000036239624,train,860,True
CCC1OC2C=CC1C2,1.3914999961853027,train,861,True
CCN=c1cconn1,3.901799917221069,train,-1,False
CN1CC(CO)=CC1=O,5.67549991607666,valid,862,True
CC1(O)C(=O)C2NC21,2.457099914550781,train,863,True
CC#CC1CC1C1CC1,0.1720000058412552,train,864,True
CC1N2CC2CC1(C)O,2.505199909210205,train,-1,False
C#CCN1CC1CC,1.0240999460220337,train,865,True
N=C1OCCC2CCC12,3.1963000297546387,test,-1,False
CCC(O)C(O)C(C)C,0.1715999990701675,train,866,True
CC1=CCCC12CC2O,1.4600000381469729,train,867,True
C1=CC23COC1C2OC3,1.5085999965667725,valid,868,True
O=C1CC23OC4C2NC143,2.7344000339508057,train,-1,False
CC1C2CC1(C#N)C2C,4.238699913024902,valid,869,True
CC1(C2CC2)CC(=O)C1,2.939300060272217,train,870,True
c1cnc2c(c1)COC2,2.448400020599365,train,871,True
CC1C2CC1C2=O,3.138799905776977,train,872,True
COC1(C#N)CCOC1,2.1333000659942627,train,873,True
C1C2OC3C4NC13C4O2,1.422700047492981,train,-1,False
C1CC1C1C2COC21,1.5612000226974487,train,874,True
CC(=NO)C1COC=N1,1.083799958229065,train,-1,False
CC1C(O)CC2C(O)C12,3.0306999683380127,valid,875,True
CC12CC1C1C3CN1C32,1.4565999507904053,test,-1,False
OCC1COCC1=NO,1.5291999578475952,test,876,True
CCCNC(=O)OC=N,2.419800043106079,train,877,True
CC1(C2(C=O)CO2)CN1,3.256099939346313,test,878,True
CCC(C)(O)C(=O)NC,2.5938000679016118,test,879,True
C1=NCc2nocc2O1,2.058799982070923,train,880,True
CC1(OCC=O)COC1,1.9697999954223635,test,881,True
Cc1nc[nH]c(=O)c1N,1.3438999652862549,test,882,True
CC1CC2CCC1C2=O,2.849299907684326,train,883,True
CC(C)(C)OC(C)(C)C,0.9315000176429749,train,884,True
CC1(C)CNC(=O)C1=O,5.65910005569458,test,885,True
CC1=CC(=O)C(=O)C1O,4.196800231933594,train,886,True
CCC1C2OC=NC12C,1.3545000553131104,train,-1,False
C#CC(CC=O)C(C)=O,3.7026000022888175,valid,887,True
CC12CC1C(CC=O)O2,3.83459997177124,train,888,True
N#CCC#CC1CCO1,2.840399980545044,train,889,True
CC(O)CC1CCC1,1.3299000263214111,train,890,True
O=C1C=C(CO)CC1=O,6.82889986038208,train,891,True
CCC12CCOCC1O2,1.3180999755859375,test,892,True
Cn1cc(N)cc1C#N,5.077600002288818,train,893,True
CCC(=O)c1ccco1,2.9895999431610107,train,894,True
CC1(C)OC2C=CC1C2,1.323699951171875,train,895,True
C#CC1C=CC2CC12C,0.7577999830245972,test,896,True
N#CC12CC1C1(CC1)C2,4.415900230407715,train,897,True
Nc1ccncc(=O)n1,5.425000190734863,train,898,True
CCC1N2CC1(O)C2C,1.521399974822998,train,-1,False
CC(C)C(C)(O)C1CC1,1.3942999839782717,train,899,True
CC12OC1C(=NO)C2O,1.9395999908447263,train,900,True
CC12C3CC1(O)C(=O)N32,3.2300000190734863,train,901,True
O=C1OCCC12CC2,4.314499855041504,train,902,True
CC12OC3=NCC1C32,3.900300025939941,train,-1,False
N=c1occn1CCO,2.9886999130249023,train,-1,False
Cc1nnn(C)c1C=O,1.5132999420166016,train,903,True
CN1C(CO)C1CCO,1.5061999559402466,train,904,True
CCNc1c[nH]c(C)c1,1.3758000135421753,train,905,True
CC(C)N1CC1CCO,0.8384000062942505,train,-1,False
N#CC12C(=O)N3CC1C32,4.945499897003174,train,906,True
CC12NC1C1OC12CO,3.2385001182556152,train,907,True
CC1C=CC(O)C2CN12,1.963000059127808,train,-1,False
N=C1CC2COC2CO1,1.6361000537872314,valid,-1,False
OC1C=C2C3C1C1C2N31,2.396399974822998,train,-1,False
Cn1c(O)ncnc1=N,3.162300109863281,valid,-1,False
Cc1cn(C)cc1C#N,6.513999938964844,train,908,True
Cc1coc(C2CC2)n1,1.1740000247955322,train,909,True
CC12CC3C(O1)C32O,0.9697999954223632,train,910,True
CC1CCCC12OC2C,1.7199000120162964,train,911,True
CCc1cn(C=O)cn1,3.0102999210357666,train,912,True
C#Cc1cc(=N)nno1,2.206899881362915,train,-1,False
N#CC12CC1N1CC2C1,3.5906999111175537,train,-1,False
CC1(CO)C(=O)C2NC21,4.118400096893311,train,913,True
OC12CC3C1C1CC2N13,1.1263999938964844,train,-1,False
Cc1cc(C(=N)N)on1,1.2280999422073364,train,914,True
CC1CC=CC1(C)O,1.2831000089645386,train,915,True
N#CC12CC1N1CCC12,4.398399829864502,train,-1,False
CCC(C(C)O)C(C)O,0.3634000122547149,train,916,True
CC12CC1C1(CO)CC21,1.6059000492095947,train,917,True
O=C1CC2C3CC3N12,3.652499914169312,train,918,True
O=CC12CC(N1)C21CN1,2.0246999263763428,train,919,True
OCC#CC1(CO)CN1,2.543600082397461,train,920,True
CC(CC1C[NH2+]1)C(=O)[O-],6.759300231933594,train,-1,False
CCC1(C)CC2C1N2C,1.0529999732971191,train,-1,False
CN1CC2(O)C3NC3C12,1.0889999866485596,test,-1,False
Cn1nncnc1=N,0.6144999861717224,train,-1,False
N=CN1C(=O)CCC1=O,2.680500030517578,test,921,True
CC1(CO)C2CCC1O2,1.3251999616622925,train,922,True
Nc1cc(O)n[nH]c1=O,2.069499969482422,train,923,True
OCC1N=COC12CC2,2.41540002822876,valid,-1,False
CN=c1occ(C#N)o1,4.103099822998047,train,-1,False
CCOC1=NCC2NC12,2.0566999912261963,train,-1,False
C#Cc1cc(=O)[nH]cn1,2.1412999629974365,train,924,True
CC1=NCC(=N)N1C=O,3.319000005722046,train,925,True
CC12CC(=NO)C1C2,1.483199954032898,train,926,True
C#CC#CCC(C)C#C,0.499099999666214,train,927,True
C#CC(CC)C(C)C#N,4.167600154876709,train,928,True
C1=Cn2cncc2CC1,3.613300085067749,train,929,True
C#CC1(C)CCCC1C,0.7056999802589417,train,930,True
COC(C)C(C#N)C=O,4.490300178527832,train,931,True
N#Cc1nc(=O)cno1,2.7869999408721924,valid,932,True
C#CC12C3CC4C3N1C42,2.111999988555908,train,933,True
CC1CN1C(=O)CO,4.107900142669678,train,934,True
CCc1cnc(NC)o1,1.8937000036239624,train,935,True
C1=CC2C3CC=C(C1)C23,0.2707999944686889,train,936,True
C#CC(O)(C#N)CCO,3.689300060272217,train,937,True
CCOc1ncc(C)[nH]1,2.311300039291382,train,938,True
CNC(C#N)C1NC1C,2.772599935531616,train,939,True
COC1C(OC)C1(C)O,0.2386000007390976,train,940,True
CC(O)CCOC(C)C,0.4702999889850616,train,941,True
N#CC1N=C2NC3C2C13,6.662899971008301,train,-1,False
C#Cc1nnn(C)c1C,5.070499897003174,train,942,True
OCC#CC12CN(C1)C2,2.8984999656677246,test,943,True
CC1OCCCC1CO,2.007499933242798,train,944,True
O=C1C2C3OC4C1N2C34,3.1077001094818115,test,-1,False
C#CC1OC(=O)C2NC12,5.065499782562256,train,945,True
C#CC(O)CCCCO,0.3621000051498413,train,946,True
Nc1cc(O)n(C=O)c1,4.470600128173828,train,947,True
CC(CC(N)=O)OC=N,3.55649995803833,test,948,True
CCCc1ncc[nH]1,3.390899896621704,train,949,True
CC1C(CC#N)C2CC12,4.116700172424316,train,950,True
OC1COC12CC2O,1.4180999994277954,train,951,True
Cn1nnc2c[nH]cc21,5.209700107574463,train,952,True
O=C1OC2C=CC1O2,3.6401000022888175,train,953,True
CC1C2CC(=O)C(=O)C12,4.979300022125244,train,954,True
CC(O)C1C2C3OC2C31,2.6695001125335693,train,-1,False
C#CC12OC3CCC1C32,1.9914000034332275,train,955,True
O=C1OC(CO)C1O,2.25440001487732,train,956,True
NC(=[NH2+])c1cc(=O)[nH][cH-]1,9.819000244140623,train,-1,False
ON=C1CCC1,0.8762999773025513,valid,957,True
CCNCC(O)C#N,5.805799961090088,train,958,True
N#CC1CC2CC=CC12,4.297599792480469,test,959,True
CC1OC12CCC2(C)C,1.6663000583648682,train,960,True
OCC1CC=CC=CC1,1.8630000352859497,train,961,True
OC1CC2C3OC1C23O,2.131799936294556,train,962,True
CC(=O)CCC=O,3.4012999534606934,train,963,True
CC1C=CCC1C1CC1,0.1351999938488006,train,964,True
CC12CC3CC3(O)C1O2,1.568600058555603,train,965,True
CC1NC(=O)C2OCC12,5.226799964904785,train,966,True
N#CCc1cc(N)co1,4.135499954223633,train,967,True
CC1=C(CO)CCC1,1.4342000484466553,train,968,True
OCCC12COCC1N2,1.4644999504089355,valid,969,True
C#CC#Cc1cnno1,4.098700046539307,train,970,True
COCC(O)CNC=O,4.090400218963623,valid,971,True
CCC1C=CC(=NC)O1,3.443700075149536,train,-1,False
Cc1occc1N,1.590399980545044,train,972,True
CC(C)C1(C=O)CC1C,3.029400110244751,train,973,True
CC1CCC12CN1CC12,1.756500005722046,train,-1,False
COC1CC1(C#N)C#N,4.4704999923706055,test,974,True
O=CC(O)C(C=O)CO,1.9214999675750728,train,975,True
CC1OC1C(O)CO,1.3631000518798828,train,976,True
C#CC(C#N)CCOC,3.1689000129699707,train,977,True
CC(O)C1(C)COCO1,2.036799907684326,train,978,True
O=CC#CC1NCC1O,4.562699794769287,train,979,True
OC1C2C3N2C2C1C32O,1.8729000091552732,train,-1,False
CC(=O)C1CC2(C)CC12,2.7239999771118164,test,980,True
CN=c1nccc(F)o1,3.0452001094818115,train,-1,False
N#CC12CNC1C2,3.40120005607605,train,981,True
O=C[CH-]C(=O)C1CC[NH2+]1,7.155300140380859,train,-1,False
CC1CC(C)(C=O)C1,2.8647000789642334,train,982,True
CCC1C2CC1(C=O)O2,2.3203999996185303,train,-1,False
CC1(C=O)COCOC1,2.911900043487549,train,983,True
CC1(C=O)CC2CN21,2.752700090408325,valid,-1,False
CC(C)C(O)C#CC=O,3.006500005722046,train,984,True
O=C1C=CNC2CC2C1,5.478799819946289,train,985,True
Cc1onc2c1CC=C2,3.842900037765503,train,986,True
OC12COC34CN(C13)C24,0.566100001335144,test,987,True
C#CC(C=O)C(C)OC,3.6117000579833984,train,988,True
CCN(C)C(C)C#N,4.102499961853027,train,-1,False
CN1C=C2COC2C1=O,3.978800058364868,test,-1,False
CN=C1C(=O)CCN1C,3.352400064468384,train,989,True
CC12CC1C1C(O)C12C,1.3167999982833862,train,990,True
c1noc2onnc12,4.299499988555908,train,-1,False
C1OCC2=C1C1CC2O1,1.777400016784668,train,991,True
NC1=NCC23CCC12O3,2.161600112915039,train,-1,False
CC12COCC1N1CC12,1.565999984741211,train,-1,False
COC12CC1C=CC2C,1.0436999797821045,train,992,True
CC1(C#N)CC2OC21C,2.412400007247925,train,993,True
C#CC#CC(O)CCO,0.7318999767303467,test,994,True
N#CC#CCC1CO1,6.013800144195557,train,995,True
C#CC(C)c1ncco1,1.108199954032898,train,996,True
CCOC12CNC1C2O,1.86080002784729,train,997,True
OC12C3CCC1C2C3,1.3291000127792358,test,998,True
CC1CC2=CC(=O)CC21,4.240699768066406,train,999,True
CC1(O)CC(=NO)C1,1.719599962234497,train,1000,True
CN(C=O)c1cnno1,1.434499979019165,train,1001,True
CC(=O)C(C)CC(C)C,2.5132999420166016,train,1002,True
O=COC(CO)CCO,2.0708000659942627,train,1003,True
CC1(C)OC(=N)C1N,1.8085999488830569,train,-1,False
CCC1(CC(C)=O)CO1,2.294600009918213,train,1004,True
CN=C(NC=O)C(N)=O,2.10290002822876,train,1005,True
CC#Cc1cc[nH]c1,2.0201001167297363,train,1006,True
CCC(C)(C#N)CC#N,5.909599781036377,train,1007,True
CC1=NC(C)C2CC2O1,1.535599946975708,valid,1008,True
OCC1(C2COC2)CO1,1.822399973869324,train,1009,True
CC(=O)CCC1CC1C,2.503999948501587,train,1010,True
C#CC1CC=CN1C=O,3.740799903869629,train,1011,True
CCC1(C)C(=O)C2NC21,3.529900074005127,train,1012,True
CCN1C2C3CC(O3)C21,2.652600049972534,train,-1,False
C1C2CN3C1C23,1.7558000087738037,train,-1,False
O=CC1=CC(=O)C2OC12,1.549100041389465,train,1013,True
N#Cc1ocnc1C=O,3.0425000190734863,train,1014,True
CN(C=O)C(C#N)CN,4.0055999755859375,train,1015,True
N#CC(N)C1(N)COC1,3.671200037002564,valid,1016,True
NC(=O)CC(O)CO,3.902299880981445,valid,1017,True
Cc1c[nH]c2onnc12,4.263800144195557,valid,-1,False
C#CC1(O)CNC1C#N,4.586599826812744,train,1018,True
C1CC2CC23CC(C3)O1,1.0640000104904177,train,1019,True
CC(=O)C1(C)CNC1=O,2.5155999660491943,train,1020,True
COC12COC(=N)C1C2,3.8036000728607178,train,-1,False
CC(=O)CC(=O)C1CC1,3.5887999534606934,train,1021,True
CC1C2C(=O)C3(CN3)C12,4.581500053405762,train,1022,True
O=CCCOC1CCC1,2.847399950027466,test,1023,True
CC12CCC(O)CN1C2,2.3241000175476074,valid,-1,False
N=C(N)NC(=O)C(N)=O,3.5185000896453857,train,1024,True
CC12OC1(C)C1OCC12,1.4680999517440796,train,1025,True
N=C(N)c1nc(N)co1,4.267000198364258,test,1026,True
C#CC(OC)C1CCC1,1.4306999444961548,train,1027,True
C#CC1CC2(O)CN1C2,2.004499912261963,train,-1,False
C#CCC1N=CNC1=O,2.8231000900268555,train,1028,True
COC(=O)C(O)CC=O,3.609299898147583,test,1029,True
CCCC1CN1C(C)=O,3.1054000854492188,train,1030,True
CC12CC3OC(C1)C3C2,1.760800004005432,train,1031,True
CN1CC2C(O)C(=O)C21,3.553800106048584,train,-1,False
N=C1CC2NC2C(=O)O1,4.160799980163574,train,1032,True
N#CC1(C=O)OC1C=O,0.7009999752044678,train,1033,True
N#CCOCC(=O)C#N,3.9839000701904297,train,1034,True
CC(=O)COC(C)C,2.9605000019073486,train,1035,True
N#Cc1ccoc(=O)n1,5.303100109100342,train,1036,True
O=CC1OCC2OCC12,3.503900051116944,valid,1037,True
OCCc1ocnc1O,1.5184999704360962,valid,1038,True
COC(C)C1(O)CC1C,1.5273000001907349,test,1039,True
N#CC#CC1(O)CC1O,4.6875,train,1040,True
CC#CC12OC1CC2=O,2.9286000728607178,train,1041,True
COCC(C)COC,1.928500056266785,train,1042,True
CC1C2C3OC3C12CO,1.7230000495910645,train,1043,True
CC(C=O)NC1COC1,1.0471999645233154,train,1044,True
N#CC1=CC(=NO)CN1,3.290699958801269,train,1045,True
CN1CCOC2CC21,1.42739999294281,valid,1046,True
C#CC1C2OCC12C#C,1.1567000150680542,train,1047,True
C#CCN1C(C)C1C=O,1.8675999641418457,test,1048,True
CC(C(N)=O)C1CN1C,3.921099901199341,train,1049,True
N=COc1ncc(N)o1,1.919399976730347,train,-1,False
COC1C(C)=CCC1O,1.9543999433517456,valid,1050,True
CC(C)C1(O)CC(=O)C1,1.5967999696731567,train,1051,True
CCC1C2C=CCCC21,0.2822999954223633,train,1052,True
CN1CC2(C)NC2C1=O,4.285900115966797,train,1053,True
CN1CC(C#N)C2CC21,4.298399925231934,train,-1,False
C1CCC2C3OC(C1)C23,1.4945000410079956,train,1054,True
COCC1(C)C=CCC1,1.0586999654769895,train,1055,True
CC(CNC(N)=O)=NO,3.2311999797821045,valid,1056,True
N#CCCC1(C#N)CN1,4.095300197601318,train,1057,True
CC1CCOCC1,1.3186999559402466,train,1058,True
CC(O)C12C=CCC1N2,2.38479995727539,train,1059,True
COC1(C)COCC1=O,1.1359000205993652,valid,1060,True
COC(C)=NC1CCC1,0.7138000130653381,test,1061,True
COC1C2CCC21C,1.014299988746643,train,1062,True
CN(C)C(CO)CC#N,5.719699859619141,train,1063,True
CC(=N)N(C=O)C(C)=O,1.2111999988555908,train,1064,True
N#CC1OC2C(=O)OC12,1.51610004901886,train,1065,True
NC(=O)n1ccc(N)c1,2.502500057220459,test,1066,True
CC1OC(C=O)C1(C)O,2.090100049972534,train,1067,True
OC1C2CN=C3NC1C32,3.5964999198913574,train,1068,True
CCc1cc[nH]c1C=O,2.7648000717163086,train,1069,True
CN(C)C12COC1C2,2.087899923324585,valid,-1,False
CC([NH3+])CCC(=O)[O-],6.922699928283691,valid,-1,False
OC1CN2CCOCC12,1.983399987220764,train,-1,False
CC1C=CC2COC2C1,1.698699951171875,train,1070,True
CC1Cc2[nH]cnc2N1,3.599400043487549,valid,1071,True
N#CC1(C=O)CCOC1,2.996799945831299,train,1072,True
OCC1C(CO)C2CC12,2.1821999549865723,test,1073,True
CC(O)C1(C)C2CC1O2,1.694700002670288,train,-1,False
OCC1C2CCC1OC2,2.896899938583374,valid,1074,True
C#CC(=O)C(C#C)OC,1.9132000207901,train,1075,True
C1COC(CC2CN2)=N1,1.572100043296814,train,1076,True
CC1(CC2(C)CO2)CO1,2.1198999881744385,train,1077,True
CC(=O)CCCC(C)C,2.4814000129699707,valid,1078,True
CC(C)CCC1CO1,1.684000015258789,train,1079,True
CC1OCC1C(O)CO,2.237600088119507,train,1080,True
C1CC2CC12,0.252700001001358,train,1081,True
COC1C2CC1C(=N)O2,3.3605000972747803,valid,-1,False
CC1C2C3C(C#N)C2N13,5.4456000328063965,train,-1,False
C#CCC1(O)COC1,2.0246999263763428,train,1082,True
CC1(NC=O)C2CC1C2,3.446700096130371,train,1083,True
CC1OCC12CCOC2,1.7024999856948853,train,1084,True
CN1C2CCC1(C=O)C2,2.1949000358581543,train,1085,True
N#CC1OCC1N,3.3922998905181885,train,1086,True
Nc1ccnc(CO)n1,5.458199977874756,train,1087,True
NC1=CC(=O)C2(O)CC12,5.751599788665772,test,1088,True
COC(C)C(C=O)OC,1.9664000272750852,train,1089,True
CC#Cc1nc(O)co1,1.7086999416351318,train,1090,True
CCOC(=O)CN1CC1,2.1096999645233154,train,1091,True
COC1C=CCCC1O,2.225800037384033,train,1092,True
C#CC12CC(=O)C1(C)C2,2.658900022506714,train,1093,True
C#CCC1(C)CC1C=O,2.8266000747680664,train,1094,True
CC(=O)OC1C2CC1O2,2.8982999324798584,test,-1,False
O=C1NCC2OC1C2O,3.45989990234375,train,1095,True
Nc1nc(O)cc(F)n1,2.7671000957489014,valid,1096,True
CN1CC12CCC2CO,1.2226999998092651,train,-1,False
OC1C2(O)CC2C12CO2,2.8189001083374023,train,1097,True
CCC12COC1(C)C2C,1.8358999490737915,train,1098,True
O=c1[nH]ncn1C1CC1,2.8011999130249023,train,1099,True
C1=CC(C2CO2)OCC1,1.6039999723434448,train,1100,True
C1CC2CCC1C21CC1,0.0217000003904104,train,1101,True
O=Cc1ccoc1,3.0141000747680664,train,1102,True
N#CC1(N)C(O)C1CO,2.854099988937378,valid,1103,True
CCC1(C(N)=O)OC1C,2.315200090408325,test,1104,True
C#CC1N2C3CC3C12C,1.5103000402450562,valid,-1,False
COC1C2C(=O)C(O)C12,2.937999963760376,train,1105,True
C#CC1C(O)C2C(C)C12,1.623900055885315,train,1106,True
OCC1CC2(C1)CC2O,0.8543999791145325,train,1107,True
COC1=NC(C)C2CN12,1.1704000234603882,train,1108,True
C1CC1C12CC1CO2,1.51010000705719,train,1109,True
CCC1OC12CC1CC12,1.5932999849319458,train,1110,True
CC1NC(C=O)C2OC12,3.711899995803833,train,1111,True
CC1COC(=O)C(C)N1,3.9142000675201416,train,1112,True
CC(=O)[C-]1C[NH2+]CC1=O,9.28159999847412,train,1113,True
CC1=CCC(C=O)C1,3.0313000679016118,test,1114,True
COc1c[nH]nc1OC,2.5906999111175537,train,1115,True
COc1cocc1CO,2.088599920272827,train,1116,True
CC1C(O)C2(O)CN1C2,2.576900005340576,train,-1,False
CC12OC1C(CO)C2O,2.2225000858306885,train,1117,True
CC12OCC3C1CC32O,2.4962000846862797,train,1118,True
C1=NC2CCCC2CO1,2.229399919509888,train,-1,False
O=CC1CC1CC1CC1,3.425299882888794,train,1119,True
C#CC1CCC(=O)O1,4.198400020599365,train,1120,True
CC1(C#N)CN1C1CC1,4.75570011138916,train,-1,False
CC12C3CN1C(=O)C32O,4.366799831390381,train,1121,True
N#CC1CC2(O)COC12,3.184400081634521,train,1122,True
Cc1c(N)cccc1F,2.434900045394897,test,1123,True
COC1(CCC#N)CC1,4.133200168609619,train,1124,True
COC1C=CCC2NC21,1.9651000499725344,valid,1125,True
N#CC1(C(N)=O)CN1,2.6196000576019287,train,1126,True
C[NH2+]C1CC1C(=O)[O-],6.285799980163574,train,-1,False
CC1CC2(CO)CC1C2,1.3387000560760498,train,1127,True
C#CCC1OCC1OC,2.907000064849853,train,1128,True
OCC1C(O)C(O)C1O,4.280799865722656,train,1129,True
CC1C=CC2CC1C2,0.2036000043153762,train,1130,True
CC1OC(=N)C(C)C1O,3.679699897766113,train,-1,False
CC1C=CC2OCC12,2.020400047302246,train,1131,True
CCC1C2CC(C=O)C12,2.5439000129699707,train,1132,True
O=CC1C2CC1(C=O)N2,2.307300090789795,train,1133,True
CC1CC2OC2C(C)O1,2.2272000312805176,train,1134,True
CN(C=O)c1cnoc1,1.8559000492095947,train,1135,True
CC12CCC1(O)COC2,1.3430999517440796,valid,1136,True
CCC1C2OC1C21CC1,1.7764999866485596,train,-1,False
CCc1noncc1=N,2.042399883270264,valid,-1,False
CC12CCOCC1N2,0.7753999829292297,train,1137,True
OC1CC=CCCC1,1.1328999996185305,train,1138,True
CC(O)CC1C2CC1C2,1.3885999917984009,train,1139,True
CC(C)(C)C1OCC1O,2.479599952697754,valid,1140,True
OC12CCCC(C1)C2,1.4682999849319458,valid,1141,True
N#CCCC(O)CO,4.424600124359131,valid,1142,True
CC1(O)COCOC1=O,3.2795000076293945,valid,1143,True
CC1OC2C1CC1NC12,2.659199953079224,valid,1144,True
CC1N2CC1(O)C2C=O,3.8935000896453857,train,-1,False
Cc1nccnc1C=O,2.3554000854492188,train,1145,True
Oc1cccnc1O,0.3330000042915344,train,1146,True
O=C1CC(O)C=CC1O,4.888400077819824,valid,1147,True
Cc1ccc(=O)[nH]c1C,4.751800060272217,train,1148,True
OC1C2C3C4CC4C2C13,1.6742000579833984,train,1149,True
OC1C2(O)CCC12O,0.4287999868392944,train,1150,True
CC#Cc1cc[nH]c1O,1.024399995803833,train,1151,True
O=C(CCO)N1CC1,1.782099962234497,train,1152,True
CCn1nc(N)cc1O,2.291199922561645,train,1153,True
C#CC1C2CC(C)(C)C12,0.8079000115394592,train,1154,True
C#CC12CCC1(O)C2O,1.8782000541687007,train,1155,True
CC1(C)CN1C(=N)C#N,3.2430999279022217,valid,1156,True
Cc1cc2ocnc2[nH]1,2.1593000888824463,train,1157,True
O=C1C=Cn2nncc21,2.670799970626831,train,-1,False
COC1(C)CC1C(C)C,1.1140999794006348,train,1158,True
CC1CCCCOC1,1.2330000400543213,train,1159,True
O=C1CC(CO)C12CO2,4.181700229644775,train,1160,True
CC(=O)C1(O)CCCC1,1.946400046348572,test,1161,True
NC1COc2cnoc21,2.096299886703491,train,1162,True
C#CC(C#CC)C1CO1,1.5844999551773071,train,1163,True
COC1(C)CC=CC1=O,2.547300100326538,train,1164,True
Cc1ccn2c1C1CC12,1.5871000289916992,train,1165,True
c1nc(CN2CC2)co1,1.1894999742507937,train,1166,True
CC1C(C)C1C1CN1C,1.3240000009536743,train,-1,False
CC(=NO)C1CC1O,1.9277000427246092,train,1167,True
C#CC1(C#C)CN2CC21,1.0729999542236328,train,1168,True
O=COCc1cnn[nH]1,5.273200035095215,train,1169,True
CC1CNC(=O)NC1C,4.184199810028076,train,1170,True
CC(C)C1(O)C2CC1C2,1.360200047492981,train,1171,True
CC12CC3(C)C(C1=O)N23,3.100300073623657,train,-1,False
O=CCC1CC(CO)O1,2.7876999378204346,train,1172,True
CC(=O)C(CO)C(C)C,1.7174999713897705,train,1173,True
CC(O)C1CCC1=NO,1.2473000288009644,train,1174,True
C#CC#CC(N)C#N,4.370200157165527,train,1175,True
C1CC(OC2CC2)C1,0.98089998960495,train,1176,True
N#CC1OCCOC1=N,4.062300205230713,train,-1,False
C1C2C3OC2C2C3N12,1.1728999614715576,train,1177,True
CC(C)C1CC12COC2,1.9778000116348269,train,1178,True
C1=CC23CCC2C2C1C23,0.3993000090122223,train,1179,True
O=C1OCOC2COC12,4.834700107574463,train,1180,True
CC12CC(O1)C2CC=O,2.924099922180176,train,-1,False
CN1CC2CC21CC#N,4.014800071716309,train,-1,False
CC1(C)CC2CC(=O)N21,3.532700061798096,train,1181,True
CC1COC=NC1(C)C,1.9287999868392944,valid,1182,True
C#CC(C#N)OCC#N,3.926100015640259,train,1183,True
OC(CC1CO1)C1CO1,2.845200061798096,train,1184,True
Nc1c(CO)coc1O,1.8592000007629397,train,1185,True
CN1C=CC=CNC1=O,1.932800054550171,train,1186,True
OCC1(O)CC=CC1,2.2532999515533447,valid,1187,True
C#CC(C=O)CC=O,2.9900999069213867,train,1188,True
O1C2OC3C1C1OC3C21,0.899399995803833,valid,1189,True
CC1(N2CC2)CNC1=O,2.569299936294556,train,-1,False
Cc1cc(=O)c(C)no1,2.658699989318848,train,1190,True
COC12CCC1C1OC12,1.0772000551223757,train,1191,True
CC1COC2C(C)C2C1,1.2964999675750732,train,1192,True
CC#CC(C)CC(N)=O,3.4892001152038574,train,1193,True
Cc1n[nH]nc1CC=O,2.030900001525879,train,1194,True
COCc1cnoc1N,4.3277997970581055,train,1195,True
N#CC12CC(C1N)C2O,4.405600070953369,train,1196,True
CC(=O)NCCOC=O,2.723900079727173,train,1197,True
O=CCCOC1CC1,2.75979995727539,train,1198,True
CC1OCCC(C#N)O1,2.71589994430542,train,1199,True
CC#CC12CC3OC1C32,1.8108999729156492,train,1200,True
CC1CNC(=O)C(=O)C1,6.142399787902832,train,1201,True
CNC(=O)NCC=O,4.510000228881836,train,1202,True
c1ncn2cncc2n1,2.2818000316619877,train,1203,True
CC1CC2(C1)CC2C=O,3.6064999103546143,train,1204,True
N=c1cc2n(cn1)CC2,6.715700149536133,train,-1,False
N=C1OCOCC2CN12,2.927900075912476,test,1205,True
O=C1COCC(=O)N1,1.7613999843597412,train,1206,True
C1CC12C1C3C4C1N4C32,1.791200041770935,train,-1,False
Cc1c(N)nn(C)c1C,1.9742000102996824,train,1207,True
C1OC1C12C3CN1CC32,2.45989990234375,train,-1,False
CC(C)(C)C(O)CC=O,3.281500101089477,train,1208,True
C#CC1C2C(=O)CN12,1.9264999628067017,valid,-1,False
CCC1CC(C)CC1O,1.29639995098114,train,1209,True
Cc1nc(=N)occ1F,3.624300003051758,train,-1,False
CC1COC(C)(CO)O1,2.5852999687194824,train,1210,True
CC12NC1C1(CN1)C2O,3.928900003433228,train,1211,True
COCC(=N)OC(C)C,2.407500028610229,train,1212,True
CC12CCC1(CC#N)N2,4.967899799346924,train,1213,True
C#CC1=C(C=O)CCC1,3.3506999015808105,train,1214,True
N#CC1NC2CCC12,4.680699825286865,train,1215,True
CC1=CC(C)C(O)C1O,2.478699922561645,train,1216,True
NC(=O)Oc1conn1,4.650000095367432,train,1217,True
O=C1C(=O)C2C=CC1N2,3.620699882507324,train,1218,True
O=CC1(O)C2CC1C2=O,1.4687000513076782,train,1219,True
c1cc(C2CN2)ncn1,2.768699884414673,train,1220,True
C1CCCC2(CC1)CC2,0.1552000045776367,train,1221,True
Cc1coc(C(N)=O)c1,3.469399929046631,valid,1222,True
OCCC1CC2CC12,1.4642000198364258,train,1223,True
COc1noc(C#N)n1,4.037799835205078,train,1224,True
N#CCC1CO1,4.809100151062012,test,1225,True
O=C1[CH-]C(=O)C2CC1[NH2+]2,8.295299530029297,train,1226,True
O=C1NC2CC1C21CC1,3.7825000286102295,train,1227,True
CC1C2CC3(C)C2N13,1.4788999557495115,train,-1,False
CC1C2OC3C(=N)N1C32,2.6022000312805176,train,-1,False
C#CC(CC#N)N(C)C,4.214900016784668,train,1228,True
CC(O)C1OCC1=O,1.5307999849319458,train,1229,True
COC(C)C(C)N1CC1,0.4708000123500824,train,-1,False
CC1(O)C2C3CN3C21C,2.455399990081787,train,-1,False
CCC1(CC)CN=CO1,1.929800033569336,train,1230,True
OCC(O)CC1CCC1,2.3315000534057617,train,1231,True
CCCCC(C)C=O,2.830300092697144,test,1232,True
CC1=CC(C)(C=O)CC1,2.5546000003814697,train,1233,True
CCN1C=NCC1=O,2.721400022506714,train,1234,True
O=C1OC2C3CC=C1C32,4.455900192260742,train,1235,True
O=CCC1CNC(=O)O1,4.497600078582764,train,1236,True
N#CC1(OCCO)CC1,2.586899995803833,valid,1237,True
CN1CC(=NO)C12CC2,0.9419999718666076,train,1238,True
CCC1(OC)CC1C=O,2.7086000442504883,train,1239,True
N=C1OC2(CC2)CC1O,2.7249999046325684,train,-1,False
CC1(O)C2C3CC1(C)N32,1.5246000289916992,train,-1,False
CC12CC3(CCCC13)O2,1.968400001525879,train,-1,False
CCC12CC(O1)C2(C)C,1.7109999656677246,train,-1,False
C1C2C3NC3C3(CN3)C12,2.9179999828338623,train,1240,True
OCC1(O)CC(O)C1O,2.482100009918213,train,1241,True
CCn1cc(OC)cn1,1.034999966621399,train,1242,True
c1nc2ccocc-2n1,3.831599950790405,train,-1,False
N#CC(C=O)OC=N,4.196100234985352,train,1243,True
CNc1cncc(C)c1,3.4093000888824463,train,1244,True
COC(=O)N(C)CC=O,3.42930006980896,train,1245,True
CC1(O)C(N)C1C#N,2.438100099563598,train,1246,True
O=C1C2CCC1C(O)C2,2.908799886703491,train,1247,True
CC12CCC3C(=O)C1N32,3.1029999256134038,train,-1,False
c1nc2n(n1)CCCC2,3.763499975204468,train,1248,True
CC1=CC2(O)C3CC2C13,1.5132999420166016,train,1249,True
CC12CC3C1CC32C,0.273499995470047,train,1250,True
CCC(O)(C#N)C1CO1,1.9139000177383425,train,1251,True
O=C(CO)CC1CN1,3.437099933624268,valid,1252,True
N#CCC1OC1CC=O,3.0297999382019043,train,1253,True
C1C2C1C1C3C2C2C1N32,1.996399998664856,train,-1,False
CC(=O)n1cc(C)cn1,1.9355000257492063,valid,1254,True
CCC1C=CCOCC1,1.3259999752044678,valid,1255,True
OCC12C3CC1C1C3N12,2.244999885559082,train,-1,False
Nc1cc(F)c(=O)on1,6.039400100708008,train,1256,True
Nc1cc(O)nn1C=O,4.774400234222412,test,1257,True
C#CC(=O)NCCOC,3.877099990844727,train,1258,True
OCC#CC1CO1,1.4234000444412231,train,1259,True
CCc1[nH]ncc1NC,2.762700080871582,test,1260,True
C#CC1CC1(C#N)CO,2.849900007247925,train,1261,True
C#Cc1ccc(=N)oc1,2.416800022125244,train,-1,False
CC(C#N)CC1CO1,4.077099800109863,train,1262,True
O=C1CC2C3C2N2C1C32,3.532900094985962,train,-1,False
C#CC1C2C(C)C(=O)N12,3.658699989318848,train,1263,True
c1cc2n(n1)C1CC1O2,2.5922000408172607,train,1264,True
COC=NC(C)COC,2.445199966430664,train,1265,True
CC1(C#N)OC2CNC21,4.626399993896484,train,1266,True
CCC1N=C(C)NC1=N,3.727099895477295,test,-1,False
CC1C(O)C2C3OC1C32,2.382499933242798,train,1267,True
C#CC(C)(C)C#CC=O,3.3554999828338623,test,1268,True
C1C2CC3(COC13)C2,1.826200008392334,train,1269,True
OCc1ncccc1O,1.0170999765396118,train,1270,True
CC1=CCCCC(C)=C1,0.6243000030517578,train,1271,True
N=C1OCCC1C1CO1,2.031899929046631,train,-1,False
CN=c1cnccnc1,1.3640999794006348,train,1272,True
CN(C)C(=O)C(N)=O,0.7723000049591064,train,1273,True
CC12CC3(C)C1CC23,0.0608000010251998,valid,1274,True
CC1C2CC2(C)C1(C)C,0.2605000138282776,train,1275,True
CC12C3CCN1CC32O,2.085400104522705,train,-1,False
O=CC1(C=O)CO1,2.400599956512451,train,1276,True
CC12CC(O)(C1)C21CO1,2.5487000942230225,train,1277,True
CC1CC12C=CC1CC12,0.3039999902248382,train,1278,True
CN=C1OC2(C)CCC12,2.4691998958587646,valid,-1,False
OCC1CCC2CN2C1,1.838000059127808,train,-1,False
C#CC1(C)CC(C#N)C1,4.062600135803223,train,1279,True
O=CCC#CC(=O)C=O,1.408400058746338,train,1280,True
OC1CC1C(O)C1CO1,3.147599935531616,train,1281,True
CC1(C#N)CC1(O)C#N,6.253300189971924,valid,1282,True
C#CCC12C3CC1C2O3,1.9263999462127688,train,1283,True
O=C1CC2CC(=O)C1O2,3.717299938201904,train,1284,True
CC1C2CC1(C=O)C2=O,3.74810004234314,train,1285,True
C1=CCOC=NCCC1,2.024199962615967,train,1286,True
NC1CC1[NH2+]CC(=O)[O-],4.027699947357178,train,-1,False
O=CC1(N2CC2)CCC1,1.8071999549865725,train,1287,True
CC12COCC1CC2O,2.3004000186920166,train,1288,True
CC(C#N)C(C)CC=O,3.722100019454956,train,1289,True
CCCC1C=CCC1C,0.1151999980211258,train,1290,True
O=CCC12CC(O1)C2=O,4.279099941253662,train,1291,True
N#CCC#CC(=O)C=O,3.141900062561035,test,1292,True
O=C(C1CC1)N1CCC1,3.72379994392395,train,1293,True
N=C1OCC2COC1O2,3.918299913406372,train,-1,False
CC1C=Cc2oncc21,3.873500108718872,train,1294,True
CC1OCC12CC1CC12,1.8804999589920044,train,1295,True
C#CCC1OCC1(C)C,2.3162999153137207,train,1296,True
CC1OC(=N)CC1O,2.69379997253418,train,1297,True
C1=CC2CCC3C1CC23,0.2090000063180923,train,1298,True
C1=CC2N=COC2CC1,2.0892999172210693,train,-1,False
C#CCOC(C#C)CC,1.0398999452590942,train,1299,True
C1=NCc2[nH]cnc2N1,2.1717000007629395,test,1300,True
CC1(CCO)CCO1,2.225800037384033,train,1301,True
CC12CC3C(N=CO1)C32,2.285399913787842,train,1302,True
C#Cc1cnc(C)n1C,3.4031999111175537,train,1303,True
Cn1nnn2ncnc12,3.743200063705444,test,-1,False
CCC1(C)C=CC(=O)C1,3.714099884033203,train,1304,True
CC(O)CC1OC1C=O,2.1747000217437744,train,1305,True
Cc1cc(O)nc(F)c1,2.017800092697144,train,1306,True
C1CC2(C1)C1CC3C1C32,0.2896000146865845,train,1307,True
C#CC12C=CC(O)(C1)C2,1.396299958229065,train,1308,True
CC12CCC1(CO)CC2,1.4013999700546265,valid,1309,True
COC1C(C)C1OC=O,4.905200004577637,train,1310,True
COCC1NC1C,1.4088000059127808,train,1311,True
CC1CCC(=O)C1C=O,4.553899765014648,train,1312,True
COC1OC(=N)NC1=N,0.8021000027656555,train,1313,True
CC#CC12COC1C2O,1.8042999505996704,train,1314,True
CCC1(C=O)C=CCC1,2.4614999294281006,train,1315,True
CC1C=CC=CC(=N)O1,3.809499979019165,train,-1,False
O=c1ccnn[nH]1,1.0952999591827393,train,1316,True
C#CC1CC1CC(C)=O,1.8154000043869016,train,1317,True
OCC1CC12C=CCO2,2.4756999015808105,train,1318,True
CC(N)(C#N)C1CC1,4.529699802398682,train,1319,True
OC12CC1C1CC2CO1,1.511299967765808,train,1320,True
Nc1cc2n(n1)CC=C2,1.9744999408721924,test,1321,True
N=c1[nH]nc(F)c(=N)[nH]1,2.2864999771118164,test,1322,True
Cc1cc(C(N)=O)on1,0.864799976348877,train,1323,True
CC12CC3C(C1)C3C2,0.0087000001221895,valid,1324,True
O=CC12NC1C=CC2O,2.379499912261963,train,1325,True
O=C1COCC2CN2C1,3.680200099945069,train,1326,True
O=c1[nH]nn[nH]1,0.3206999897956848,train,1327,True
C1OC1C1C2CCC1O2,2.047300100326538,train,1328,True
CCC(CO)C1CCO1,3.4212000370025635,train,1329,True
C#CC(CC)OC(N)=O,2.315200090408325,train,1330,True
CC1OCC1C#CCO,1.9366999864578247,train,1331,True
Nc1ncn2c1OCC2,4.0756001472473145,train,1332,True
COc1c(C)c[nH]c1N,1.1055999994277954,train,1333,True
Nc1nnc2[nH]ccn12,5.313799858093262,train,-1,False
COCCC1(O)CC1C,1.7452000379562378,train,1334,True
COc1cccnc1,1.794399976730347,test,1335,True
CC(C)n1nccc1N,2.981300115585327,train,1336,True
CC12CN1C1CC2C1,1.440000057220459,train,1337,True
COCc1[nH]nnc1O,4.092100143432617,valid,1338,True
C1=CC2OCC23NC3C1,2.1013998985290527,train,1339,True
CCC1CC1C(O)C#N,3.842400074005127,train,1340,True
C#CC1CCC2C(O)C12,1.2237999439239502,test,1341,True
CC1=CC2CCN2C1=O,3.875900030136109,train,1342,True
CC1(O)CC2COC2C1,0.3379000127315521,train,1343,True
C1CC23NC2CCC3O1,0.4571999907493591,train,1344,True
C1=CC23CC=CC2(C1)O3,1.860700011253357,train,1345,True
Oc1nnn2c1OCC2,3.9209001064300537,train,1346,True
CC1CC2COC12C#N,4.530700206756592,train,1347,True
CC(C)N=C1OC2CC12,2.145400047302246,train,-1,False
N#CC1CN(C=O)C=N1,3.912400007247925,test,-1,False
CCC1C2C=CCC21C,0.2309000045061111,train,1348,True
CC1(C)C(O)C2CC21,1.309999942779541,train,1349,True
C1=CC2C3CCC1CC23,0.3499999940395355,test,1350,True
CC1CCCC2OC2C1,2.041100025177002,train,1351,True
N=C1NC2C1OC21CC1,3.869699954986572,valid,-1,False
O=CC12CCC3C1CN32,2.470200061798096,valid,-1,False
O=C1NC23CC(C2)C13,3.422300100326538,valid,1352,True
CC1C(N)C2(C#N)CN12,5.776400089263916,train,-1,False
CCCN1CC1C1CN1,0.682699978351593,train,-1,False
CC1C2CC1C2CC#N,4.170400142669678,train,1353,True
CCC1CCC(C=O)O1,3.021899938583374,train,1354,True
CCC1(C)C(C)C1O,1.2446000576019287,test,1355,True
CC12CC3C(C#N)C1C32,4.458099842071533,test,1356,True
CC1=CCOC1(C)CO,2.624599933624268,train,1357,True
NC(=O)CCC#CC=O,5.749599933624268,test,1358,True
OC1(c2ncco2)CC1,1.7663999795913696,train,1359,True
OC1CC2C1C21CCC1,1.6655999422073364,train,1360,True
NC(=[NH2+])C(N)C(=O)[O-],0.7468000054359436,train,-1,False
C1C2CC3C4C2C1N34,1.8109999895095823,train,-1,False
OC1CC2CC2C1O,2.6939001083374023,train,1361,True
C1CC2C1CCC21CO1,1.7445000410079956,train,1362,True
CC(C)C1(C)CCC1C,0.0912000015377998,train,1363,True
O=CNC(CO)C1CO1,2.2179999351501465,train,1364,True
C#CC1C(O)CC2OC21,2.7987000942230225,train,1365,True
CCC1(C)OCC(=N)O1,2.2890000343322754,train,1366,True
CNc1n[nH]cc1C=O,2.811100006103516,train,1367,True
CC12COC(CO1)C2O,2.0216000080108643,train,1368,True
N#CC12CC1C1CC2C1,4.473899841308594,train,1369,True
N=CNc1oncc1N,5.4882001876831055,train,1370,True
C#CCC1CCOC1=N,3.268199920654297,test,-1,False
CC1CC(O)C1CO,2.6988000869750977,test,1371,True
OCC1=CCOC2CC12,2.412300109863281,train,1372,True
O=CCN1C2C3NC3C21,4.948999881744385,train,1373,True
CC1=CC2NC1C2=NO,2.228899955749512,valid,1374,True
N=COC1CN=C(N)O1,2.989799976348877,train,1375,True
CC1=CCNC(=O)NC1,4.090099811553955,train,1376,True
c1noc2c1CCOC2,2.9093000888824463,train,1377,True
ON=C1C2COC1C2O,1.2269999980926514,train,1378,True
C#Cc1cc(=N)cno1,0.94760000705719,train,-1,False
CC1C(C2CCO2)N1C,1.4882999658584597,train,-1,False
CCC1(C(C)CO)CO1,2.788599967956543,train,1379,True
C#CC12CC(=NO)C1O2,1.7834999561309814,train,1380,True
CC1C2OCC3(C)C2N13,0.557699978351593,train,-1,False
CC(=O)C1CCC(O)C1,3.811300039291382,train,1381,True
CCc1c[nH]c(C)n1,3.248500108718872,test,1382,True
N=C(C=O)N(C=O)C=O,4.026500225067139,test,1383,True
O=CC1C2C=CC(O)C12,4.481100082397461,train,1384,True
CC12CC(C=C1C#N)C2,4.531099796295166,train,1385,True
N=C1OCC2CCOC12,4.018400192260742,valid,-1,False
CCC1CCC(O)C1C,1.4983999729156494,train,1386,True
Cc1c(C#N)n[nH]c1O,6.36299991607666,train,1387,True
O=CNCC1CCOC1,2.101999998092652,test,1388,True
c1[nH]nc2c1CCN2,2.1064999103546143,test,1389,True
CC1CCC(C)C12CO2,1.7121000289916992,test,1390,True
O=C1C(O)C2(CO)CC12,1.901600003242493,train,1391,True
N#CC1CC1(O)C(N)=O,6.431700229644775,valid,1392,True
N#CC1C2C=CCC1N2,3.1596999168396,train,1393,True
CC(=NO)C1=CCOC1,1.912500023841858,train,1394,True
CC1(O)C(=N)OC1C#N,2.684999942779541,train,-1,False
CC1CCC2NC12C#N,3.34689998626709,test,1395,True
CC#CC1C2CN=CN12,1.996000051498413,train,1396,True
N=C1OC2CCOC12,3.124599933624268,train,-1,False
CC12CCN1CC2=O,1.9026999473571775,train,-1,False
CCC(CO)C(O)CO,2.299299955368042,train,1397,True
CC12C3CN(C31)C21CC1,1.7803000211715698,train,-1,False
CC(=O)OC=NCC=O,3.2818000316619877,train,1398,True
O=CC12CC1CC1CN12,3.442800045013428,train,-1,False
OC1CC12CCCO2,0.8305000066757202,train,1399,True
OC1C2OCC3CC3C12,2.2191998958587646,train,1400,True
O=CN1C2C=CC(O)C21,2.9205000400543213,train,1401,True
C#CC1OC1CC,1.7065000534057615,valid,1402,True
CC1COCC2NC12,1.9952000379562376,train,1403,True
CC12OC3C1C(C#N)C32,2.6429998874664307,train,-1,False
C1OC1C12OC1C1NC12,1.8203999996185305,test,1404,True
C#CC1C=CC2CC2O1,1.5221999883651731,train,1405,True
COCCCCC(C)C,1.0252000093460083,valid,1406,True
CCC(C)CO,1.3481999635696411,train,1407,True
N#CC1OC2C=CC1O2,3.032500028610229,train,1408,True
N#CC12CC1C1(CN1)C2,3.8368000984191895,valid,1409,True
CCC(C)(C)C(O)C#N,3.363600015640259,train,1410,True
Cc1cc(=O)[nH]c(=N)[nH]1,3.3677000999450684,train,-1,False
CC([NH3+])C1NC1C(=O)[O-],7.047299861907959,train,-1,False
N#CC12C=CC(C=C1)O2,4.984700202941895,train,1411,True
O=CNC1C2C3OC2C13,2.427000045776367,train,-1,False
CC(C)C1(C)C=CCC1,0.1207000017166137,train,1412,True
Cc1conc(C)c1=N,0.1068999990820884,train,-1,False
CC(=O)C1NC1C#N,4.097700119018555,train,1413,True
CC1OC1(C=O)C1CN1,3.118000030517578,train,1414,True
CC1=CNC(=O)C=CC1,3.800600051879883,train,1415,True
C1C2C3C4N5CC4(C12)C35,2.037899971008301,train,-1,False
OCC12CC3C(C1)C3C2,1.2762999534606934,train,1416,True
CC1COC1=NCC#N,5.907599925994873,train,1417,True
CCCOC1C2CC1C2,0.9068999886512756,train,1418,True
O=C1C2CC3C1OCC23,3.8473000526428223,train,1419,True
CC12CC3OC(C1)C32,1.81470000743866,train,1420,True
N#Cc1cc(N)no1,5.26140022277832,train,1421,True
C1=C2CN3CC23CCC1,1.4743000268936155,train,-1,False
C[NH2+]CCC#CC(=O)[O-],7.119900226593018,train,-1,False
OC12C3CC4CC3C1C42,1.2696000337600708,train,1422,True
CC(C1CC1)C1CO1,1.6957999467849731,test,1423,True
CN=c1cnoc(=O)o1,3.536099910736084,test,-1,False
CC1CCOC(C#N)O1,3.5023000240325928,valid,1424,True
[NH3+]C(CCO)C(=O)[O-],4.628600120544434,train,-1,False
N#CCC(=O)C#CCO,7.502799987792969,train,1425,True
C1=NC23CN(CC2O1)C3,1.065999984741211,train,-1,False
CC12CN3C1C(CO)C32,3.024600028991699,train,-1,False
N#CCC#CCNC=O,0.6191999912261963,train,1426,True
C#CCC12NC3C1NC32,1.4140000343322754,train,1427,True
CC1C(=O)C2OC=NC12,1.9732999801635744,valid,-1,False
CC1=CC2OC2C2CC12,2.0355000495910645,train,1428,True
CC1CC(=O)C(C)CO1,1.8593000173568728,train,1429,True
O=C1CC(O)CCCO1,3.1066999435424805,train,1430,True
C1=CC23CC=CC2(C1)N3,1.569599986076355,train,1431,True
C#CCCC1(C)CN1C,1.8212000131607056,train,-1,False
C#CC1N2CC1(CO)C2,2.94379997253418,train,-1,False
C1OC2(CC2)C2CC12,1.4522000551223757,train,1432,True
C1CC23CCC12CC3,0.0001999999949475,valid,1433,True
O=CC1CCNC1=O,3.9066998958587646,train,1434,True
CC(=N)NC(N)=O,5.670199871063232,train,1435,True
c1cn(CC2CC2)cn1,4.152599811553955,train,1436,True
N=COC1CNC(=O)C1,3.165899991989136,train,1437,True
COC(C)C1C2CCN21,2.086199998855591,train,-1,False
Cc1cc(=[NH2+])o[c-]1C#N,6.205100059509277,train,1438,True
N#CC12CCN1C2CO,4.373700141906738,test,-1,False
O=CC(=O)NCC1CN1,1.979300022125244,train,1439,True
OC1COC12CC=CC2,2.309499979019165,valid,1440,True
NC(=O)C1OCCC1=O,2.2337000370025635,train,1441,True
C1OC2COC3CC23O1,0.248999997973442,test,1442,True
O=CC1CNC(=O)C1O,2.04259991645813,valid,1443,True
CCC(=O)C1CCN1C,1.9265999794006348,valid,-1,False
CCC(C)OC(C)C#N,3.3289999961853027,train,1444,True
C#CC1(C#N)CC2CC21,4.048699855804443,train,1445,True
Cc1ccn(C2CC2)c1,1.8260999917984009,train,1446,True
CC12OC3CC1C=CC32,1.4433000087738037,train,1447,True
CC12COCCCC1O2,1.4457999467849731,train,1448,True
CC(=N)OCC(C)C=O,3.632200002670288,train,1449,True
CC(OC=O)C1OC1C,2.6034998893737797,train,1450,True
CC1CC2C1C2(C)CO,1.3528000116348269,valid,1451,True
CC12C3COC1C2CO3,1.8867000341415403,train,1452,True
O=C1CC=C2CCCC12,2.7772998809814453,train,1453,True
OC12C3=CC4C1N4C2C3,1.212000012397766,train,-1,False
CN=C(NC=O)C(C)C,1.7838000059127808,train,1454,True
CC(C)C(C)CCC#N,4.298699855804443,train,1455,True
N#CC1(N)CCC2OC21,1.3937000036239624,train,1456,True
CCCC(O)C(C)CC,1.2793999910354614,train,1457,True
CCCOC12CCC1C2,0.7760999798774719,train,1458,True
C#CC1CN(C=O)C1=O,5.31220006942749,train,1459,True
Oc1nc(O)nc(O)n1,2.7395999431610107,train,1460,True
C1OC2CC1C1CC21,1.6247999668121338,train,1461,True
CCc1cnn[nH]c1=N,1.0670000314712524,train,-1,False
CCC1C2OC3C2C13O,0.7932000160217285,train,1462,True
CC1OC(=N)C(O)C1O,0.8190000057220459,train,-1,False
C1CCC(C2CCO2)C1,1.579200029373169,train,1463,True
CC12C(=O)C3C4C(C31)N42,3.025599956512451,train,-1,False
N=c1[nH]c(=O)nno1,1.3690999746322632,train,-1,False
O=C1NCC23CCC12C3,3.749099969863892,train,1464,True
CCOC(C)(CC)CO,2.138000011444092,train,1465,True
N#CC1CC2CN3C1C23,4.708700180053711,train,-1,False
O=C1CC2C3C4C1C4N23,2.365900039672852,test,-1,False
CCOC(C)C1CC1O,2.7681000232696533,train,1466,True
COC(C)C#CC=O,3.891700029373169,train,1467,True
CC(=O)Nc1conn1,3.737799882888794,train,1468,True
CCC(O)C(=O)COC,2.07509994506836,valid,1469,True
CC12COC3C(CO1)C32,1.7619999647140503,train,1470,True
N#CCNC1CC1CO,4.459099769592285,valid,1471,True
C#CC(=O)C1CCC1C,2.819299936294556,train,1472,True
COC1C(=O)N2CCC12,2.5566999912261963,train,1473,True
N=COC(=O)C(=O)C=O,3.960200071334839,train,1474,True
CCCOC(C=O)CC,2.179500102996826,test,1475,True
CCOC12CC1C1CC12,0.8012999892234802,train,1476,True
CN=COCC1(C)CN1,1.9484000205993648,valid,1477,True
CC1CC12OC1CCC12,1.5321999788284302,train,1478,True
O=CCCCC(=O)C=O,1.9941999912261963,train,1479,True
C1CC2CC(C1)C1CC21,0.1719000041484832,train,1480,True
C#Cc1cc(NC)c[nH]1,1.669800043106079,train,1481,True
C#CC(C)NC(=O)C=O,1.9544999599456787,train,1482,True
Cc1cc[nH]c1C1CN1,0.8360000252723694,test,1483,True
C1=CCC2OCC2C=C1,1.4746999740600586,train,1484,True
CN(C)c1cnc(O)o1,0.9843000173568726,train,1485,True
CNc1cncc(O)c1,2.212899923324585,train,1486,True
CC1(C)CC2C(C#N)C21,4.180099964141846,train,1487,True
C#CC1C(C)C1CCC,0.7710999846458435,train,1488,True
O=c1occnc1F,3.72320008277893,test,1489,True
CC(C)C1OC1C(C)O,1.7103999853134155,train,1490,True
CC1CC23CC4C2C1C43,0.2377000004053115,train,1491,True
CCNC(=O)C1(C)CC1,3.345900058746338,train,1492,True
C#CC(=NO)C(C)OC,0.8163999915122986,train,1493,True
O=CC1N2CC2C12CC2,3.2739999294281006,train,-1,False
CC1(C)C(O)CC2CC21,1.4048000574111938,train,1494,True
CC1C2C3C4C1C4(C)N23,1.6730999946594238,valid,-1,False
O=C1C2CC2CC12CN2,2.95959997177124,train,1495,True
O=C1C(O)CC1C1CO1,0.7200999855995178,train,1496,True
CC1=CCOC(=N)C1=O,5.468900203704834,valid,-1,False
CC12CC(CC1O)C2=O,2.901000022888184,train,1497,True
C#CCCc1nn[nH]n1,2.1633999347686768,test,1498,True
CCC1CC=CC2CC21,0.3797999918460846,train,1499,True
CC(=O)OC(C)(C)C,1.85290002822876,train,1500,True
CC1COc2oncc21,4.599199771881104,train,1501,True
COC1C2CCC1C2=O,2.8331000804901123,train,1502,True
Nc1cc(N2CC2)n[nH]1,2.77020001411438,train,1503,True
CC12CC3OC1C1C3N12,0.3668000102043152,train,-1,False
CC12C3N=C4NC1C4C32,3.707099914550781,train,1504,True
CC1COC(C)C12CO2,1.555999994277954,train,1505,True
N=C1CC(=O)C(CO)O1,0.6309000253677368,train,1506,True
CC1(OC=N)C2COC21,3.4481000900268555,test,-1,False
c1nc(NC2CC2)c[nH]1,2.742500066757202,train,1507,True
CCC1(CC)CCO1,1.4917999505996704,train,1508,True
C#CC(C)N1C(C)C1C,1.5139000415802002,test,1509,True
CC1=CC(C)N=COC1,2.256700038909912,train,1510,True
CC12CC(O)C1C2CO,3.4375,test,1511,True
COCC1CC2(CO2)C1,1.7920000553131104,train,1512,True
N=C1OC2CN3C1C23,3.015399932861328,train,-1,False
CC(O)c1cn[nH]c1O,2.012700080871582,train,1513,True
CC12CN=COC1C2,2.086999893188477,train,1514,True
CCC(C)CN1CC1,0.964299976825714,train,-1,False
CC1CC(C#N)C12CO2,3.9347000122070312,train,1515,True
O=CCOC12CCC1C2,2.684799909591675,train,1516,True
CCc1[nH]nnc1N,4.220099925994873,train,1517,True
CC1=NCC(O)CO1,2.344099998474121,test,1518,True
O=C1NCC2(CC2)N1,3.9574999809265137,test,1519,True
C#CC12CC1CC1CN12,2.094099998474121,test,-1,False
CC1C2N=COCC12C,2.148200035095215,train,1520,True
CC1(O)C(O)C2(C)CC12,1.884400010108948,train,1521,True
CN1C2C3CCOC2C31,0.6155999898910522,train,1522,True
COC(C)C(O)CC=O,4.355899810791016,train,1523,True
CC1(C)OCCC1=O,1.6432000398635864,train,1524,True
CN=C(N)NC(C)=O,0.8310999870300293,train,1525,True
O=CN1C2COC(=O)C21,6.016300201416016,train,1526,True
c1onc2c1OCO2,3.544100046157837,train,1527,True
CC12OC3C4C1C4C32C,1.6782000064849854,train,1528,True
N#CC1(C=O)CC2CC21,3.211400032043457,train,1529,True
C#CC(C)(C#N)CC#N,5.573400020599365,test,1530,True
C#CC(C)CC(C)OC,1.763700008392334,train,1531,True
CCCC12CC(C1)C2O,1.489300012588501,train,1532,True
CC12C(=O)C3CN1C32C,2.564199924468994,valid,-1,False
CN=c1cnoc(N)c1,2.357899904251098,train,1533,True
CN1C2C3C=CC2(O)C31,1.9189000129699707,train,1534,True
C1OC2COC1C1OC21,1.4850000143051147,train,1535,True
CC1OC1C(C)(C)CO,2.778599977493286,train,1536,True
Cc1nc(C=O)no1,4.483200073242188,train,1537,True
CC(OC=N)C(F)(F)F,3.187299966812134,train,1538,True
CC12OCCC1C1OC12,2.162600040435791,valid,1539,True
CN=CNC(=O)N1CC1,2.2736001014709477,train,1540,True
C#CC(C)(C=O)C=O,3.2416999340057373,train,1541,True
CC1OCC2(CO)OC12,2.0741000175476074,train,1542,True
COCCC(O)COC,1.960800051689148,train,1543,True
O=CC1C2CC(C2)C1O,3.0339999198913574,train,1544,True
CC(C#N)C1CCCC1,4.055600166320801,train,1545,True
CCC#CC1OCC1=O,1.2734999656677246,train,1546,True
CCCC1CCC1,0.0970000028610229,train,1547,True
COC1C=CC(=O)CC1,3.6907999515533447,valid,1548,True
C#CC1CC(=O)C=CN1,4.956099987030029,train,1549,True
N#CC1(O)CNC1=N,5.3541998863220215,train,-1,False
N#CC1(N)COC1=O,3.86899995803833,test,1550,True
CCC1(CO)C2COC21,1.8711999654769895,train,1551,True
CCNc1ncoc1N,2.014400005340576,train,1552,True
CCOC1CCNC1=O,2.8062000274658203,train,1553,True
C#CC1(CC)NC1(C)C,1.176699995994568,train,1554,True
N#CC1N=COC12CC2,4.239299774169922,train,-1,False
CC1(OC=O)CC1C=O,3.6252999305725098,train,1555,True
CCC(CNC=O)OC,4.046000003814697,train,1556,True
C#CC1OC(=O)C2CC12,4.4359002113342285,test,1557,True
CC1C2NC2C1(C)C=O,2.0376999378204346,train,1558,True
COCC1C(C)C1(C)C,0.9564999938011168,train,1559,True
CC1(C2CO2)CCO1,2.404900074005127,train,1560,True
CCCC#N,4.064099788665772,test,1561,True
C#CC1(C)OCC1(C)C,1.8596999645233157,train,1562,True
C1CC1C1C2C3CC3N12,1.551300048828125,train,-1,False
n1nc2nn[nH]c2[nH]1,6.539400100708008,train,1563,True
CC12CC3COCC1N32,0.8179000020027161,train,-1,False
O=CC1N=COC2CC12,2.130300045013428,train,1564,True
CCC1OCC1CO,2.1621999740600586,train,1565,True
CC(=O)NC(C#N)CN,5.0843000411987305,test,1566,True
N=C1OCC1CC1CN1,3.37940001487732,train,1567,True
CC1=CC(C(C)O)OC1,1.1541999578475952,test,1568,True
CC(=O)C(=N)N(C)C,3.3427000045776367,train,1569,True
N#CC(N)C1COCO1,3.934600114822388,train,1570,True
N#Cc1c(N)c[nH]c1O,4.765100002288818,train,1571,True
C#CC12C3C4N3C1C42C,1.7997000217437744,train,-1,False
CC(O)C1(C(C)O)CC1,0.6316999793052673,valid,1572,True
N=COCc1cn[nH]c1,1.4283000230789185,train,-1,False
CC1CCC=CCO1,1.1674000024795532,train,1573,True
N=C1NC2(COC2)C1O,2.62940001487732,train,-1,False
C1OC2C1C1CC3C1C32,1.9210000038146973,test,1574,True
O=CC1CCC2(CO2)C1,2.5353000164031982,train,1575,True
N#CC12CC(N1)C1OC12,4.895400047302246,train,1576,True
CC(=O)C1CC1(C)C#N,2.5460000038146973,train,1577,True
CC1CCCC(C)(C)O1,1.1166000366210938,train,1578,True
CN1C2COC(=O)CC21,3.2363998889923096,train,1579,True
CC12CC(O1)C2C(N)=O,2.888200044631958,train,-1,False
CCC1OC2CC1C2O,0.7912999987602234,train,1580,True
COC(=O)C#CC#N,4.366199970245361,valid,1581,True
NC1=CC(=O)CC1,5.949699878692627,train,1582,True
O=CN1C2CC(=O)C1C2,4.605800151824951,valid,1583,True
O=C1CC2(CCN1)CO2,3.972899913787842,train,1584,True
Cc1nc(CO)n[nH]1,4.5843000411987305,train,1585,True
CC#Cc1c[nH]c(=N)o1,3.584700107574463,test,-1,False
CC1OC(CO)C1C,2.78410005569458,test,1586,True
C1C2C3N2CC1C31CC1,1.6836999654769895,train,-1,False
CN=c1nnonc1F,2.3566999435424805,valid,1587,True
CC1(C)C2C3CN2C31,1.5980000495910645,train,-1,False
Oc1cnnn1C1CC1,4.320000171661377,train,1588,True
N=C1OC2CC1(CO)C2,3.2465999126434326,train,1589,True
CNc1ccc[nH]1,1.40339994430542,train,1590,True
CNc1nc(C)oc1C,1.4251999855041504,train,1591,True
C#CC1C2CC(C)(C)N12,1.3801000118255615,valid,-1,False
COC1C2CC3C(O2)C31,0.777999997138977,train,1592,True
CC1C2CC(C(N)=O)N12,3.311300039291382,train,-1,False
OCC1(CC2CC2)CO1,1.851699948310852,train,1593,True
CCC(O)C1CCC1,1.458400011062622,train,1594,True
CC(C)(C)C1CCOC1,1.5513999462127686,train,1595,True
C#CC1(OC(C)=N)CC1,1.4416999816894531,train,1596,True
N#Cc1cncc(N)c1,5.496099948883057,train,1597,True
C1COCCOCCO1,2.8958001136779785,train,1598,True
N=C1OC(C=O)CC1O,2.186100006103516,train,-1,False
CC1Cn2nnc(O)c21,3.96399998664856,valid,1599,True
CC1C2(C)CC1(O)C2O,1.6368000507354736,train,1600,True
C#CC1NC(C)C1=NO,1.269700050354004,train,1601,True
C#CCOCC(C)C#N,3.5016000270843506,train,1602,True
CCC(=O)C1OCC1O,1.3796000480651855,train,1603,True
Cc1cc(C=O)cn1C,6.0756001472473145,train,1604,True
CC12C3CN1CC2C3O,1.617300033569336,train,-1,False
O=Cc1cnccc1F,3.238100051879883,train,1605,True
N#CC1CCCC1C=O,4.142600059509277,train,1606,True
O=C(CCO)CCCO,2.408799886703491,train,1607,True
O=C1NC2CCCC1C2,3.732300043106079,test,1608,True
Nc1nnc2[nH]ncn12,3.700400114059448,valid,-1,False
CC(C)C1OC(C)C1O,0.3876000046730041,train,1609,True
NC(=O)OCCN1CC1,3.319499969482422,train,1610,True
C#CCCCCOC,1.034000039100647,train,1611,True
CC1=CC2CC1C2(C)O,1.468400001525879,train,1612,True
CC1C2C(C=O)CN12,2.400899887084961,train,-1,False
O=C1CNCCNC1,2.4491000175476074,train,1613,True
CC1(C=O)COC1C#N,4.387700080871582,train,1614,True
CC1(O)C(=N)NCC1=O,4.651599884033203,train,1615,True
OC12C=CC3CC1CC32,1.4355000257492063,valid,1616,True
O=C1CCC12CC=CC2,2.5501999855041504,test,1617,True
OCC1C2CCC1C2O,2.5448999404907227,train,1618,True
OC1CC2C3CCC12O3,2.4251999855041504,train,1619,True
N#CC(O)C12CCC1C2,3.5434000492095947,train,1620,True
NC(=O)CN1C2CC1C2,3.9727001190185542,train,1621,True
CN1CC=CCC1C#N,3.3178999423980717,train,1622,True
C#CC1(CO)CC(=O)N1,1.9020999670028689,test,1623,True
CC12CN3C(CO1)C32,0.7077999711036682,train,-1,False
C1=C2CCC2CC12CC2,0.4787000119686126,train,1624,True
OC12C=CC=CCC1C2,1.135699987411499,train,1625,True
N#CCC1C2OC1C2O,3.087100028991699,valid,1626,True
O=CNCC1CN1,2.675600051879883,train,1627,True
CNc1cn(C=O)cn1,3.573699951171875,train,1628,True
OCC12C=CC(C=C1)O2,2.355299949645996,train,1629,True
CC1CCCC=C1C#N,4.606599807739258,train,1630,True
CCC1CC2OC1C2C,1.6756000518798828,train,1631,True
CC1CCN(C)C(=O)O1,4.934599876403809,test,1632,True
OC1(C2CN2)C2CCC21,2.4272000789642334,train,1633,True
CC1=NC(CC#N)CO1,4.9868998527526855,train,1634,True
O=C1CC2CC(O)CC12,2.9679999351501465,train,1635,True
OC1COCC2COC12,1.571300029754639,valid,1636,True
CC1CC(C)(CC=O)O1,3.6328999996185294,train,1637,True
CCC12C(C)CC1C2C,0.2231000065803527,train,1638,True
CC1(CO)C=CCC1,1.6035000085830688,train,1639,True
CC1(C#N)CN=COC1,4.391499996185303,test,1640,True
CN1CC1CC=O,2.3417000770568848,train,1641,True
CC1CC(C(=O)CO)C1,3.0360000133514404,train,1642,True
CCOC1(C)C2COC21,1.4101999998092651,test,1643,True
C1=Cc2cncn2C1,3.875,test,1644,True
CCC1NC1C(O)C#N,4.30620002746582,train,1645,True
C#CC1(C(C)=O)CO1,1.9351999759674072,test,1646,True
CC12CC(C)(O1)C2(C)C,1.649799942970276,train,-1,False
C#CC1C(CC#N)N1C,3.809000015258789,train,1647,True
C#CC1C(O)C1C1CC1,1.0420000553131104,train,1648,True
CC12CC(O)C1C1OC12,2.873800039291382,train,1649,True
OC1C2C=CC1CCC2,1.643399953842163,train,1650,True
CC12CC(CC1C#N)C2,4.109799861907959,train,1651,True
N#CC1CCC(C#N)O1,2.485100030899048,train,1652,True
CC12C(O)C3(O)C1CC23,2.602299928665161,train,1653,True
Cc1cnc(F)c(=O)o1,4.373199939727783,train,1654,True
O=C([O-])C[NH2+]CCO,5.859399795532227,train,-1,False
C1=C2CCC2COC1,1.4368000030517578,train,1655,True
CC12CC3OC1(C#N)C32,4.912600040435791,train,1656,True
COCC1CC=CC1C,0.890500009059906,train,1657,True
CN=c1occnc1F,3.3991000652313232,train,-1,False
CC1(C)COCC(=O)O1,3.742799997329712,train,1658,True
O=CC(O)C#CC1CO1,1.1454999446868896,train,1659,True
[NH3+]CCC1NC1C(=O)[O-],6.520599842071533,train,-1,False
N#CC12COC3CC1C32,3.7102999687194815,train,1660,True
CC(C)C1=CCOC1,1.8726999759674072,train,1661,True
CN1C2CC13CCOC23,1.321300029754639,train,-1,False
C#CC1OC2(CC2)C1=O,1.273900032043457,train,1662,True
OC1CCC2OC1C2O,2.500099897384644,train,1663,True
COC12C3CC1C2(C)O3,2.278700113296509,train,1664,True
CC1C2OCC(C=O)C12,3.072000026702881,train,1665,True
N=C1OCC=CCO1,4.340199947357178,train,-1,False
CC(=O)C1COC2CC21,2.9688000679016118,test,1666,True
COCCNC(C)=O,3.585200071334839,test,1667,True
CNC(C)(C#N)C(N)=O,6.007299900054932,train,1668,True
COc1cnc(C=O)[nH]1,7.414000034332275,train,1669,True
C1OC23CC4OC2C4C13,2.3066999912261963,train,1670,True
CC(C)(O)CCC=O,3.1944000720977783,train,1671,True
OC12CC3OC(C1)C3C2,0.3955999910831451,valid,1672,True
C#CC#CCCCOC,1.9514000415802,valid,1673,True
CC1C2C3C(=O)N1C32C,4.291999816894531,train,1674,True
OC1(C2CC2)C2CC1O2,1.67330002784729,train,-1,False
COCC12CC1(C)CO2,1.461300015449524,train,1675,True
CC(C)(C)C1CC=CC1,0.1414999961853027,train,1676,True
C#CCOCC1CN1,2.611599922180176,train,1677,True
CC#CC(C#N)N1CC1,5.095799922943115,train,-1,False
CC1NC12C(O)C1OC12,0.5396000146865845,train,1678,True
C#CC12C3CC1N(C)C32,1.2634999752044678,train,-1,False
O=C1NCCOCC1O,2.047800064086914,train,1679,True
CC1C=C(C=O)C(O)C1,3.680299997329712,valid,1680,True
C1=Nc2cnoc2CO1,2.479099988937378,valid,1681,True
CC12CC1(O)C(=O)O2,4.164599895477295,train,1682,True
CC1CC2C(CO)C12,1.8849999904632568,train,1683,True
CC1=NCC(C)(C)O1,1.5642000436782837,test,1684,True
CC1CC(C2(C)CO2)O1,1.642899990081787,test,1685,True
N#CC1C2NCC12C=O,4.8907999992370605,test,1686,True
CC1N(C)C1(C=O)C=O,2.799999952316284,valid,1687,True
CC1C(O)C(C)C2NC12,3.117000102996826,valid,1688,True
c1cnn2nncc2c1,5.936600208282471,train,1689,True
CC(=O)CCC(C)=NO,2.581399917602539,train,1690,True
N#CC(=O)C1NC1C#N,5.9375,train,1691,True
CC(C)(C)C(C)(O)CO,2.2493999004364014,train,1692,True
O=C1CNCC12CN2,0.995199978351593,valid,1693,True
COC1C2CCCC1C2,1.0514999628067017,train,1694,True
O=C1CC(C2CC2O)C1,4.2484002113342285,train,1695,True
C#CCC1(C)CC1C#C,0.3097000122070312,train,1696,True
CC1=CC(=NO)C(=N)N1,3.6273000240325928,test,-1,False
N#CC1CCC(O)CN1,3.903300046920776,train,1697,True
OC12CC=C3CC1(O)C32,2.0617001056671143,test,-1,False
N=C1OC2C(O)C12N,1.363800048828125,train,1698,True
O=C1CCC2OCC=C12,1.625499963760376,valid,1699,True
O=c1cconc1F,3.664900064468384,valid,1700,True
C1=CC2CCC2OCC1,1.0336999893188477,train,1701,True
COc1[nH]ncc1O,3.612099885940552,train,1702,True
O=CC12CCC3CC1N32,3.3738999366760254,train,1703,True
N#CC1CC1(N)C#N,2.4732000827789307,train,1704,True
CCC1C(O)C(=O)C1O,1.0458999872207642,train,1705,True
C#CCNC12COC1C2,1.764799952507019,valid,1706,True
CC1=CCNC1=O,3.7808001041412354,train,1707,True
O=c1[nH]cc(CCO)[nH]1,3.503999948501587,train,1708,True
OC12CC3=CCN(C1)C32,2.4686999320983887,valid,-1,False
OC1C=Cc2oncc21,2.66759991645813,train,1709,True
C1=CC2C(C1)OC21CC1,1.4465999603271484,train,1710,True
CC#CC(O)COC=N,5.3815999031066895,train,1711,True
O=CC1CC2NC12,4.001599788665772,train,1712,True
OC1CC2CC2C2NC12,1.853600025177002,valid,1713,True
ON=C1C2CCC3C1C23,1.4990999698638916,train,1714,True
CC1(O)CC12CC(=O)N2,4.908299922943115,train,1715,True
C#CC(C)C1(C#N)CC1,4.032700061798096,test,1716,True
CC(=O)CCC1CCC1,2.5659000873565674,train,1717,True
C#CC12COC1CC2C,1.486600041389465,train,1718,True
Cc1nc(NC=N)c[nH]1,1.1777000427246094,train,1719,True
CCC#CCCCOC,0.906000018119812,train,1720,True
CC1OC1C(=O)CCO,2.372999906539917,train,1721,True
CC1=CCC(=O)N(C)C1,3.733200073242188,train,1722,True
CC1(O)C(=O)CN2CC21,1.5621000528335571,train,1723,True
CC1COCC=C1C=O,2.599100112915039,train,1724,True
O=C1C2C3C=CN1C32,3.886100053787232,train,1725,True
CC(CO)CCOC=O,3.941699981689453,train,1726,True
Cc1cnc(OC=O)[nH]1,4.662399768829346,train,1727,True
CC1(O)COC1,2.486000061035156,train,1728,True
C1OC2C3CC4C1C4C32,1.4053000211715698,train,1729,True
CC1C2CC(NC=O)C12,3.875499963760376,train,1730,True
CCC12C3CN4C3C1C42,1.7975000143051147,train,1731,True
CCC(C)CNCC#N,4.235499858856201,train,1732,True
O=C1CN2CCOCC12,3.0367000102996826,train,-1,False
CC1C=C2CCC2(O)C1,1.3945000171661377,train,1733,True
NC(=O)C12CCCC1O2,2.286400079727173,train,1734,True
CC(=O)COC(=O)C#N,5.321300029754639,train,1735,True
CC(=O)N(C=O)CCO,1.9105000495910645,train,1736,True
[NH2+]=C1NC[C-](C=O)C1=O,10.890199661254885,train,1737,True
Nc1occ(O)c1CO,1.500499963760376,test,1738,True
N#C[C-](C#N)C#CC[NH3+],8.258700370788574,valid,-1,False
N#CC1(O)C2CC3C1N32,3.774899959564209,train,-1,False
Cc1c[nH]nc1CC=O,3.57069993019104,train,1739,True
C#CCCOC=N,2.9254000186920166,train,1740,True
Cc1cc(=O)c(F)c[nH]1,7.412499904632568,train,1741,True
N=c1occc(F)c1O,2.9867000579833984,train,-1,False
N=c1oncn1C(N)=O,2.061599969863892,train,-1,False
[NH3+]CC(C(=O)[O-])C1CN1,5.718999862670898,valid,-1,False
COCC1C(O)C2OC12,0.9003999829292297,train,1742,True
C1=CC23NC2(C1)C1OC13,1.0027999877929688,train,1743,True
CCC1NC1(C)C(N)=O,3.5541000366210938,test,1744,True
C1=NC2CC3(CO3)C2O1,0.5073999762535095,train,-1,False
OC1C2NC1C1CC2O1,3.078000068664551,train,1745,True
C#CC1C2C3CN3C12C,1.125300049781799,train,-1,False
Cc1cc(F)cc(F)n1,1.86899995803833,valid,1746,True
C1CC2N3CC2(C3)O1,1.2773000001907349,train,-1,False
CN=c1cc(O)cco1,4.474299907684326,train,1747,True
CC12CC3OC1C3C2O,0.6509000062942505,train,1748,True
CCC(=O)C1OCCO1,3.6575000286102295,train,1749,True
C#Cc1cnc(N)nc1,1.1198999881744385,test,1750,True
CCCC1CCC1CC,0.1125999987125396,train,1751,True
CC12CCC1(C=O)CO2,1.170300006866455,train,1752,True
C1OC23C4NC12C1C4C13,2.625499963760376,train,1753,True
CC(O)C(C)(O)C1CO1,1.7942999601364136,train,1754,True
Cn1ncc(C(N)=O)n1,4.2368998527526855,train,1755,True
Nc1c[nH]c([N+](=O)[O-])n1,5.875100135803223,train,1756,True
N#CC1=C2CC3C(C1)C23,4.93779993057251,train,1757,True
C#CC1C=C(C)C2OC12,2.1333000659942627,train,1758,True
CC1COC2CC(=O)C12,1.6389000415802002,train,1759,True
CC12CC(CCO1)C2=O,3.1045000553131104,train,1760,True
Cc1cncc(CO)c1,1.454200029373169,test,1761,True
CCC1C(C)C1(O)C=O,2.7076001167297363,valid,1762,True
O=CC1C=CN(C=O)C1,3.856199979782105,train,1763,True
N=CNc1ccno1,5.5157999992370605,valid,1764,True
C#CCCC(C#C)=NO,0.6728000044822693,train,1765,True
CCC1C(=O)COC1=O,1.563099980354309,test,1766,True
CC1(C)C(C#N)C1C=O,4.529699802398682,train,1767,True
CC12C3=CCC1CC2C3,0.6416000127792358,test,-1,False
C#CC(CC(C)O)OC,1.004699945449829,train,1768,True
N#CCC1C2OC1C2=O,2.989000082015991,train,1769,True
C1OC2C3C4CC12CC43,1.9470000267028809,train,1770,True
C#CC(N)(C#N)C(C)O,5.06820011138916,train,1771,True
OC12C3CC1C1(CC1)C32,1.305299997329712,train,1772,True
CC(C)(C)CCC1CC1,0.0971999987959861,train,1773,True
C#CC1CC2(CC2)C1C,0.7328000068664551,train,1774,True
C#CCC(O)C(O)C=O,1.8658000230789185,train,1775,True
O=C1CNC2CC1C2O,3.454400062561035,train,1776,True
CC1C2OCC13COC23,1.6454999446868896,train,1777,True
CCc1cnccc1O,2.9644999504089355,train,1778,True
CN1C=CCCC1=O,2.877700090408325,train,1779,True
CCC1(C2CC2)OC1C,1.7323999404907229,test,1780,True
C#CC(C#N)NCC#N,4.672299861907959,train,1781,True
Cc1cc(CC=O)c[nH]1,4.1244001388549805,train,1782,True
CC(C)(O)CCCC#N,5.063899993896484,train,1783,True
COC(=O)CC1CCO1,2.229899883270264,train,1784,True
CC12CC(CO1)C21CC1,1.455600023269653,train,1785,True
C#CC1(C)C2OC1C2=O,2.783099889755249,valid,1786,True
CC(O)(C(N)=O)C1CO1,2.3310999870300293,train,1787,True
OC12CC1CC1COC12,0.958199977874756,train,1788,True
CCC1(O)CC1C(N)=O,2.0971999168396,train,1789,True
N=c1cc[nH]nc1O,4.6479997634887695,train,-1,False
COC(N)=NC(C)C#N,2.955899953842163,train,1790,True
OCC1C(O)C12COC2,3.2616000175476074,train,1791,True
C#CC1COC1C#C,1.413100004196167,train,1792,True
CC1C=CCC2C(O)C12,1.769700050354004,train,1793,True
Nc1ccoc1N1CC1,1.0307999849319458,train,1794,True
OC1C2CC3OC1C32,2.229199886322021,train,1795,True
CC12CC(C3CC31)C2O,1.4387999773025513,train,1796,True
O=CN1CCC2(O)CC12,4.493899822235107,train,1797,True
CC1N(C)C12COC2,2.085099935531616,train,-1,False
Cc1coc(=O)o1,4.892899990081787,train,1798,True
CC12CC=CC(C1)O2,1.6301000118255615,train,1799,True
OCC12C=CCC1CO2,2.6414999961853027,train,1800,True
O=CC1=CC(O)C2CC12,3.369999885559082,train,1801,True
C#CC1(C#C)OCCO1,1.3260999917984009,test,1802,True
C#CC1CC1(O)CC#N,2.5560998916625977,train,1803,True
Cc1coc(=N)[nH]c1=N,1.4239000082015991,train,-1,False
N#CC1NC2CC1(O)C2,5.375199794769287,train,1804,True
CC1CNC1(C#N)C#N,4.631700038909912,train,1805,True
OCC1CCC2CC12,1.176900029182434,train,1806,True
OCC1CCC2(CC2)C1,1.277400016784668,train,1807,True
CCc1nc(N)c(N)o1,2.0659000873565674,train,1808,True
N=C1CCC(C2CN2)O1,2.734800100326538,train,-1,False
c1nc(N2CCC2)c[nH]1,2.7558999061584477,train,1809,True
Nc1nc(=O)nc[nH]1,8.986800193786621,test,1810,True
CC1OCC2C(C)C2O1,1.5369000434875488,train,1811,True
C#CC1(C)CC1(O)C#N,3.744199991226196,test,1812,True
CC1OC(=N)C2OC12C,3.648099899291992,test,-1,False
CC(=O)C12C=CC(C1)C2,2.6728999614715576,train,1813,True
C#CC1(C)CC(=O)C1O,1.6754000186920166,train,1814,True
CC12CC3NC3C(C1)O2,2.881799936294556,train,1815,True
C#CC12NC1C1OCC12,2.438199996948242,train,1816,True
COCC(=O)CN1CC1,2.8984999656677246,valid,1817,True
CC12CC1C1(O)COC21,0.7394000291824341,train,1818,True
C#CC1(OC)C2CCC21,1.047700047492981,test,1819,True
N#Cc1n[nH]nc1C=O,3.5910000801086426,train,1820,True
O=C1OC2C3OC3C12O,6.027100086212158,train,1821,True
NC(=O)N1CC2(CN2)C1,4.690000057220459,valid,1822,True
N=C(N)c1ncncn1,3.074700117111206,test,1823,True
CC(=O)CC(C)C#N,3.8492000102996826,test,1824,True
O=c1onncc1CO,4.588099956512451,train,1825,True
CC1(C(=O)CC#N)CN1,6.637400150299072,train,1826,True
N=c1nc(CN)nn[nH]1,2.638700008392334,train,-1,False
CC1(C)COC(C#N)C1,4.475100040435791,train,1827,True
C#CC(C#C)(C#N)CN,3.9758999347686768,train,1828,True
CCc1ccoc1C,0.6883999705314636,train,1829,True
NC1=NCC(N)C(=O)N1,3.198199987411499,train,1830,True
N#CC(N)C(=O)NC=O,1.5276000499725342,train,1831,True
CC1C(O)C=CC1C=O,3.748199939727783,train,1832,True
COC12C=CC(C=C1)O2,1.6385999917984009,train,1833,True
CCCN1CC(=NO)C1,0.89410001039505,train,1834,True
N=c1[nH]c(N)cn1C=O,5.946100234985352,train,-1,False
CC1(C)C2CN2C1(C)C,1.5009000301361084,train,-1,False
OC12C3OC4C(C31)C42O,1.568600058555603,test,1835,True
Cc1nn[nH]c1N,5.11929988861084,train,1836,True
OCCC1OC2COC12,2.161600112915039,train,1837,True
C#Cc1n[nH]c(CC)n1,3.289799928665161,train,1838,True
CC12CC(C3CC3)C1C2,0.326200008392334,train,1839,True
C1C2C3OC2C2CN2C13,1.1735999584197998,train,-1,False
CCCC1C=CCC1,0.1430999934673309,train,1840,True
CCNC(C)C#N,4.448400020599365,train,1841,True
O=Cc1coc(=O)o1,4.622499942779541,train,1842,True
CC(O)(C=O)C1COC1,1.781599998474121,train,1843,True
Nc1nc(F)nc(=O)o1,6.163599967956543,train,1844,True
COC1CC=CC1=NO,0.7383000254631042,train,1845,True
N=c1occ(N)oc1=N,4.166999816894531,train,-1,False
CN1CCCC1(C)C#N,3.4021999835968018,train,-1,False
CC#Cc1c[nH]cn1,3.4247000217437744,train,1846,True
CC1C2C(C)C1(O)C2O,1.774899959564209,train,1847,True
CC12CC(C1)OC21CC1,1.6196000576019287,train,1848,True
Oc1[nH]cc2c1CCO2,2.1273000240325928,train,1849,True
N#CC1NC2=NCCC21,3.015700101852417,train,-1,False
N#CCC1=NCCCO1,5.875800132751465,train,1850,True
CC12CC1C1OC12C,1.9621000289916992,train,1851,True
CC1OCC1C(=O)C=O,1.0499999523162842,train,1852,True
C1=Cc2oncc2NC1,3.951499938964844,train,1853,True
C#CC1CC=CCC1C,0.5705000162124634,train,1854,True
CCC(OC)C(C)OC,1.752900004386902,test,1855,True
CNC(=O)C(O)C(C)O,1.7331000566482544,train,1856,True
CC1OC(=O)COC1=N,2.611299991607666,train,1857,True
Cn1c(O)nc(N)c1N,1.2934999465942385,train,1858,True
CC1NC1C1OC1CO,3.1909000873565674,valid,1859,True
CC(C)C1CC1C1CO1,1.596400022506714,train,1860,True
CC1N=CN2CC2C1=O,2.0947999954223637,train,1861,True
CCC(CC#N)C1CC1,4.168600082397461,train,1862,True
C#CC(C)NC(=O)CO,3.9061999320983887,train,1863,True
CC(=N)N1CCC1=O,3.2044999599456787,train,1864,True
CCC1C2CC3C1CC23,0.0412999987602233,train,1865,True
C1CC(C2CC2)CO1,1.7164000272750854,train,1866,True
C#CC(C)N(C)CC=O,2.629699945449829,test,1867,True
O=C1COC2CC3C2N13,3.2488999366760254,train,1868,True
CC1(O)CC(O)C1C=O,2.7327001094818115,train,1869,True
O=C1NC2C3CC2C1O3,4.500199794769287,train,1870,True
CC1(C)OC2CC(C2)O1,1.0306999683380127,train,1871,True
O=COC(C=O)C1CC1,5.145199775695801,train,1872,True
[NH3+]C1C2COC12C(=O)[O-],5.150899887084961,train,-1,False
CC1C2C3=CCOC3C12,1.555899977684021,train,1873,True
ON=C1CC(O)C2CC12,1.05649995803833,train,1874,True
CC1(O)CC1,1.382200002670288,train,1875,True
CC(=O)C1C2CC2N1C,2.129499912261963,valid,-1,False
ON=c1ccncnc1,1.7905999422073364,train,-1,False
N=C1NC=C(C=O)C1O,6.458399772644043,train,-1,False
CC1C(O)C2OC2C1O,2.276400089263916,train,1876,True
N#Cc1[nH]c(O)nc1N,4.261099815368652,train,1877,True
Fc1cccnc1F,3.035399913787842,train,1878,True
Nc1nc(=O)c(F)no1,5.5355000495910645,train,1879,True
CC12OCC1=CC1CC12,1.302899956703186,train,-1,False
C1C2OC3CN4C2C1C34,0.7490000128746033,train,-1,False
CC12CN1C(=O)C21CO1,4.54040002822876,train,1880,True
CC1CC(C)(C(C)O)C1,1.468999981880188,train,1881,True
O=C1C2CCC2C12CN2,2.198400020599365,train,1882,True
CC1=CC2CCC1(C)C2,0.3046999871730804,train,1883,True
CC12CCCC13CC2C3,0.2536999881267547,valid,1884,True
CCC1=CCC2(CO2)C1,1.8515000343322756,valid,1885,True
CC12C=CC(CC1)CO2,1.3796000480651855,train,1886,True
CCC1CC=C(C)C1,0.2540000081062317,train,1887,True
CC(O)C(=O)CO,1.7309999465942385,train,1888,True
CC1C=CC2(C=O)CN12,3.205399990081787,train,-1,False
C#CCC1CC2(CC2)C1,0.6276999711990356,train,1889,True
CC12C=CC(C1)N2C=O,4.312300205230713,train,1890,True
CC1=CC=CC=CC1C,0.6226000189781189,train,1891,True
CCOC(=N)NC=NC,2.199199914932251,train,1892,True
OC1C2OC3CCC3C12,1.6518000364303589,train,1893,True
OC1C=CCC=CC1,1.9357000589370728,valid,1894,True
Cn1nnc(=N)c(N)n1,3.53410005569458,train,-1,False
CCN1C2COC(C)C21,0.6399000287055969,train,-1,False
CCC(C)c1conn1,3.698600053787232,train,1895,True
CC1CN1c1nc[nH]n1,2.498600006103516,valid,1896,True
C#CC1CCC(C)C1O,1.0401999950408936,train,1897,True
O=CCC#CCC1CC1,2.853600025177002,train,1898,True
C#CCC(O)C(O)C#N,4.766300201416016,train,1899,True
CC1OCC(C=O)CO1,2.425299882888794,train,1900,True
N#CC#CC(O)CO,2.874000072479248,train,1901,True
CC#CC(C#CC)CO,2.01419997215271,train,1902,True
COC1(CO)CC1O,1.310099959373474,train,1903,True
CCCCC1(C)CC1,0.1209999993443489,train,1904,True
O=CC1CC2CC1(O)C2,3.003700017929077,train,1905,True
CCC1CC(C)OCO1,1.6929999589920044,train,1906,True
Oc1cccc(O)c1F,0.972100019454956,train,1907,True
O=C1NC2C3COC3C12,4.90399980545044,train,1908,True
CC1CCC(=O)C2CN12,3.1005001068115234,train,-1,False
N#CCN=C1C=CCO1,5.544899940490723,train,1909,True
OC12CCC3CC1OC32,1.3321000337600708,train,1910,True
CC1=NCCC(C)CO1,1.8342000246047971,train,1911,True
CC12C3C4C1N4C32,2.0917000770568848,train,-1,False
C1CC2C(O1)OC1CC12,2.666899919509888,train,1912,True
CC1COC12CC2C#N,3.4758999347686768,train,1913,True
CC12OC3C(O)CC1C32,2.490000009536743,train,1914,True
C1CC2(C1)NC2C1CO1,1.6146999597549438,train,1915,True
COC1CC1NCC=O,3.226599931716919,train,1916,True
CC#CC1(C=O)CC1C,3.142699956893921,train,1917,True
NC1Cn2c1noc2=O,5.6132001876831055,train,1918,True
COC(C)(C=O)C=O,3.455899953842163,train,1919,True
N#CCN=C1CCO1,5.93149995803833,train,1920,True
C#CC#CC1OCCO1,1.5650999546051023,train,1921,True
C1CC1CC12CCC1C2,0.2415000051259994,train,1922,True
CNC1(CO)CC1C#N,5.411399841308594,valid,1923,True
Cc1cc[nH]c1CCO,1.8734999895095823,train,1924,True
NC(=O)N1C=NCC1=O,4.335700035095215,train,1925,True
CCCC12NC1C1CC12,1.8452999591827397,train,1926,True
CC1COC(C2CN2)C1,1.8496999740600584,train,1927,True
CC(C)CC1C2CCC21,0.2702000141143799,test,1928,True
CCC12CC3C1C(C)C32,0.2099000066518783,train,1929,True
CC1(O)CC12C1CC2C1,1.1998000144958496,train,1930,True
N#CC1(CO)CCOC1,2.7091000080108643,train,1931,True
N#CC12CC(C1)OC2=O,5.708099842071533,train,1932,True
Cc1n[nH]c(=O)n1C,3.2014000415802,train,1933,True
CCC1CNC1=O,3.479599952697754,train,1934,True
O=CC12OCC1C2CO,3.754499912261963,train,1935,True
O=C1CC2OCC2(O)C1,2.901400089263916,train,1936,True
CC1CC(C=O)C1=NO,2.223099946975708,test,1937,True
CC12C3NC1C2(O)C3=O,3.1178998947143555,train,1938,True
N=C1OC2C=CC(O)C12,2.8285999298095703,train,-1,False
CC(O)C#CC1CC1O,2.4735000133514404,train,1939,True
CCC12C3C4N1C2C43C,1.881500005722046,train,-1,False
COC(C)(C=O)C1CC1,1.7832000255584717,train,1940,True
COCC1NC12CCC2,0.6625000238418579,train,1941,True
O=CC12CC(C1)C1CC12,2.88479995727539,valid,1942,True
C#CC1CCCOC=N1,2.5820000171661377,train,1943,True
CC12CC(O)C1=CCO2,1.83490002155304,train,-1,False
C[NH2+]CCC(C)C(=O)[O-],6.238399982452393,train,-1,False
CC1Cn2cncc21,4.1006999015808105,train,1944,True
CC(O)C#CC1(C)CO1,2.649499893188477,train,1945,True
O=C1NC2(CO1)CC2O,5.963900089263916,valid,1946,True
CC12COC(=N)C1C2,3.3961000442504883,train,-1,False
O=C1OC2C3OC2C13,2.282599925994873,train,-1,False
COCCCCC(N)=O,2.544100046157837,train,1947,True
COCc1ncccn1,1.4460999965667725,valid,1948,True
CC1OC2CN(C2)C1C,0.2569999992847442,train,-1,False
CC1C(O)C2(CC2)C1O,1.0351999998092651,valid,1949,True
COc1c[nH]cc1O,2.754199981689453,valid,1950,True
CCC(C=O)OC=N,4.240300178527832,train,-1,False
CCC1(C)CC2CC1C2,0.0857999995350837,train,1951,True
N=c1ccoc(CO)n1,3.211699962615967,valid,-1,False
O=CC1C2OC2C2OC12,3.988600015640259,train,1952,True
O=C1CCN2CC2C1O,2.0085999965667725,train,-1,False
CC#CC12CCCC1C2,0.2166000008583068,train,1953,True
CC12CC(CO)CC1O2,1.0204999446868896,train,1954,True
CC1(C(N)=O)CC(=O)N1,2.1117000579833984,train,1955,True
O=C1CCCC12CCC2,2.6721999645233154,valid,1956,True
CC12C=CC(C)(C1)C2,0.1252000033855438,train,1957,True
CCN1CC(C)(C#N)C1,3.641900062561035,train,1958,True
Nc1nc(O)coc1=O,3.213900089263916,test,1959,True
CC(CO)CN1CC1,1.2072999477386477,train,-1,False
N#CCC1(O)C=CCC1,3.652600049972534,train,1960,True
CC12C=CC3C4C(C31)N42,1.537600040435791,test,-1,False
CC12CC(C=O)=CC1C2,3.645299911499024,train,1961,True
O=C1OCC1CN1CC1,4.093100070953369,train,-1,False
CC1Cc2nn[nH]c2N1,5.2993998527526855,train,1962,True
C#CC12CCC=CC1C2,0.7023000121116638,train,1963,True
O=CC1COC1C=O,4.917200088500977,train,1964,True
CN(C)c1ccno1,4.00029993057251,train,1965,True
O=C1CC2OC2C2CC12,2.231300115585327,train,1966,True
OCC1CC12CN1CC12,2.6767001152038574,train,-1,False
CC1C(=O)CC12CCO2,2.784899950027466,train,1967,True
C1CC2(CC2)C2(C1)CC2,0.2427999973297119,train,1968,True
CC12C3C4N1C4(CO)C32,2.1647000312805176,valid,-1,False
O=Cc1cnc(F)cn1,1.9941999912261963,valid,1969,True
CNc1oc(O)nc1C,0.8895000219345093,train,1970,True
CC#CC(C)(C)CC#N,4.312300205230713,test,1971,True
N=C1COC(C2CN2)O1,1.8388999700546265,train,-1,False
C1OC2CC1CO2,2.4848999977111816,train,1972,True
N=c1[nH]cc(N)c(=O)[nH]1,2.4351999759674072,train,-1,False
O=CNc1cc[nH]c1O,4.946599960327148,train,1973,True
Cc1cc(C[NH3+])oc1[O-],6.01639986038208,train,-1,False
CC1C2CC1(C#N)CO2,3.047800064086914,train,1974,True
CC(=O)N1C2CC(=O)C21,1.3315999507904053,train,1975,True
O=C1NC2=NCC3C1C23,3.3071000576019287,test,1976,True
C#CC(C)(C)CCO,1.835800051689148,train,1977,True
N=c1[nH]c2[nH]nnc2o1,4.457900047302246,train,-1,False
CCC1CC1(C)CO,1.3423999547958374,valid,1978,True
CC1CC2C=CC1C2=O,2.7390999794006348,train,1979,True
C#CCc1cc(C)n[nH]1,2.227799892425537,train,1980,True
Nc1[nH]ccc1[N+](=O)[O-],6.704699993133545,train,1981,True
CCCCn1nccn1,0.8294000029563904,train,1982,True
CC#CC1OCC(C)O1,1.757099986076355,train,1983,True
C#CC1C2C(C)C(C)C12,0.8560000061988831,train,1984,True
C#Cc1ccc(NC)[nH]1,3.2425999641418457,valid,1985,True
N=c1[n-]nc(C(N)=[NH2+])o1,7.08050012588501,train,-1,False
CC1CC(C=O)O1,2.1092000007629395,train,1986,True
CC(=O)N1CC1C(C)O,2.5074000358581543,train,1987,True
OC1C=CCCC12CC2,1.780900001525879,train,1988,True
CCCCC(C)OC,1.0313999652862549,valid,1989,True
CCCOCC1(C)CC1,0.7876999974250793,train,1990,True
N=C1OC2CC3C1C23,3.31820011138916,train,-1,False
COCC1CCNC1=O,2.7843000888824463,train,1991,True
OC1C2CC=CCC1O2,1.1994999647140503,train,1992,True
CC12C(=O)N3CCC1C32,3.920500040054321,train,1993,True
COC(=O)CCNC=O,3.299999952316284,train,1994,True
CCC1=CCCC1(C)C,0.1498000025749206,train,1995,True
NC12CN=C3OC1C32O,6.681300163269043,train,-1,False
C#CCC1CCO1,2.1549999713897705,train,1996,True
C#Cc1coc(=N)[nH]1,2.8778998851776123,train,-1,False
CC1NC(C)C1=NO,1.0611000061035156,valid,1997,True
N#CC12CC3C4C3N1C42,5.322999954223633,train,-1,False
OC1Cc2ccnn2C1,3.0632998943328857,valid,1998,True
CC(C)OC1CC2OC12,2.69190001487732,train,1999,True
NC1=CC(=NO)C(O)C1,3.1421000957489014,train,2000,True
CC(C)N=C1NCC1O,2.296499967575073,train,-1,False
Oc1cc(C2CC2)n[nH]1,2.552799940109253,train,2001,True
O=C1CNC2CC3C1C23,3.1073999404907227,train,2002,True
O=C1C2CC3(O)C1C23,2.645699977874756,test,2003,True
CN1C2C=CCC21C#N,5.026100158691406,valid,2004,True
OC1CC2C3NC2C13O,3.207099914550781,train,2005,True
C1CCC2CC2C1,0.1650999933481216,valid,2006,True
CC1C(C)C12CCC2O,1.4982999563217163,train,2007,True
CC1COC(=N)C(=N)O1,4.756999969482422,train,2008,True
OCC12C3CC1C1C3C12,1.5291999578475952,test,2009,True
C#CC1=CC2C(C)C2C1,0.8930000066757202,train,2010,True
CCN=c1ccnco1,0.6807000041007996,train,-1,False
Cn1nc(C=O)cc1N,6.637800216674805,train,2011,True
CN=C1NC2CC2(C)O1,3.196799993515014,train,-1,False
OC12CC1CC1(CC1)C2,1.1885000467300415,train,2012,True
CC1(C)CCC1OC=O,3.944499969482422,train,2013,True
OCC1(O)CC2(CN2)C1,1.9150999784469604,train,2014,True
CC#CC(=N)NC(C)=O,5.631499767303467,train,2015,True
CC#CCC1NC1C#N,4.914599895477295,train,2016,True
OCC1=CC(O)C2CC12,3.2771999835968018,test,2017,True
CCC1CCC1(N)C#N,4.484300136566162,train,2018,True
CCCC1CC1C1CC1,0.095100000500679,train,2019,True
C#CCC1OC2C(O)C12,1.5183000564575195,train,2020,True
CC1(C)CC2CC1C2=O,2.900399923324585,train,2021,True
CC(=O)C1NC(=N)C1O,1.999500036239624,train,-1,False
Cc1coc(=O)[nH]c1=N,1.82860004901886,train,-1,False
NC(=[NH2+])c1[nH]ccc1[O-],5.465499877929688,train,2022,True
CC12C(O)C3CC1N2C3,2.7483999729156494,train,-1,False
N#CC1CC2OCC=C12,2.908799886703491,train,2023,True
C#CC12CCN1C2,1.6550999879837036,train,2024,True
c1noc(CC2CO2)n1,2.8010001182556152,test,2025,True
CC1CCC2C3CC3C12,0.2752000093460083,train,2026,True
OC1CC2(CC2)C12CC2,1.3595999479293823,train,2027,True
N#Cc1n[nH]ccc1=N,6.713699817657471,train,-1,False
COCC12CC1C(C)O2,1.1669000387191772,train,2028,True
CC1OC(=N)C1C1CC1,2.750600099563598,train,-1,False
CC(=O)COC(C)CO,4.4721999168396,train,2029,True
O=C1C=CC2CCCC12,3.5488998889923096,train,2030,True
CC1(C)OC1(C)C1CO1,0.4309000074863434,train,2031,True
CC#CC1NC(=N)C1O,4.166299819946289,train,-1,False
OC1CC1C1(O)COC1,1.7051000595092771,train,2032,True
O=C1C2COC13COC23,2.821799993515014,train,2033,True
CC12CC3C(CN31)C2=O,1.9098000526428225,valid,-1,False
CC(C)([NH3+])C#CC(=O)[O-],5.321599960327148,train,-1,False
C#CC1(C#N)CN(C)C1,4.556600093841553,train,2034,True
N=c1ocnoc1=N,2.977099895477295,valid,-1,False
N#CC12CCCCN1C2,5.179800033569336,train,-1,False
CC(C)Oc1ccon1,1.6419999599456787,train,2035,True
N=C1OC2(CCC2)C1N,1.6863000392913818,test,-1,False
C#CC1NC1(C#N)CC,2.654900074005127,train,2036,True
Cc1ncccc1CO,2.561599969863892,train,2037,True
COC1C2C3C1C1C2N31,2.290600061416626,valid,-1,False
CCN=C(COC)OC,2.249599933624268,train,2038,True
COCC1CC(C)C1O,1.3849999904632568,train,2039,True
OC1COCC2OC12,1.7970999479293823,train,2040,True
C#CCN(C=N)C(C)=O,1.76010000705719,test,2041,True
C#CC1(C)CC(CC)C1,0.6876999735832214,train,2042,True
CCC1C2(O)COC12C,1.992300033569336,train,2043,True
C1COC(C2CO2)O1,2.80430006980896,valid,2044,True
ON=C1C2OC1C1NC21,2.2614998817443848,train,2045,True
O=c1oc2c(o1)CNC2,4.251599788665772,train,2046,True
ON=C1COCOC1,1.569000005722046,train,2047,True
CC1OC(C2CC2)C1C,1.594599962234497,train,2048,True
CCOCC#CCC=O,2.78410005569458,train,2049,True
CCC1(OC)CC1OC,0.9495000243186952,train,2050,True
CC12C=CCC(=O)C1O2,2.7950000762939453,test,2051,True
O=CC12CC1C1CC2C1,3.083899974822998,train,2052,True
CCNC(=N)C(O)C#N,4.084199905395508,test,2053,True
CC1C2OCC12CO,1.6160999536514282,train,2054,True
CCC(=O)C1(C#N)CO1,4.996600151062012,valid,2055,True
CCC12COC1C1OC12,3.0527000427246094,valid,2056,True
CC1CC2CC3(O)C1C23,1.3655999898910522,train,2057,True
C#CCn1nccc1O,2.803999900817871,valid,2058,True
COc1[nH]c(O)nc1O,1.4321999549865725,train,2059,True
CC(C)(O)c1conn1,2.882200002670288,train,2060,True
CC1NCc2ncoc21,1.8562999963760376,train,2061,True
CCC(O)CC#N,4.970799922943115,train,2062,True
CCC(=NO)C(C)C=O,2.1956000328063965,train,2063,True
O=Cn1ccc(CO)c1,1.729699969291687,test,2064,True
C#CC1OCCOC1=O,3.634500026702881,train,2065,True
CC(O)c1nccn1C,2.413599967956543,test,2066,True
Nc1cnc(=O)on1,6.682000160217285,train,2067,True
N#CC1OCC1N1CC1,5.2378997802734375,train,-1,False
CC(=O)C12CN1C1CC12,2.4398000240325928,train,-1,False
CCCN1CCOC1=O,4.756899833679199,train,2068,True
N#CC(N)C1CC1,4.618599891662598,train,2069,True
CC(=O)c1coc(=O)o1,5.440100193023682,train,2070,True
C#CC(=O)C(=O)C(C)O,2.2399001121521,test,2071,True
O=C([O-])C[NH2+]CCCO,5.05649995803833,train,-1,False
Cc1c(N)n[nH]c1N,3.032900094985962,train,2072,True
CC12CN=C3OC1C32,3.928900003433228,train,2073,True
OC12C=CCC1C1OC12,1.9312000274658203,train,2074,True
Nc1nnc2[nH]nnn12,2.1975998878479004,train,-1,False
COC1C2CC1(C=O)O2,1.1854000091552734,train,-1,False
CC1C2CC3(C2)OCC13,1.934499979019165,train,2075,True
CC12CC1N1CC12C,1.6473000049591064,train,-1,False
N=c1onc(N)[nH]c1=O,5.33489990234375,train,-1,False
C#CCC(O)(C#N)C=O,3.195499897003174,train,2076,True
O=C1CCCNC12CC2,2.532999992370605,train,2077,True
N#CC(O)C1(CO)CO1,3.725600004196167,train,2078,True
CC1(C)NC1(C)CO,2.8201000690460205,train,2079,True
CC(C=O)COCC=O,2.560400009155273,train,2080,True
O=C1CC2CNC1CO2,2.8415000438690186,train,2081,True
C#CCC1COC1C#C,1.465000033378601,train,2082,True
CC1OC12C(=O)C1OC12,2.692100048065185,train,2083,True
CNC(C)(C#N)C(C)N,3.117000102996826,valid,2084,True
CCC1=NC2(CC2)CO1,1.0702999830245972,valid,2085,True
CC(CO)C1=CCOC1,1.5063999891281128,train,2086,True
N#CC(=O)C1(C=O)CO1,4.437900066375732,train,2087,True
CC(C=O)(C=O)C1CN1,1.6491999626159668,train,2088,True
CC12OC1C1OC12C=O,4.396699905395508,train,2089,True
CC12CC3(O)CC3C1O2,1.0631999969482422,train,2090,True
OC12CC=CC1C1CC12,1.3693000078201294,train,2091,True
CC1(O)CCC1C#N,4.408199787139893,train,2092,True
CC1COC(C#N)C1C,3.9321000576019287,valid,2093,True
C#CC(C)(C)COC=O,3.3684000968933105,test,2094,True
N=C1OCC1OCCO,1.7038999795913696,train,2095,True
CC1COC(C)C1C,1.5318000316619873,valid,2096,True
CC1CC(N)=CC(=O)N1,5.563399791717529,train,2097,True
CCn1nc(O)oc1=N,1.8557000160217283,train,-1,False
Cc1nocc1N(C)C,3.6659998893737793,train,2098,True
OC1CC1c1cn[nH]n1,1.339900016784668,train,2099,True
CNC1=CC(=O)CC1C,6.291399955749512,train,2100,True
C#CC#N,3.7920000553131104,train,-1,False
CC(O)C1C(O)C2CC21,2.5566999912261963,train,2101,True
C#CC1CN1C(C)(C)C,0.7457000017166138,train,-1,False
O=CC(O)C1CC2CC21,2.5971999168396,train,2102,True
COC1C2COC(C)C21,2.149199962615967,test,2103,True
CC1(C2COCO2)CC1,1.239300012588501,train,2104,True
C1NC1Cn1nnnn1,3.7987000942230233,train,2105,True
OC1C2C3CCC3C12,1.6158000230789185,train,2106,True
C#CC12CCC1C1OC12,1.2228000164031982,train,2107,True
CC(=O)c1cocc1O,3.0768001079559326,train,2108,True
O=CC(=O)C12COC1C2,0.6531000137329102,test,2109,True
CC1=CCN2CC(=O)C12,2.3036999702453613,test,2110,True
O=CC12C3CC4C3N1C42,3.25570011138916,train,2111,True
CC1(C)OC12CCC2=O,3.287400007247925,test,2112,True
CC1C2C(C#N)C3C2N13,3.3645999431610107,train,-1,False
OC1C=CC2OCC12,0.8927000164985657,train,2113,True
CCCC(O)(C#N)CC,4.6350998878479,train,2114,True
CCC1(CC)CC1(C)C,0.068800002336502,train,2115,True
N=C1OCCC2CC12O,2.77020001411438,train,-1,False
Cc1ncc(F)cc1F,0.8041999936103821,train,2116,True
C#CC(C)(CC)OC,1.426699995994568,train,2117,True
CC1C2CC(=O)C1(C)O2,2.815200090408325,test,2118,True
CC12CC3(O)CN1C32,2.0764000415802,train,-1,False
O=C1C2CC3CC1N3C2,2.3570001125335693,train,-1,False
O=CC1(CO)CCCC1,3.0804998874664307,train,2119,True
O=C1C2CCC1(CO)O2,3.5653998851776123,train,2120,True
CCc1noc(C)c1N,3.750600099563599,valid,2121,True
O=C1NC=NC1CCO,3.922300100326538,train,-1,False
CC1(CO)CCC12CC2,1.2510000467300415,train,2122,True
CC1OC1C1(C)CCO1,1.7666000127792358,train,2123,True
c1cc(C2CN2)[nH]n1,3.845099925994873,train,2124,True
C1CC2(C1)CC1OC12,1.818300008773804,train,2125,True
CCC12CN3C4C3C1C42,1.727300047874451,train,-1,False
Cn1cc(NC=O)nn1,1.0795999765396118,train,2126,True
N#CC(N)C(N)C(N)=O,5.469299793243408,train,2127,True
OCC1C2C3CC(C3)C12,1.2958999872207642,train,2128,True
CN1CC1C1CC1,1.3453999757766724,train,-1,False
C#CC12CCC1OC2=O,4.021999835968018,train,2129,True
CC12CC3C4OC3C1C42,1.991199970245361,train,2130,True
C#CC1=CCC2NC12C,1.7756999731063845,train,2131,True
O=C1C=CCC2CC12O,3.603800058364868,train,2132,True
CC(C=O)C1(C)CO1,2.4458999633789062,train,2133,True
CCC12CC3CC(C1)C32,0.1932999938726425,train,2134,True
CCCC(C)C(O)C=O,2.275099992752075,test,2135,True
NC(=O)C12C3CC1C2C3,3.4574999809265137,train,2136,True
CC1OCOC(=O)C1N,2.7690999507904053,train,2137,True
CNC(=O)CC(N)=O,3.0943000316619877,test,2138,True
CN1C(=N)C2OC2C1=O,1.729699969291687,train,2139,True
C1CC2COCC(C2)O1,1.6669000387191772,train,2140,True
CN1CC(=O)C=C(N)C1,5.6057000160217285,train,2141,True
CC(C=O)C(O)C=O,2.971199989318848,train,2142,True
CC12CC3CC1C32C=O,2.9514000415802,train,2143,True
C#CC1(C)CN=C(C)O1,1.1913000345230105,valid,2144,True
COCCCN1CC1,1.801800012588501,train,2145,True
CCC12CC1N1CC12,1.6477999687194824,train,-1,False
CCc1cnc(=N)[nH]n1,3.364300012588501,train,-1,False
CC(=NO)C1CC1CO,1.7720999717712402,train,2146,True
COC1C(=O)N2CC12C,3.246299982070923,valid,2147,True
OC1C=Cc2c[nH]nc21,3.4475998878479004,train,2148,True
CC1CC=CC=CCO1,1.1664999723434448,train,2149,True
CC1OC2C(=O)NC12,4.419400215148926,train,2150,True
CC(C)CC1=CCOC1,1.9023000001907349,train,2151,True
N#Cc1nonc1CN,4.272200107574463,train,2152,True
N#CC1(C#N)CC2NC21,5.610799789428711,train,2153,True
Oc1[nH]nc2c1CCC2,2.783499956130981,train,2154,True
CC12CC3C(C1)C3(C)O2,1.1512000560760498,test,2155,True
C#CC(O)C1C(O)C1O,2.5820000171661377,train,2156,True
N=C1OC2C3CC2C3O1,4.614999771118164,train,2157,True
CC#CC(CO)COC,2.881999969482422,train,2158,True
O=C1COCC=CN1,3.378999948501587,train,2159,True
CC1NCCOC1=O,4.458399772644043,train,2160,True
O=CC1CC(=O)C2CC12,2.25819993019104,train,2161,True
CC1(C)CC(=O)N1C=O,6.081299781799316,train,2162,True
CC(=NO)C1NCC1O,1.670699954032898,train,2163,True
Cn1ccnc1[N+](=O)[O-],5.814499855041504,train,2164,True
CCC#CC(=O)CO,4.897900104522705,train,2165,True
C#CC(C)(O)C(=O)NC,3.1201000213623047,train,2166,True
CN1C2C(C#N)CC21C,3.937900066375733,train,-1,False
N#CCC1C(O)C1O,6.08489990234375,train,2167,True
OCC1OC2CC12O,2.729099988937378,train,2168,True
CC1C2CC1O2,1.993000030517578,train,-1,False
O=CC1OC1C#CCO,1.5644999742507937,train,2169,True
CC1=CCC2CC(O)C12,1.3487999439239502,train,2170,True
COCC12CC(C1)C2,1.003499984741211,train,2171,True
N=C1OC23COC2CC13,1.0633000135421753,train,-1,False
C1=C2C3C(CC1)N1C2C31,1.239300012588501,valid,-1,False
O=CC12CC(CC1=O)O2,3.9219000339508057,train,2172,True
N#C[C-](C#N)C1CC1[NH3+],5.942500114440918,train,-1,False
OC1COC2CCC12O,2.12940001487732,test,2173,True
CC1C2OC3C2N2C1C32,0.5037000179290771,train,2174,True
Cc1nc(N)nc(O)n1,1.4323999881744385,train,2175,True
COC1CC2(CO)NC12,1.4925999641418457,train,2176,True
CCC(COC)COC,2.0653998851776123,train,2177,True
CN=COC1(C)CC1C,2.9072999954223637,train,2178,True
C1COC(CC2CC2)=N1,1.3082000017166138,train,2179,True
CC1OC(C#N)C1=O,3.914799928665161,train,2180,True
CC1CC2CCC12O,1.2479000091552734,train,2181,True
N=COCC1CCC1=O,4.542600154876709,train,-1,False
CC1(C)C2OCC3C2C31,1.5769000053405762,test,2182,True
CC1C=CCC1(C)C=O,2.531399965286255,train,2183,True
Nc1onc2c1CC=C2,4.226200103759766,train,2184,True
N#CC12OC3C1COC32,4.346099853515625,train,-1,False
CC12OC3C1OCC32O,0.4934999942779541,train,2185,True
CN1CC23CC4N2CC413,1.7000000476837158,train,-1,False
Cc1noncc1=N,2.1533000469207764,train,-1,False
CCC12C3OC1C2C3O,0.9297999739646912,train,2186,True
CC1(O)C2CC3C2C31O,1.8393000364303589,train,2187,True
CC1C2C(=O)C1(C)C2C,3.195499897003174,train,2188,True
OC1CC2CC2N2CC12,2.104599952697754,train,-1,False
CC(O)CC1(C)CCO1,0.993499994277954,train,2189,True
N#CC12CC1CCCN2,4.843800067901611,train,2190,True
N#CCC1=NC2CC2O1,3.842400074005127,train,2191,True
Nc1cnc(O)[nH]1,1.957800030708313,train,2192,True
CCC1CC=C(C)CO1,1.0860999822616575,train,2193,True
OCC1OC2=NCCC21,3.120199918746948,train,-1,False
CC(C)C(C=O)OC=N,1.8220000267028809,train,-1,False
ON=C1C2C=CC1C2,0.9563999772071838,train,2194,True
CCC(C)n1ncnn1,3.0845000743865967,train,2195,True
C#CC1(C)C(O)C1C=O,2.5172998905181885,valid,2196,True
CC1OC=NC1C1CN1,1.8604999780654907,train,2197,True
C#CC(C)(O)CC1CN1,2.637900114059448,valid,2198,True
OCC1=NCC2CCN12,3.741699934005737,train,-1,False
CC1C2(C)CCC12O,1.1689000129699707,train,2199,True
N#CC1=NCC2CC2N1,5.372700214385986,train,2200,True
CC1NC1C#CCC=O,3.536099910736084,train,2201,True
CC(O)CC1(C=O)CN1,3.669300079345703,valid,2202,True
CCCC(C)CC(C)O,1.3672000169754028,train,2203,True
CC1=CN(C)C(=O)CC1,3.156500101089477,test,2204,True
CC(COC=O)OC=O,5.768899917602539,train,2205,True
CC1CC12C=CCC2,0.2049999982118606,train,2206,True
CC(C)C1CC1C=O,3.286799907684326,train,2207,True
CN1CC1C1(CO)CN1,1.625300049781799,train,-1,False
CC(=O)CNCCC#N,5.176400184631348,valid,2208,True
CC1C(CC=O)N1C=O,4.717199802398682,train,2209,True
CCC12CC1(C)CC2=O,3.274499893188477,test,2210,True
CC1(C2CO2)C2CC1C2,1.667799949645996,train,2211,True
C1=CC23OC2(C1)C1CC13,2.069299936294556,train,2212,True
C1OC1CN1C2CC1C2,1.5782999992370603,train,2213,True
O=C1NCC(O)C1O,2.676100015640259,train,2214,True
C#CCNC(=O)CC#C,2.954400062561035,train,2215,True
C1C2C3C4C5C(C2N35)N14,1.151600003242493,train,-1,False
CCC(C)COCCO,2.2314999103546143,train,2216,True
N=c1ccncc(N)n1,4.430200099945068,train,-1,False
N#CC1NC2C3CC3C12,4.776000022888184,train,2217,True
CC#CC(C#N)C(C)C,4.110300064086914,train,2218,True
CC1=CC=CCC=C1C,0.3978999853134155,train,2219,True
OC12C3CC4OC3C1C42,1.7705999612808228,test,2220,True
CC(N)C(C)(C#N)C#N,5.377600193023682,train,2221,True
C1CC23CCC2(C1)C3,0.4255000054836273,test,2222,True
CC(C)c1cc[nH]c1N,1.1507999897003174,train,2223,True
CCC1NCC1=NO,1.0612000226974487,train,2224,True
CCC1C=C(CO)CC1,1.502900004386902,train,2225,True
Nc1occc1NC=O,3.867899894714356,train,2226,True
CCN=c1nccno1,2.700200080871582,train,2227,True
COC(C#N)C1CCO1,4.750899791717529,train,2228,True
Cc1cc(CCO)[nH]n1,2.153599977493286,train,2229,True
OCC#CC1NC1CO,1.6419999599456787,test,2230,True
CC12C3C4C(=O)N1C2C43,4.38070011138916,train,2231,True
C#CC1CNC(CO)=N1,3.748500108718872,train,-1,False
O=CC1C2CCC(=O)C12,4.391499996185303,train,2232,True
C#Cc1cncnc1F,1.7908999919891355,train,2233,True
CC1=CCC(C=O)CC1,2.9165000915527344,test,2234,True
CC1OCCNC1C#N,4.781199932098389,train,2235,True
CN=c1cnc(F)c[nH]1,1.898900032043457,train,-1,False
COCCC(O)CC#N,4.423099994659424,valid,2236,True
CN1C(=O)NCC1CO,4.3171000480651855,test,2237,True
CC(C#N)COC(N)=O,5.5391998291015625,valid,2238,True
O=C1NC=NC12CC2,2.0785000324249268,train,2239,True
ON=C1CCC12CCO2,1.66729998588562,train,2240,True
N#CC1OC12CCC2,4.077400207519531,train,2241,True
CC1C2C=C(C=O)C1C2,3.613100051879883,valid,2242,True
CCN(C)C(=[NH2+])C(=O)[O-],8.928199768066406,train,2243,True
C#CC12COCC1O2,2.1800999641418457,valid,2244,True
O=C1CC23CCCC12O3,3.2681000232696533,valid,2245,True
CC12CN(C=O)C1CO2,3.881200075149536,train,2246,True
NC(=O)CC1OC2CC12,4.129899978637695,train,2247,True
COc1noc(=O)n1C,5.470399856567383,train,2248,True
CCn1cnn(C)c1=O,2.4428999423980717,train,2249,True
CC(C)C(=O)C1(C)CN1,2.674000024795532,train,2250,True
OC1C2CC3(CC3)OC12,1.7690000534057615,train,2251,True
O=C1C2CC3(CO)C2N13,3.7018001079559326,train,2252,True
N=C1CCCOCO1,2.907599925994873,train,2253,True
CC12CC(CCO1)CO2,2.075500011444092,train,2254,True
C1CC23CC(C2)OCC13,1.4092999696731567,train,2255,True
CCC1C(=N)OCC1=O,1.236600041389465,test,-1,False
C1=CC23COC2C2C1N23,2.4207000732421875,train,-1,False
COC1C(=O)CNC1=O,2.847100019454956,test,2256,True
CC1C(O)C=CC1CO,1.5094000101089478,test,2257,True
COC(=N)C(O)CCO,4.260600090026856,train,-1,False
CC#CC1(C)COC1,2.028700113296509,valid,2258,True
O=C1CC(O)CC(O)C1,0.5267000198364258,train,2259,True
CC1(C2CC3CN32)CO1,1.6126999855041504,test,-1,False
CC1N(C(N)=O)C1(C)C,3.183500051498413,test,2260,True
C1=CC23OC2COC3C1,1.8358999490737915,valid,2261,True
O=C1NCCCC2CC12,3.783999919891357,train,2262,True
CC1C2C(O)C(C#N)C12,4.161499977111816,train,2263,True
CC(=O)C1OC1C(C)=O,2.69320011138916,train,2264,True
OC12CC(C1)C1OC12,2.6501998901367188,test,2265,True
c1nc2n(n1)C1CC1O2,4.053899765014648,test,2266,True
CC1OCc2ccoc21,1.2759000062942505,train,2267,True
CCC(C)(C)OCC#N,3.771100044250488,test,2268,True
c1nc2cnocc-2n1,1.1792000532150269,train,-1,False
NC(=O)C1OCC12CC2,2.635999917984009,train,2269,True
C1OC2C1OC1CC12,1.172600030899048,train,2270,True
OCc1cnc(F)nn1,4.353300094604492,train,2271,True
CC1OC23COC2CC13,1.9490000009536743,valid,2272,True
CNc1cn[nH]c1N,3.4072999954223637,train,2273,True
CC1=CCC2NC12C#N,3.210200071334839,train,2274,True
CNC(=O)CC1CC1,3.7385001182556152,train,2275,True
CC1CC1C12CC(C1)O2,1.6658999919891355,train,-1,False
CC1NC1C1OC2CC21,1.4050999879837036,train,2276,True
CC1CC23CC(C2=O)C13,3.3958001136779785,train,2277,True
COC(C)C1CC(C)O1,1.3208999633789062,train,2278,True
C#CC12COCC1OC2,1.0932999849319458,train,2279,True
CC12CN3C(CCO1)C32,0.9172000288963318,train,-1,False
C#CC12CN(C1)C21CC1,1.306399941444397,train,-1,False
CC(O)C1NC1C#N,4.278200149536133,train,2280,True
OC1C2CC3OC3C1O2,1.8222999572753904,train,2281,True
CN=C1OCOCC1O,1.999099969863892,train,2282,True
OC1C(O)C1C1CN1,2.961899995803833,train,2283,True
Nc1nccc(F)n1,1.419800043106079,train,2284,True
O=C1CN=C(C2CC2)N1,3.4195001125335693,valid,2285,True
CC(O)C(=N)OC(N)=O,5.017499923706055,train,2286,True
CC(C)c1nc(O)c[nH]1,2.8443000316619877,train,2287,True
C1CC12C1NC2C12CO2,2.118499994277954,train,2288,True
C[NH+]=C(N)CC(=O)[O-],1.180500030517578,valid,-1,False
CC1CC1C#CC1CO1,2.1842000484466557,train,2289,True
CC1NC1c1cn[nH]c1,3.4835000038146973,train,2290,True
COCC1(C(C)=O)CN1,2.6507999897003174,train,2291,True
COC(C=O)C1CC1C,1.9775999784469604,train,2292,True
CC1C2OC(N)=NC12C,1.350000023841858,train,2293,True
O=CC1C=CCC(O)C1,3.27620005607605,train,2294,True
ON=C1CC2OCCC12,0.7972000241279602,test,2295,True
O=CN1CC2C3CC3C21,4.411200046539307,train,2296,True
CNC(C=O)(C=O)C=O,3.207099914550781,train,2297,True
C1=CC2C=CCC(C1)C2,0.3880000114440918,test,2298,True
CC1OC2C(C)C12C#N,3.192300081253052,train,2299,True
N#CCOc1ncc[nH]1,4.009099960327148,train,2300,True
C#CC1C(=O)C2(C)NC12,3.884200096130371,valid,2301,True
O=C1NCCCNC1=O,6.677700042724609,test,2302,True
CCC1OC(=O)C1OC,3.352400064468384,train,2303,True
CC1OCC1=NO,1.1030000448226929,train,2304,True
Cn1cnc(=N)c(F)n1,5.478700160980225,train,-1,False
CC(=O)N(C)C1(C)CC1,3.225100040435791,test,2305,True
N#CC#CCC=O,3.189300060272217,train,2306,True
O=CC1CC1C(F)(F)F,3.1171000003814697,train,2307,True
C1=CC2C3C(C1)C1C2C31,0.3292999863624573,train,2308,True
CC1C2CC(CO)C1C2,1.357100009918213,train,2309,True
Cc1ccc([N+](=O)[O-])[nH]1,5.235199928283691,train,2310,True
CC12C(O)CC3CC1C32,1.3164000511169434,train,2311,True
COC1C(=O)CC1C,2.1754000186920166,test,2312,True
C#CC1(C)CCC1OC,1.402500033378601,train,2313,True
CC1C2N=C(C=O)OC12,4.068299770355225,train,2314,True
CCC1N2C(=O)CC12C,4.052800178527832,train,2315,True
CC1COC(=N)NC1=O,3.194999933242798,train,2316,True
COC1CCOC1C#N,4.06790018081665,train,2317,True
N=c1nc(N)[nH]c(F)n1,6.84499979019165,train,-1,False
N#CCC(N)COC=O,4.299499988555908,train,2318,True
c1cc2c([nH]1)N1CC1C2,0.9241999983787536,train,2319,True
CC1=C(C#N)CNC1=O,2.5179998874664307,test,2320,True
COc1coc(C=O)c1,4.518700122833252,train,2321,True
OC1CC12C1CN2C1,2.336800098419189,valid,-1,False
C#CCC12OC1CC2C,1.972599983215332,train,2322,True
C#CCOC(C)(C)CC,1.1024999618530271,train,2323,True
COCCC1(C)CCC1,0.9983000159263612,test,2324,True
CC1=CNC(=O)CC1O,3.434499979019165,train,2325,True
C#CC1(C#N)CCN1,4.754099845886231,train,2326,True
C1NC1C12CC(C1)O2,1.2871999740600586,test,-1,False
CC1C=CC2C(O)CC12,1.7419999837875366,train,2327,True
CC1OC2C(C)C1C2O,0.6980000138282776,train,2328,True
CC1C2C3CN4C3C1C24,1.652400016784668,valid,-1,False
C#CC1(C(C)C)NC1C,1.0427000522613523,train,2329,True
CC1C(C#N)=CC2NC21,5.312699794769287,train,2330,True
C#CC(C)(C)OCC=O,2.9653000831604004,train,2331,True
C#CCOCCC,1.2481000423431396,train,2332,True
O=CCc1cnnnn1,3.1989998817443848,train,2333,True
COCc1coc(N)n1,1.1512000560760498,train,2334,True
CC1OC2(C=O)COC12,2.1837000846862797,test,2335,True
CC1CC1C1C2CC1C2,0.2080000042915344,train,2336,True
CC12CCCC1CO2,1.6476000547409058,train,2337,True
CC12CC3CC1(CO2)O3,0.8906999826431274,train,2338,True
Cn1cc(N)cc1O,1.1093000173568726,train,2339,True
C#CC1=CC2(C)OC2C1,1.7211999893188477,train,2340,True
CC1C(=O)C=CC2NC21,4.401500225067139,train,2341,True
O=C1CC2C(O)C2(O)C1,2.9502999782562256,train,2342,True
Cc1[nH]c(C=O)nc1O,5.083600044250488,test,2343,True
C1C2CN1c1onnc12,4.479100227355957,train,-1,False
CC12CC1(O)COCO2,1.680999994277954,train,2344,True
CC12CC=C(C=O)C1N2,4.123799800872803,train,2345,True
CC(=O)OC1COC1=O,3.629300117492676,train,2346,True
C#CC1CC2CC1C2O,1.090399980545044,train,2347,True
COC1C(OC)C1(C)C,1.8911999464035036,test,2348,True
N=c1[nH]cc(F)[nH]c1=O,3.805200099945069,test,-1,False
C#CCOC(=N)OCC,0.94650000333786,train,2349,True
O=C1CN(C2CCC2)C1,2.6422998905181885,train,2350,True
CC1NCCCOC1=O,4.674099922180176,train,2351,True
CC1=CC2CC(C2)C1O,1.4200999736785889,train,2352,True
CC1CC(=O)CCCO1,2.297300100326538,valid,2353,True
CC1CCC1(N)C#N,4.474999904632568,train,2354,True
CC1CCc2[nH]ncc21,2.5882999897003174,train,2355,True
N#CC1(N)C=CNC1=N,5.167900085449219,train,-1,False
CC#CC(C)CNC=O,3.543600082397461,train,2356,True
CC12OC1(C)C1(O)CC12,3.005199909210205,test,2357,True
O=CNC1C(O)C2NC12,5.0142998695373535,train,2358,True
CCCCC1(C=O)CO1,2.1029999256134038,train,2359,True
CCN=CNC(N)=O,2.5429000854492188,valid,2360,True
C#CC1(C)C=CC2NC21,1.249400019645691,train,2361,True
O=c1[nH]c(N2CC2)co1,5.6458001136779785,train,2362,True
C#CC(O)C1OCC1O,1.1756999492645264,train,2363,True
C1C2CN1C1(CC1)CO2,0.2924999892711639,train,-1,False
O=C1C=CC(CO)N1,4.8968000411987305,train,2364,True
OCC1C2OC2C12CN2,0.6129000186920166,train,2365,True
OCC1=CC2(O)CC1C2,2.310100078582764,train,2366,True
CCC1N=CN(C)C1=O,2.4595000743865967,train,-1,False
O=c1[nH]c2ccoc2[nH]1,3.034199953079224,train,2367,True
C#CC1NC(C#N)C1N,3.4642999172210693,train,2368,True
CCC(C)(CO)CC#N,4.831200122833252,valid,2369,True
CC(=O)OCC(O)CO,3.812999963760376,train,2370,True
C#CC1C(C)C1C(C)=O,2.734600067138672,train,2371,True
c1nc2c[nH]nnc-2n1,5.446800231933594,valid,-1,False
CN1CC2CCC21C#N,3.5492000579833984,train,-1,False
C#CC1CC2C1C2(C)C,0.7728000283241272,train,2372,True
COC1OC2C3NC2C13,1.6705000400543213,test,2373,True
CCC1CC=CC1O,1.5770000219345093,train,2374,True
O=C(CO)C(O)C1CN1,1.7309999465942385,test,2375,True
CC1(O)C2OC3(C)C2C13,2.296999931335449,test,2376,True
CCOCC1OC1(C)C,2.3584001064300537,train,2377,True
COC1CCC=C1C#N,3.688199996948242,train,2378,True
COc1ccc(=N)on1,3.1695001125335693,valid,-1,False
N#CCC1CC1,4.002699851989746,train,2379,True
CC1=CCCC=C(C)C1,0.2615000009536743,train,2380,True
N=C1OC2CC3CNC132,3.529900074005127,test,-1,False
O=C1OC2CC3C(O1)C23,5.598800182342529,train,2381,True
O=C1OC2C3CC2C1N3,3.80679988861084,train,2382,True
CC1OC2C(O)COC12,1.0264999866485596,train,2383,True
CC1C2CC(CC=O)N12,3.3150999546051025,train,-1,False
OC12C3C4C3C1C42,1.31850004196167,train,2384,True
OC1C=CC=CC(O)C1,2.5515999794006348,train,2385,True
O=CC(=O)CC1CN1,1.837499976158142,train,2386,True
C#Cc1cnoc(=O)c1,5.469299793243408,train,2387,True
CC(=O)C(C)CC1CC1,2.589099884033203,train,2388,True
C#Cc1nc(O)[nH]c1N,3.0083000659942627,train,2389,True
C1CC2(CN2)COCO1,2.527100086212158,train,2390,True
CC12C3CN1CC32O,1.998900055885315,train,-1,False
CC(C#N)C1(C#N)CN1,1.523300051689148,test,2391,True
N=C1NC23CCC12OC3,4.298200130462647,train,-1,False
C1OC(C2CO2)C2NC12,2.3208000659942627,train,2392,True
CC1OC(CO)C1C#N,3.275899887084961,train,2393,True
Cc1nnn(C=O)c1C,5.901400089263916,train,2394,True
CC1C=CC(=O)NC1,4.259200096130371,valid,2395,True
CC12CC3C(OCO1)C32,1.6796000003814695,train,2396,True
CC1Cn2nc(O)cc21,2.75,test,2397,True
OC12CCOCOC1C2,2.065200090408325,train,2398,True
CC12NC1(C)C1(C)OC21,1.267699956893921,train,2399,True
C#CC1CC(COC)C1,1.3885999917984009,train,2400,True
C1C2C3CC3C3OC3C12,1.8415000438690183,train,2401,True
O=CC1=CCC(CO)C1,2.890399932861328,train,2402,True
C#CC1C2OCC12C,2.1259000301361084,train,2403,True
CC1(C=O)OC1(C)CO,1.3897000551223757,train,2404,True
C#CC1=CC2CC1(C)O2,1.5397000312805176,train,2405,True
O=COCc1ncno1,3.1480000019073486,train,2406,True
OCC1=CC2C3OC2C13,2.64739990234375,train,-1,False
CNC(=O)NC=O,6.333000183105469,train,2407,True
COc1ccnc(=O)[nH]1,6.507400035858154,train,2408,True
COC1(C2(C)CN2)CC1,2.136899948120117,test,2409,True
N=C1NCC(=O)N1C=O,5.413000106811523,train,2410,True
CN1CC2CC13COC23,2.3763999938964844,train,-1,False
CCOC1(C)CC1(C)C,0.9265000224113464,test,2411,True
CC1(C)CC2COCC21,1.4194999933242798,train,2412,True
OCC1C2CC3NC3C12,2.3132998943328857,train,2413,True
CCC1=C(C)CNC1=O,4.11329984664917,train,2414,True
N#CC1(O)CC(O)C1=O,4.043300151824951,train,2415,True
CC1(C(=O)C=O)CCC1,1.277500033378601,train,2416,True
N#CC1CC1COC=N,2.0934998989105225,valid,-1,False
CC12CC(C1)C1C(O)C12,1.4186999797821045,train,2417,True
CC1=CC(=N)OC1(C)C,4.027699947357178,train,-1,False
[NH3+]C1CC=C(C(=O)[O-])C1,4.444799900054932,test,-1,False
CC1CC2(C)C(=O)CN12,2.31060004234314,train,2418,True
CC12CC1C(O)C(=O)N2,3.5931999683380127,train,2419,True
CC(O)c1cc(O)n[nH]1,1.8107000589370728,train,2420,True
N#CC1(O)C2C=CC1O2,1.22599995136261,train,2421,True
CC1CCC2CC2C1,0.2032999992370605,train,2422,True
N#Cc1c[nH]nc1O,5.640999794006348,train,2423,True
C1OC2C3OC4C(C13)C24,1.3529000282287598,train,2424,True
CC1CC2CC12C(N)=O,3.4374001026153564,test,2425,True
CCC(O)C1CCOC1,2.212500095367432,train,2426,True
C#CC1N=COC1CO,0.3589999973773956,train,-1,False
N=c1cc(F)[nH]cc1F,5.162799835205078,train,-1,False
CN=COCCCCO,2.003999948501587,train,2427,True
CC#CC1NCC1=NO,0.8033999800682068,train,2428,True
C#CCC(O)C(N)=O,3.6617000102996826,train,2429,True
CC12OC3(C)C1NC23,1.270400047302246,train,2430,True
COC(C)C(C)C1CC1,1.0528000593185425,train,2431,True
OCC1CC2CCCC12,1.2973999977111816,train,2432,True
CCCC12CC1CC2C,0.2847999930381775,train,2433,True
Cc1cc2[nH]cnc2[nH]1,2.0004000663757324,train,2434,True
N#CC12COC1CCO2,3.6561999320983887,train,2435,True
CC1C=CC(C#N)C1C,3.9897000789642334,train,2436,True
CC12CN1C=NC2CO,2.3201000690460205,train,-1,False
OC1C2C3C1C2C31CO1,2.97160005569458,valid,2437,True
CC1C2CC3(C)C(O2)C13,1.4594999551773071,train,2438,True
OC12C=CC3C4C1C2N34,0.8980000019073486,train,-1,False
CCc1cncc(N)c1,3.106600046157837,train,2439,True
Cc1c(F)cncc1F,1.6380000114440918,test,2440,True
O=C1CC2(C=CN1)CO2,2.881099939346313,train,2441,True
N=C1OC2CN3C1CC23,2.820499897003174,train,-1,False
O=C1CC2=CCN3C1C23,2.424099922180176,train,-1,False
COC1=NC(C)C(=O)N1,3.074399948120117,train,2442,True
CCC1CCC12CO2,1.7961000204086304,train,2443,True
CCc1cc(=N)ocn1,1.7443000078201294,train,-1,False
O=C1CC(CC2CO2)O1,3.692300081253052,train,2444,True
CC1(O)C=CN(C=O)C1,2.273900032043457,valid,2445,True
CCN1C(C=O)C1(C)C,1.747099995613098,train,-1,False
Cc1c(N)c[nH]c1N,1.0247000455856323,train,2446,True
CCC(=NCCO)OC,3.129699945449829,test,2447,True
N#CC1CC1(N)C(N)=O,7.229400157928467,train,2448,True
OC1(C2CO2)CC=CC1,2.4869000911712646,train,2449,True
CCC12CC3C1OC32,1.8514000177383425,valid,-1,False
CC1CC2=CCOC2C1,1.7132999897003174,train,2450,True
Oc1[nH]cnc1N1CC1,1.5585999488830566,train,2451,True
O=CC1(CCO)CN1,2.3392999172210693,test,2452,True
CC(O)C1CN1C1CC1,1.5347000360488892,train,-1,False
N=COC1C(O)C1CO,3.3622000217437744,valid,2453,True
O=CC1=CC2C3CC1C23,3.747299909591675,train,2454,True
CC1C=C2C(C)CC2O1,1.4845999479293823,train,2455,True
N=c1ncnc(CO)o1,1.5230000019073486,train,-1,False
O=C1C2C3C4CN1C4C23,4.383900165557861,train,2456,True
N#CCNC(=O)CCO,3.698299884796143,train,2457,True
C#CC(C=O)CC,2.301500082015991,test,2458,True
CCC(C#N)C1(C)CN1,3.3008999824523926,test,2459,True
Cc1nc(O)cc(=N)o1,3.919699907302856,train,-1,False
CC1(C(O)C2CN2)CN1,2.9275999069213867,valid,2460,True
N=c1cnc(=N)onn1,2.604599952697754,train,-1,False
c1cc(C2COC2)c[nH]1,3.1084001064300537,train,2461,True
CC#CC1(C)C2CCC21,0.0800999999046325,train,2462,True
C1C2CC2C2C3OC1C32,1.6611000299453735,train,2463,True
O=C1CCC2CC3C2N13,3.924299955368042,valid,2464,True
N#CC1(CO)C=CCO1,5.45989990234375,train,2465,True
CC1(O)Cn2nncc21,5.336900234222412,train,2466,True
C#CC1(C=O)COC1=O,3.350300073623657,train,2467,True
N#CC1(CN)CN=CO1,4.383999824523926,train,2468,True
CCC1(C)C(=O)CC1O,2.838900089263916,train,2469,True
Cc1nc(N)[nH]c1C#N,5.002099990844727,valid,2470,True
CC1=CCCC2(C)NC12,1.504699945449829,train,2471,True
O=C1C(CO)C2CC12O,2.815700054168701,train,2472,True
C#Cc1n[nH]nc1O,1.6677000522613523,train,2473,True
O=CC1C2OCC12CO,2.5185999870300293,train,2474,True
CN(C)C1CC(O)C1=O,1.942800045013428,train,-1,False
CC1CC2OC3C(C1)C23,1.6890000104904177,train,2475,True
C#CC1(C)OC1(C)CO,1.857800006866455,train,2476,True
C#CC1(O)C(O)C1(C)O,0.6144999861717224,train,2477,True
O=CC1CC12C=CCC2,3.428400039672852,train,2478,True
CC12CC(C1)C1(C)CN21,1.2790000438690186,train,-1,False
CC1C2CCC=CC12O,1.1832000017166138,train,2479,True
OCC12OCC3C1NC32,3.348900079727173,train,2480,True
CC12CC1CC21CC1,0.3441999852657318,train,2481,True
CC12OCC3CC1OC32,1.0270999670028689,train,2482,True
CC1CC2C(O1)C2(C)O,0.5110999941825867,valid,2483,True
CNC1CC2NC12C#N,4.13070011138916,test,2484,True
O=C([O-])CC1C[NH+]2CC12,5.28000020980835,train,-1,False
CCN=c1ocno1,1.2226999998092651,train,-1,False
NC(=O)C1(CCO)CC1,2.703000068664551,train,2485,True
CN=C1C(=O)CC2CN12,2.5741000175476074,test,2486,True
NC12C(=O)OCC1C2O,2.9598000049591064,train,2487,True
C#CC(C)C#CCC#N,3.4184000492095947,train,2488,True
CC1CNC(=O)O1,4.912399768829346,train,2489,True
C#CC(O)C([NH3+])C(=O)[O-],4.613100051879883,train,-1,False
C1CC2CC3OC3C2C1,1.7309000492095947,train,2490,True
CCCCCN=COC,2.910099983215332,train,2491,True
CC(O)C1(C)CN1,2.6786000728607178,train,2492,True
CC1OCCC12CCO2,2.019700050354004,train,2493,True
CC#CC1(O)C(C)C1O,2.377000093460083,train,2494,True
C#CCC(C#N)OCC,3.0100998878479004,train,2495,True
C1C2C3N2C1C31CN1,2.548500061035156,valid,-1,False
OCC1NC12CC=CC2,2.336899995803833,train,2496,True
CC12CC3CC1C2C3O,1.7070000171661377,train,2497,True
CCC1=CCCOCC1,1.1169999837875366,train,2498,True
CC1(C)C(O)CC2CN21,2.3564999103546143,train,-1,False
C#CC(CO)CC#CC,1.3437000513076782,train,2499,True
C1CC2C(=N1)N1CC21,3.296099901199341,train,-1,False
Oc1ccncc1,2.691200017929077,train,2500,True
N#CC1CCC2CC12,4.300000190734863,valid,2501,True
C#CC1C(C)OC1C,1.1936999559402466,train,2502,True
C#CC1NC1C#CC#N,5.730000019073486,test,2503,True
CC1CCC2(CCC2)O1,1.2714999914169312,train,2504,True
CC1C=CC(C)OC=N1,2.125499963760376,train,2505,True
CCOC1CC1C1CC1,0.9976999759674072,train,2506,True
C1OC1C1OC12COC2,1.6694999933242798,train,2507,True
CC1(C(N)=O)CNC1=O,1.677899956703186,train,2508,True
CC1NC2(C#N)CC12C,4.188700199127197,valid,2509,True
CCN=C(CC)NC=O,1.7235000133514404,train,2510,True
CNC(=N)c1cn[nH]n1,2.8408000469207764,train,2511,True
CCC1(C#CC=O)CO1,2.8582000732421875,train,2512,True
N#CC1C(N)C1(N)C#N,3.8963000774383545,valid,2513,True
CN(C=O)c1ncno1,0.6843000054359436,valid,2514,True
CC12CC3CN3C1CO2,0.8884000182151794,valid,-1,False
N#CCC1NCCC1=O,4.626699924468994,train,2515,True
CCN1CC2(CC2)C1=O,3.531399965286255,train,2516,True
CN=C1COC(=N)N1C,2.444000005722046,train,2517,True
CC1NC=NC1(C)C#N,5.794899940490723,train,2518,True
OCC12CC1C1(O)CC12,1.9321000576019287,train,2519,True
C1=CC23C=CCC2(C1)C3,0.2718999981880188,train,2520,True
COC1(C)C2C3OC2C31,2.37310004234314,train,-1,False
OC1C2C3C1C1C2N31,0.4408000111579895,train,-1,False
N=CN(C=[NH2+])CC(=O)[O-],4.692800045013428,test,-1,False
CC(C=O)C(=O)OC=N,2.411900043487549,train,2521,True
N#CC(N)CC1CCO1,3.584199905395508,train,2522,True
OCC1OC1C1CO1,2.6654999256134038,valid,2523,True
CC1CN1C1CC1CO,1.7049000263214111,train,-1,False
CN=CNC=O,4.566400051116943,valid,2524,True
C#CCc1cccn1C,1.7236000299453735,train,2525,True
CC12C(=O)OCC1C2O,3.842099905014038,train,2526,True
CC12C3COC14CC2C34,1.465000033378601,train,2527,True
CC1N2CC1(CC=O)C2,2.227299928665161,train,-1,False
CC1(C)C2CC1(C#N)N2,4.497499942779541,train,2528,True
COC1CC1COC=N,3.5283000469207764,train,-1,False
CC1CC2CCC=CC12,0.2152000069618225,train,2529,True
C#CC(C)C12CC1CO2,1.1461000442504885,train,2530,True
C#CC12CC3C(=O)C1N32,2.7462000846862797,train,-1,False
N=C1OC2CC2O1,4.100100040435791,train,2531,True
N=C1OC2CCOC2O1,3.721499919891357,valid,-1,False
CCC1C(N)C1(N)C#N,4.94920015335083,train,2532,True
CC1(C#N)NC12CCC2,3.172100067138672,train,2533,True
N#CC1CN2CC2C1N,2.5339999198913574,train,-1,False
N=c1cnc(CO)n[nH]1,1.5382000207901,train,-1,False
O=CC1CC(=O)C(=O)C1,3.0369999408721924,test,2534,True
N#CC1(CN2CC2)CO1,4.088900089263916,test,-1,False
NC(=O)C12CC(C1)C2O,4.384699821472168,train,2535,True
C#CC(CO)OCC=O,2.058199882507324,train,2536,True
COCC1C2C=CCN21,2.0369999408721924,train,2537,True
CC(O)C#CC#CC#N,5.208399772644043,train,2538,True
CC(CO)OC1(C)CC1,2.378900051116944,train,2539,True
Cc1onnc1N(C)C,3.5894999504089355,train,2540,True
CC(O)CCOC(N)=O,3.805799961090088,train,2541,True
CC12OC1CC2C=O,3.254199981689453,valid,2542,True
C#CC(COC)N1CC1,0.9728999733924866,train,-1,False
O=c1cc[nH]c(F)c1,5.852200031280518,valid,2543,True
CC(=O)Oc1ccon1,1.7525999546051023,train,2544,True
O=C1NC2CC(O)C12O,2.661600112915039,train,2545,True
CC1C=C2C3C1C1C2N31,2.222899913787842,test,-1,False
N#CCOC(=O)CN,3.3691999912261963,train,2546,True
CC#CC1(C)CC1,0.0586999990046024,train,2547,True
CCC1CC(CO)C1,1.2216999530792236,train,2548,True
C#CC1CC(C)(C#N)O1,4.133399963378906,train,2549,True
CC1NC(C#N)CC1O,2.857899904251098,train,2550,True
CC(O)C1C(CO)N1C,1.2121000289916992,train,-1,False
C1OCC23CC1C2CO3,2.058199882507324,valid,2551,True
ON=C1CC2OC2C1,1.767300009727478,train,2552,True
CC1CC(=O)C2CC12C,3.386399984359741,train,2553,True
C1=CC2OCCOC2C1,0.1519999951124191,train,2554,True
C#CC1OCC1C#CC,2.141200065612793,valid,2555,True
COC12CCC(C1)C2=O,2.452399969100952,train,2556,True
N=c1[nH]c(=O)[nH]nc1N,2.007699966430664,test,-1,False
CC#CC#CCC(C)=O,2.274300098419189,train,2557,True
C#CC(O)C(C)OC,2.4103000164031982,train,2558,True
CC1CC(C#CC=O)O1,3.587899923324585,train,2559,True
CC(C#N)C(O)C1CN1,3.998800039291382,train,2560,True
COCC(=O)NCC=O,3.5364999771118164,test,2561,True
C#CC1NC1C#CCO,1.993299961090088,train,2562,True
O=C1NC2C3CN1C32,4.803299903869629,train,2563,True
C#CCC(O)(C#C)C=O,2.909600019454956,train,2564,True
CCc1[nH]nnc1OC,3.290299892425537,test,2565,True
N#CC12OCC1(N)C2N,4.825799942016602,train,2566,True
CCCCOC(=O)C=O,2.137399911880493,train,2567,True
C1=CC2(CCOC2)OC1,2.3610999584198,train,2568,True
COC=NCC(C)(C)O,4.504700183868408,train,2569,True
COC1C2CC(CO)C21,2.7385001182556152,train,2570,True
C#CCOC1CC(O)C1,2.2497000694274902,train,2571,True
C#CCC(N)C(F)(F)F,0.5404999852180481,train,2572,True
O=c1cconc1O,2.803400039672852,train,2573,True
CCCCC(=O)CC#N,5.769899845123291,valid,2574,True
C#CC1(O)CC(C#N)C1,4.260499954223633,train,2575,True
CC12CC(=O)C1C2O,3.217099905014038,train,2576,True
C[NH+]1C=C(C(=O)[O-])CC1,15.117899894714355,train,2577,True
COC12CC1CCC2O,1.5648000240325928,train,2578,True
C#CC1N=COC1OC,2.546999931335449,train,-1,False
Oc1ccncc1O,2.47160005569458,train,2579,True
N#CC12C3C4C3C1(O)C42,5.664899826049805,test,2580,True
CC#CCC(C#N)C=O,2.7425999641418457,train,2581,True
C#CC1(CCCO)CN1,3.1273999214172363,train,2582,True
OC12CC3NC3C1C2,0.8945000171661377,train,2583,True
C1CC2(CC23CCO3)O1,0.4476999938488006,train,2584,True
CC1C(O)c2cncn21,3.085700035095215,train,2585,True
O=C(CO)COCCO,4.614200115203857,train,2586,True
CC1C(C)C23CN(C2)C13,2.166300058364868,train,-1,False
Cc1[nH]c(N)cc1O,1.9917000532150269,train,2587,True
O=C1CC=C2C3CN3C12,3.127500057220459,train,-1,False
CC1(O)CCOC1C#N,3.618400096893311,train,2588,True
CC(O)C1=CCC(=O)N1,2.482599973678589,train,2589,True
Cc1nc2oncn2n1,2.218400001525879,train,2590,True
OC1C2CC3C1N23,1.6581000089645386,train,-1,False
CC1C2NC3(C)C1OC23,1.245100021362305,valid,2591,True
NC(=O)c1ncon1,2.850399971008301,train,2592,True
O=C1COCC(CO)C1,3.7467000484466553,train,2593,True
CC1C2C(C)(O)CC12C,1.1299999952316284,test,2594,True
O=CC12COC1(CO)C2,2.7806999683380127,train,2595,True
O=C1C=CC=CC2CN12,3.7411000728607178,train,2596,True
C1=C2CN3CC3C2OC1,1.7015999555587769,valid,-1,False
CCN=C1OCC1NC,2.369499921798706,train,2597,True
O=CN(C1CC1)C1CC1,3.795399904251098,train,2598,True
N=C1C=CC2OC2CO1,3.918299913406372,test,-1,False
CC12OC1CC2(O)C#N,1.864799976348877,train,2599,True
O=C1NC2C(O)C(O)C12,3.796799898147583,train,2600,True
OC12CC3(O)C1CCC23,1.0328999757766724,train,2601,True
C#CC(C)(C)C(C)(C)O,1.247499942779541,train,2602,True
O=C1CCCC12CC2O,2.404599905014038,test,2603,True
C1=NC2C(CO1)C1OC21,2.683900117874145,train,2604,True
C#CCN1C2C3OC2C31,1.1444000005722046,train,-1,False
CC#CC(N)(C#N)C#N,6.061399936676025,valid,2605,True
CC1OC12CC1OCC12,0.7551000118255615,train,2606,True
CC(C#N)C1NC1C=O,5.179599761962891,test,2607,True
O=C(C#CCO)C1CN1,2.896699905395508,train,2608,True
CC#Cc1ccc(N)[nH]1,1.990599989891052,train,2609,True
NC1CC=CCOC1=O,2.063199996948242,train,2610,True
C#CC(C)(CC#N)OC,4.703100204467773,train,2611,True
Cc1cc(N)c(C)n1C,1.573300004005432,train,2612,True
CC12OC3C(=O)C1NC32,4.162199974060059,train,2613,True
C#CC1C=C2COC2C1,1.2207000255584717,train,2614,True
CC12NC1(C)C1CC2O1,2.138200044631958,train,2615,True
CC1(C#N)OC1C1CC1,4.492099761962891,train,2616,True
N#CC1CC2C(C=O)N12,4.3105998039245605,train,-1,False
O=C1CN2C1C2C1CC1,2.6075000762939453,train,-1,False
O=C1OCC(CO)CO1,6.945300102233887,train,2617,True
OC12COC1C1OC12,3.25979995727539,test,2618,True
OCCC12C3C4C1N4C32,1.049100041389465,train,-1,False
CC1=CC(=O)C(CO)C1,5.146299839019775,train,2619,True
COC1CCC=CC1O,2.16540002822876,valid,2620,True
CCC1COC(=O)CO1,3.9651999473571777,valid,2621,True
CC1C(C)C2OCC12,1.730299949645996,train,2622,True
CC1(C)C2OCCOC21,0.7473999857902527,train,2623,True
C1OCC1OCC1CO1,2.700500011444092,test,2624,True
CC1C2(C#N)CNC12C,3.7544000148773193,valid,2625,True
CCc1oc(O)nc1N,1.5901999473571775,valid,2626,True
CN=C1OCC2CC1C2,3.040699958801269,train,2627,True
CC12CC1OCC21CC1,1.448099970817566,train,2628,True
N#CC1OC2=NCCC21,4.429500102996826,train,-1,False
O=c1[nH]nc2n1CCN2,4.438300132751465,train,2629,True
O=Cc1cccc(O)c1,4.082399845123291,train,2630,True
OC12COC1C1(O)CC21,0.7056000232696533,train,2631,True
O=C1CC(C2CC2)C1,2.941999912261963,valid,2632,True
CC1=C(N)COC1=N,4.776400089263916,train,2633,True
CC1C2(C)CC3C2C31C,0.2610000073909759,train,2634,True
Cn1ccoc1=N,3.115000009536743,train,-1,False
CC(CO)C1(C)CN1C,0.9955999851226808,train,-1,False
O=C1COCC12CC2,2.1210999488830566,valid,2635,True
CC1CCC(C)(O)C1C,1.3522000312805176,valid,2636,True
C#CC1CC12COC=N2,1.1150000095367432,train,-1,False
C#CC(=O)C#CC(C)C,3.9402999877929688,train,2637,True
N#CC(N)CCNC=O,6.371500015258789,train,2638,True
OC1COC12C1CC2C1,2.2672998905181885,train,2639,True
C1#CCOCCCCC1,1.4082000255584717,train,2640,True
CC1CCOC(C=O)C1,2.746999979019165,train,2641,True
O=CC12CC(=O)CC1N2,2.408799886703491,train,2642,True
CC12CCC3CC3C1O2,1.7625999450683594,train,2643,True
N#Cc1ncccc1F,5.889699935913086,train,2644,True
CC1CC2(C=O)OCC12,2.8378000259399414,train,2645,True
CNC(=O)NCC#N,4.686600208282471,train,2646,True
C#CC(C(=O)[O-])[NH+](C)C,4.863399982452393,train,-1,False
C1=C2CN3CC23COC1,1.0678000450134275,train,2647,True
N=C1CC2(CCO1)CC2,3.1552000045776367,train,2648,True
N#CC1CC(O)C1=NO,4.041900157928467,train,2649,True
COCCC(=O)NC=O,4.573100090026856,train,2650,True
CCC1(C#N)C2COC21,3.405900001525879,train,2651,True
CC1C2C(=N)OC12C=O,3.5269999504089355,train,-1,False
C#CC1(C2OC2C)CN1,1.6403000354766846,train,2652,True
C#CC1(C#C)COC1C,1.0199999809265137,train,2653,True
O=c1occ2n1C1CC21,5.374499797821045,train,2654,True
C1C2C1C1OC2C2CC21,1.523800015449524,train,2655,True
CC(C=O)NCCC#N,1.6449999809265137,train,2656,True
CCOCC1CC=CC1,0.8032000064849854,valid,2657,True
O=C1OC2C=CCC12,4.24399995803833,train,2658,True
O=C1C(=NO)CC2NC12,3.2683000564575195,train,2659,True
C#Cc1n[nH]c(=O)n1C,2.6823999881744385,train,2660,True
NC1=C(C(=O)[O-])C[NH2+]C1,14.526599884033203,train,2661,True
N=C1OC2CNC1C2O,2.151599884033203,train,-1,False
OC1CC23COC12CN3,2.060100078582764,train,2662,True
O=CC1C2CCC3C1N23,1.3827999830245972,valid,-1,False
C1=CC2OCC1C21CN1,0.2657999992370605,valid,2663,True
N#CC1(N)C(N)C1CO,3.312999963760376,valid,2664,True
N#CC1C=CC2CCC12,4.168099880218506,train,2665,True
CC1CC1OCC=O,2.7488999366760254,train,2666,True
C1=CC2C3CC24C1OC34,1.65910005569458,test,-1,False
CC1C2(C)CC1(C)C2O,1.5427000522613523,train,2667,True
Cc1ncnn1CCO,2.300100088119507,valid,2668,True
CNC(C#N)=NCC=O,5.164500236511231,train,2669,True
CCC1CCC(C)C1,0.1158000007271766,train,2670,True
NC(=O)NCC(O)CO,2.865600109100342,train,2671,True
O=CC1=CC2CCC2C1,3.4453001022338867,train,2672,True
Cc1noccc1=N,2.3238000869750977,train,-1,False
C#Cc1ccncc1F,1.8521000146865845,train,2673,True
CC1(C)C2C=CC1OC2,1.4392000436782837,train,2674,True
CN=C(C=O)N1CC1,2.182499885559082,train,2675,True
CC1C2C(O)C3C2C13O,1.008999943733215,valid,2676,True
N#CC(O)(C=O)C1CN1,1.7443000078201294,train,2677,True
N=C1N2CC2C1(O)CO,2.609100103378296,valid,2678,True
CNC1(C#N)CCC1C,4.420899868011475,test,2679,True
CC1CC2OC2C1(C)O,1.919000029563904,train,2680,True
CCC1NC(=O)C1(C)C,3.680700063705444,train,2681,True
CN=C(N)c1ncno1,3.829200029373169,train,2682,True
O=C1CC2OC(CO)C12,2.6689000129699707,train,2683,True
CCC12CCC(C1)C2C,0.1527000069618225,train,2684,True
CN1C2C3OC4C3C2C41,1.239799976348877,train,-1,False
CC1C2OC(=O)C(O)C12,3.036600112915039,valid,2685,True
CC12COC1C2C(N)=O,3.132699966430664,train,2686,True
CCc1c[nH]c(C#N)c1,4.594699859619141,train,2687,True
CC1C2C(=O)CC12O,4.113500118255615,train,2688,True
C#CC1=CC2(CC2)OC1,0.9994999766349792,train,2689,True
CCC12OC1CC2O,1.8903000354766848,train,2690,True
CC1(O)C2=NCC3C1N23,2.212399959564209,train,-1,False
CC1C2C3OC3(C#N)C12,4.595200061798096,train,2691,True
CN1CC(=O)CC12CC2,2.8066000938415527,train,2692,True
CNc1occ(O)c1C,2.765199899673462,train,2693,True
CCC1COC1C(C)=O,3.602400064468384,train,2694,True
O=C1C2CCC2C2NC12,3.407900094985962,train,2695,True
CCC1C(O)C12CCO2,1.70770001411438,train,2696,True
C#CC1(CC#N)CC1,4.076000213623047,train,2697,True
CCOC1(C(C)O)CC1,0.5347999930381775,train,2698,True
O=c1cc[nH]c(O)n1,6.216300010681152,train,2699,True
CC1C=CC=CC(=O)O1,4.696000099182129,train,2700,True
C#CC1=CCC=CCC1,0.7213000059127808,test,2701,True
C#CCc1[nH]nnc1C,4.463099956512451,test,2702,True
C#CC1=CCCC2NC12,1.8180999755859373,train,2703,True
C1OCC2CC3C1CC23,1.256500005722046,train,2704,True
CCOc1onnc1N,3.095000028610229,train,2705,True
CN(C=O)C1CCOC1,4.602000236511231,train,2706,True
CCCn1cnc(C)n1,2.8276000022888184,train,2707,True
CC#CCC1CC1C,0.1425999999046325,valid,2708,True
O=C1CC(CO)C=CN1,3.100100040435791,train,2709,True
CCC(O)(C#N)CC=O,4.808599948883057,train,2710,True
CC1(C#N)CC(CO)C1,5.145599842071533,train,2711,True
CCC12CC3C1CN32,1.593999981880188,train,-1,False
CC1C(=O)NC2CC21,3.5171000957489014,train,2712,True
O=CC1(CO)CO1,3.1178998947143555,train,2713,True
O=CCOC1C=CCO1,3.7699999809265137,train,2714,True
CCC1=CCCOC1,1.2337000370025637,train,2715,True
N#CCC1(O)CC2NC21,5.999000072479248,train,2716,True
CC(O)C(O)CC(N)=O,4.096700191497803,train,2717,True
CCC1(CCC#N)CN1,5.354800224304199,train,2718,True
COC(C=O)CCC#N,4.679200172424316,train,2719,True
OC1C2CN3C1C(O)C23,2.2393999099731445,train,2720,True
OCC1C2C3CC3N12,1.395900011062622,train,-1,False
C#CC1C=CC(=NO)C1,0.7301999926567078,train,-1,False
CC(=O)OC1(CO)CC1,2.00570011138916,train,2721,True
OCC#CCC(O)CO,2.5866000652313232,train,2722,True
CCn1cc(O)nn1,3.1898999214172363,valid,2723,True
N=C1CC2CCC2O1,3.190000057220459,valid,-1,False
O=C([O-])C12CC(C[NH2+]1)C2,9.666399955749512,train,2724,True
CC1(C)C2OC1C21CC1,1.8245999813079836,valid,-1,False
O=C1CC2C3CCN2C13,3.5908000469207764,train,-1,False
CN1C(C[NH3+])C1C(=O)[O-],7.019000053405762,train,-1,False
O=c1[nH]cc(O)cc1F,5.508900165557861,train,2725,True
CCCC1(C)CO1,1.7102999687194824,train,2726,True
C#CC1(O)CCC2OC21,2.838500022888184,train,2727,True
CCC1=C(C)C(O)CC1,1.2414000034332275,valid,2728,True
CC(C#N)CCOC=N,5.569799900054932,train,-1,False
CC1CC1CC1CO1,1.6973999738693235,valid,2729,True
CC(O)CCC1CCC1,1.4158999919891355,train,2730,True
CC1OC12CCCCC2,1.6397000551223757,test,2731,True
CN1C2COC3C2C31C,0.8388000130653381,train,-1,False
O=C1NCc2cnoc21,5.75629997253418,train,2732,True
NC(=O)C(=O)C1CN1,2.52649998664856,train,2733,True
O=CCC1C2C(=O)CN12,3.034899950027466,train,2734,True
CC1C2(C)CC(O)C12O,0.8497999906539917,train,2735,True
O=C1NCC1C#CCO,2.9489998817443848,valid,2736,True
CC(C)C1C2CC(O)C21,1.597599983215332,train,2737,True
COCC1NCC1=NO,1.3573999404907229,train,2738,True
CC1C(=NO)C(O)C1C,1.0154000520706177,train,2739,True
N=c1ccc(=O)cn[nH]1,2.497299909591675,train,-1,False
CCCc1nc(O)n[nH]1,3.51419997215271,train,2740,True
CC(O)C(=O)C1CC1O,2.952399969100952,train,2741,True
C#CC12C3OC1C2C3=O,3.169600009918213,train,2742,True
Cc1cnc(N)c(=O)o1,1.7919000387191772,train,2743,True
CCC(N)(C#N)C(C)C,4.138899803161621,train,2744,True
COCC1C2OCOC12,0.732699990272522,train,2745,True
CC(O)CC1(O)CC1O,1.877699971199036,train,2746,True
CC12CC1C1CCC1O2,1.247499942779541,train,2747,True
CCC1CC(C)C=C1C,0.3055999875068664,train,2748,True
CC12CCC=C1C(O)C2,1.6950000524520874,test,2749,True
CC1(C)CC2COC1O2,1.6789000034332275,train,2750,True
CCC1CC2(CC2C)O1,1.475000023841858,train,2751,True
C#CCC(O)C1NC1C,2.6145999431610107,test,2752,True
O=CC12CC3C(C1)N32,2.7983999252319336,train,-1,False
CCC1(O)CC2CC21,1.1713000535964966,train,2753,True
C#CC1(C)CN1C,1.5587999820709229,test,2754,True
NC(C1CO1)C(F)(F)F,3.637700080871582,train,2755,True
COCC1(N)COC1=N,0.890500009059906,train,2756,True
NC(=O)N1CC1,3.0016000270843506,train,2757,True
NC=[NH+]CC(CO)=N[O-],9.000699996948242,train,2758,True
CC1=CC(O)C(O)CC1,3.0480000972747803,valid,2759,True
C#CC1(C)C=CC2CC21,0.6632999777793884,train,2760,True
O=CC1CCC12CC2,2.8696999549865723,train,2761,True
CCC1C2CC1(O)CO2,1.395400047302246,train,2762,True
NC(=O)C1(O)C2CC1O2,1.8249000310897827,train,-1,False
O=COc1cc(O)no1,2.5776000022888184,train,2763,True
N#CCC12NCC1C2O,4.9552001953125,train,2764,True
CN(C=O)C(=N)C1CC1,4.930099964141846,valid,2765,True
COCC1=CCOC1C,2.1015000343322754,test,2766,True
CC1C2=CCC3N1C23C,0.570900022983551,train,-1,False
CCC12CC3C1CC32C,0.290800005197525,test,2767,True
CC1CCC=CC1=O,3.553299903869629,train,2768,True
CC#CC1(CO)NC1C,1.895699977874756,train,2769,True
C1=C2CCC3C(OC1)C23,1.1045000553131104,train,2770,True
CC(C(O)C=O)C1CC1,2.26449990272522,train,2771,True
O=C1C=Cc2cnoc21,4.325500011444092,train,2772,True
COC1CC=CCCC1,0.8363000154495239,train,2773,True
N#CC1(CN)CCCN1,4.1768999099731445,train,2774,True
CC12NC1CCC2=NO,1.7222000360488892,train,2775,True
NC1=NCc2oncc21,2.8631999492645264,test,2776,True
COC1OC(C)C=C1C,0.816100001335144,train,2777,True
CN=C1OC2CC1C2O,2.845599889755249,valid,-1,False
CC#CC(C#N)NC,3.272900104522705,train,2778,True
O=CC1N=COCC1O,2.4677000045776367,train,2779,True
CCC(C)CC(C)=O,2.477799892425537,train,2780,True
NC(=O)C1OC2COC21,4.261499881744385,train,2781,True
OC1CC1C1CC2CN21,3.1196999549865723,train,-1,False
Oc1cnc[nH]1,2.937999963760376,train,2782,True
Cc1cnc2n1C1CC21,3.6135001182556152,train,2783,True
Cc1cn(C=O)nc1O,3.753999948501587,train,2784,True
CC12CC1C1C2N1C=O,3.904299974441528,train,2785,True
CC1OC(=N)CC(=N)O1,3.88129997253418,train,2786,True
O=C(CCO)NC1CC1,2.095700025558472,train,2787,True
OCc1nc2n(n1)CC2,5.002999782562256,test,2788,True
CC(C)C(N)(C#N)CO,3.6191000938415527,train,2789,True
C#CC1(O)CC2OC21C,2.7602999210357666,train,2790,True
CC1(O)C2CC(=O)C21,2.5659000873565674,train,2791,True
CC12C3C1C1(O)C3C21C,1.5931999683380127,train,2792,True
NC(=O)Cn1nccn1,3.593100070953369,test,2793,True
CC(O)C1CC1CCO,2.5473999977111816,test,2794,True
CC12C=CC3C(C1O)C32,1.5521999597549438,train,2795,True
C#CCC(C)C(N)=O,3.4474000930786133,test,2796,True
CC12COC(=O)C1N2,3.944700002670288,train,2797,True
C1OC2C3C1C1(CC1)C23,1.5437999963760376,train,2798,True
CC1CCC(=O)C1=O,4.46750020980835,train,2799,True
OCC12CC3CC3C1N2,2.3183999061584477,valid,2800,True
C#CC12C3C4N1C2C43C,2.2962000370025635,train,2801,True
C#CCCOC(=O)CC,1.7960000038146973,train,2802,True
C#CC1(C)CC1(C)OC,1.4279999732971191,train,2803,True
C#CC(O)CC(=O)NC,3.4265999794006348,train,2804,True
CC1C(CC=O)C1(C)C,2.6874001026153564,test,2805,True
C#CC(=O)COC=O,6.033299922943115,train,2806,True
CC12C(=O)CN3C1CC32,2.1721999645233154,train,-1,False
C1OCc2n[nH]nc2O1,1.551300048828125,train,2807,True
CC12NC3C(C1=O)C32O,4.882299900054932,valid,2808,True
CC(=O)N1CC(C)(O)C1,3.819000005722046,train,2809,True
C#CC(C)(CO)NC=O,2.0768001079559326,test,2810,True
CC(C)(O)C1CC1,1.4184999465942385,train,2811,True
C#Cc1occc1OC,2.6702001094818115,train,2812,True
O=c1cnonc1,0.2386000007390976,test,2813,True
COCC(C)OC=O,3.7885000705718994,train,2814,True
N#CC1(O)CNC12CC2,1.6632000207901,train,2815,True
N=COC(=O)NC=O,2.478300094604492,train,2816,True
CCC12CC3C(CO1)C32,1.4055999517440796,train,2817,True
CC(=O)C(C=O)CCO,2.474400043487549,train,2818,True
CC1C2CC(CO)C12O,2.558300018310547,train,2819,True
C#CCCC(C)CC,0.8848000168800354,train,2820,True
CC(C)(C)C(=O)C1CN1,2.509200096130371,train,2821,True
O=CC(O)C1C2CCC21,2.684900045394897,train,2822,True
CC#CC(CC)C(N)=O,3.902899980545044,train,2823,True
C1COC2COCC2C1,2.350300073623657,train,2824,True
COc1cncnc1O,1.872599959373474,train,2825,True
CN1CC12C1C3OC1C32,1.805999994277954,train,-1,False
COC1C2N(C)CC12O,1.9732999801635744,train,2826,True
CC1CCC12CC1CC12,0.1847999989986419,train,2827,True
C1OC23CN4CC(C12)C43,2.0876998901367188,train,-1,False
Cc1nn(C)c(=O)o1,2.941800117492676,train,2828,True
CC1CN(C(C)C=O)C1,2.8775999546051025,train,-1,False
CC1C2C(C)C1C2O,1.628999948501587,train,2829,True
C#CC1C=CCCC1,0.9276999831199646,train,2830,True
NC=[NH+]CC(=O)C(=O)[O-],18.28039932250977,train,2831,True
O=C1OCCCC2OC12,4.7733001708984375,train,2832,True
O=C1NCC=C2CNC12,4.163099765777588,test,2833,True
C#CCC12CC(C1)C2O,1.0363999605178833,train,2834,True
ON=C1CC2COCC12,1.5602999925613403,test,2835,True
CCCC1CNC1C#N,4.534900188446045,test,2836,True
COc1ncc(=O)on1,3.0546998977661133,train,2837,True
CC1(OC=N)CC1C=O,2.13479995727539,train,-1,False
CC1(CO)OCCC1O,3.617799997329712,train,2838,True
CC(C)(C)CCO,1.3499000072479248,train,2839,True
CCCC(=NO)C1CC1,0.7368000149726868,train,2840,True
CCC1C(CO)C1CO,3.103899955749512,train,2841,True
CC1NC2(C#N)CCC12,3.5917000770568848,valid,2842,True
CC1CCC12CC1NC12,1.548699975013733,train,2843,True
CCC1OCOCC1C,1.6491999626159668,train,2844,True
O=CC1C=CC2CC1C2,3.0041000843048096,valid,2845,True
COC(C(N)=O)C1CC1,2.746000051498413,train,2846,True
c1c[nH]c2nccc-2n1,3.587599992752075,valid,-1,False
OC12CC1C1NC12,1.0454000234603882,train,2847,True
CC1C=CC(=NO)C1,1.3624000549316406,train,2848,True
CCC(C#N)(C#N)CO,5.56309986114502,train,2849,True
CC1NC12CC1OCC12,1.797600030899048,test,2850,True
O=c1oc2c(o1)OCO2,4.054599761962891,train,2851,True
CCCCC(=N)NC=O,4.502999782562256,train,2852,True
C#CC1(C)C2CC(=O)C21,2.756700038909912,train,2853,True
CC12CC3CC(O)(C1)C32,1.1692999601364136,test,2854,True
CCc1cn[nH]c1N,3.2065000534057617,train,2855,True
O=CC#CC12CCC1O2,3.388099908828736,train,2856,True
CC(C)Nc1ccno1,3.951200008392334,train,2857,True
N=C1OC2C3CN(C3)C12,3.474800109863281,test,-1,False
CC(N)C(N)C#N,4.025700092315674,train,2858,True
N=C1OC2CNC2C1=O,5.416500091552734,test,-1,False
COC1C2NC1C2C#N,2.3143999576568604,train,2859,True
CC1NC(=O)CC2NC12,4.9095001220703125,train,2860,True
CN(C)C1CCOC1=O,4.059199810028076,train,-1,False
CC(O)C1(C)C2COC21,2.379300117492676,train,2861,True
C#CC12CC(C)C1(C)O2,1.8961000442504885,valid,2862,True
O=C1CCC1C1(O)CC1,1.8524999618530276,valid,2863,True
C1C2CC3(C2)C2CC13O2,1.9146000146865845,valid,-1,False
C#CC1COCC1CO,2.088500022888184,train,2864,True
O=CCCOC1COC1,1.1412999629974363,train,2865,True
CCC(C)(C)CNC=O,3.526900053024292,train,2866,True
CC1C=Cc2occc21,1.01610004901886,train,2867,True
CCCC#CC1(C)CO1,2.0906999111175537,train,2868,True
CC(C#N)c1cn[nH]c1,5.276400089263916,train,2869,True
O=C1CC2(C1)CC1CC12,3.001699924468994,train,2870,True
C1OC2CN3C1C23,0.5751000046730042,train,-1,False
C1OCC2C3CN2C13,2.3585000038146973,valid,-1,False
C#CCC(C#N)NCC,3.981800079345703,train,2871,True
OC1CC(O)C2CC1C2,1.6770999431610107,train,2872,True
CN1C=CC(C)(O)C1=O,4.039599895477295,train,2873,True
CC1(C#N)OC1CC=O,3.249799966812134,valid,2874,True
C#CC1CCC1,0.7818999886512756,train,2875,True
COCC(CO)C(N)=O,3.594000101089477,train,2876,True
Cc1c[nH]c(=O)oc1=N,4.120399951934815,train,-1,False
CC12CC3C(O1)C(=O)C32,3.323899984359741,train,2877,True
O=C1CC2C1C1CCN12,1.4046000242233276,train,-1,False
O=C1CCC2(CC2)C1=O,4.826000213623047,test,2878,True
COCCC(C)(N)C#N,3.713900089263916,train,2879,True
C#Cc1cccnc1C,1.520300030708313,train,2880,True
CC1(C)CN2C(C#N)C21,3.4033000469207764,train,-1,False
COCCn1ncnn1,3.025399923324585,test,2881,True
C#CCN(C)C(C)C=O,2.238899946212769,train,2882,True
CC1OC2C(C)C12O,2.162400007247925,train,2883,True
CCn1nc(O)[nH]c1=O,2.978800058364868,train,2884,True
Oc1ccc(O)[nH]1,0.4363000094890594,train,2885,True
C#CC12OC1CC1NC12,3.17549991607666,train,2886,True
CC(COC=N)NC=O,2.980799913406372,train,2887,True
C#CCNCC(N)C#N,4.303800106048584,train,2888,True
COC1C2C=CCC21C,0.8331999778747559,train,2889,True
OCC1CCCOCC1,1.7267999649047852,train,2890,True
CCC1COC(C)C1O,1.758800029754639,test,2891,True
ON=C1CCC1N1CC1,0.7409999966621399,train,-1,False
COc1coc(C#N)n1,4.156400203704834,train,2892,True
COC(=O)C(=O)C1CN1,2.0478999614715576,train,2893,True
CC1CC2NC(C#N)C12,4.540299892425537,test,2894,True
C1=C2C(COC1)C1NC21,2.231600046157837,train,2895,True
CNc1cccc(N)c1,1.489300012588501,train,2896,True
CC12CCC1C(=O)OC2,4.464700222015381,valid,2897,True
C#CC1C2C=CC1(C)C2,0.6662999987602234,train,2898,True
CC(O)CCC(=O)C=O,1.7403000593185425,train,2899,True
CC1C2OC3CC2(C)C31,1.6282000541687012,valid,2900,True
CC(O)C(O)C(C)(C)O,1.902500033378601,train,2901,True
CCC1=CC=CCC=C1,0.2337000072002411,train,2902,True
COCc1cc(N)no1,2.8901000022888184,train,2903,True
O=C1C2CC3CN1C32,4.033699989318848,train,2904,True
CC(C)c1cc(O)n[nH]1,2.481800079345703,train,2905,True
CCC1N=COC12CC2,1.5456000566482544,train,-1,False
c1n[nH]c2c1N1CC2C1,3.618799924850464,train,2906,True
CC12CCC1CNC2=O,3.5836000442504883,train,2907,True
CC1(C(=O)[O-])NC1C[NH3+],6.38040018081665,train,-1,False
C#CC(O)C1CC(=O)C1,3.186800003051758,test,2908,True
C#CC(=O)C=O,4.313799858093262,test,2909,True
OCCNc1cnon1,6.058199882507324,train,2910,True
C#CC1C2OC(C)C12,1.7731000185012815,train,2911,True
CC(=O)C1(O)CC1(C)C,2.1217000484466557,test,2912,True
CC12CC3OC1CC32,1.6855000257492063,valid,2913,True
c1nnc2onnn12,2.934299945831299,train,-1,False
O=C1CC(O)C1,3.0457000732421875,train,2914,True
N=C(OC=O)C1CN1,2.8092000484466557,train,2915,True
CNC(C)(C#N)CCO,3.414999961853028,train,2916,True
CCn1c(N)coc1=O,5.621500015258789,train,2917,True
c1nnoc1C1CC1,4.298500061035156,test,2918,True
OCCCC#CC1CN1,2.604199886322021,train,2919,True
OC12C=CC3(COC13)C2,2.572999954223633,train,2920,True
NC1=NCCC1=O,0.6705999970436096,train,2921,True
CC1C[NH2+]C1(C)C(=O)[O-],4.990600109100342,train,-1,False
C1CC2C3OC1C1C2C31,1.486199975013733,train,2922,True
COC1C2C3CC2(C)C31,1.1728999614715576,train,2923,True
CC(C)OC(C)C,1.024899959564209,train,2924,True
Cc1cc(N)ccc1N,2.104300022125244,train,2925,True
COCC12C=CC(C1)O2,1.1413999795913696,train,2926,True
C1NC1C1OC2CCC21,1.5902999639511108,train,2927,True
C1COCC2(C1)CCO2,2.4507999420166016,train,2928,True
CC12OCC3C1C=CC32,1.0130000114440918,train,2929,True
C#CCC1CC(C)C1=O,2.952399969100952,test,2930,True
COc1cccoc1=O,5.045899868011475,test,2931,True
CC1=C(C)C(=O)NC1=N,1.065500020980835,train,-1,False
O=C1OCCC2CC1N2,4.752099990844727,train,2932,True
C#CCNC(=O)NCC,3.5283000469207764,train,2933,True
CCC1OC12CC1NC12,1.2359000444412231,train,2934,True
CC1COC1C1NC1C,1.4905999898910522,train,2935,True
CC1(OC=N)CN2CC21,3.8805999755859375,train,-1,False
CCC1C=CC2C(O)C12,1.4888999462127686,train,2936,True
CC1=CC(O)C(C)(C)C1,2.0032999515533447,train,2937,True
CC1C2OC1(C)C2O,1.539199948310852,train,-1,False
O=CC1CC(O)(C=O)C1,0.6355000138282776,train,2938,True
CC1(C2CC3CC32)CO1,1.7996000051498413,train,2939,True
COCC1C2COC12,1.7619999647140503,train,2940,True
CCC1CC(C)C12CC2,0.1357000023126602,train,2941,True
CC12OC3(C#N)C1NC23,3.607399940490722,train,2942,True
OC1CC1n1ncnn1,2.6679000854492188,train,2943,True
C#CC1OC1(C)CCC,1.6934000253677368,train,2944,True
OC1C2CC3(CN3)C12,1.992799997329712,train,2945,True
CC1CC2(C1)OC1CC12,1.5,valid,2946,True
CC#CC12CCC1CO2,1.8221999406814573,train,2947,True
CN(C=N)C(=O)CCO,1.118299961090088,train,2948,True
CCC(CC)C(F)(F)F,1.9759999513626096,train,2949,True
O=CCC#CC(=O)CO,2.60260009765625,valid,2950,True
CC1OC2C(=N)NC12C,4.27899980545044,train,-1,False
CN=c1ccocc1N,1.4973000288009644,train,-1,False
CC12COC1CC(=O)N2,3.983099937438965,test,2951,True
C#CC1(O)CC1(C)C=O,3.666599988937378,train,2952,True
CC1CC1OCC(N)=O,3.530600070953369,train,2953,True
CC1C2CC(C#N)C1C2,4.38100004196167,train,2954,True
CCC1NC1(C#N)C=O,5.09499979019165,train,2955,True
C1C2NC2C2N3CC12C3,2.959399938583374,test,-1,False
CC12CN3C(=O)C1C32C,4.700200080871582,train,2956,True
N#CC1COC(=N)CN1,1.6240999698638916,train,2957,True
C1CC2CC1C2,0.0469999983906745,valid,2958,True
CC12N=COC13CC2C3,1.450600028038025,train,-1,False
C#CC12C(=O)C3NC1C32,4.246699810028076,train,2959,True
Cc1[nH]cc(CO)c1O,1.760699987411499,train,2960,True
C#CC1CC(=O)C(C)N1,2.525399923324585,valid,2961,True
CC1CC2(C#N)CC2O1,3.829999923706055,train,2962,True
CCC1C2N1CC21CO1,2.3975000381469727,train,-1,False
COc1onnc1CO,2.872499942779541,train,2963,True
N#CC(N)CC(F)(F)F,2.74399995803833,valid,2964,True
N=C1CC(C=O)=CCO1,4.806399822235107,train,-1,False
O=C1C=C2CN3C1C23,3.164999961853028,train,-1,False
O=COC1C2C=CCC21,3.861500024795532,train,2965,True
C#CC1(O)CC2C(O)C21,1.066499948501587,train,2966,True
FC(F)(F)c1c[nH]cn1,5.523799896240234,train,2967,True
Cc1nc(=O)onc1N,7.10830020904541,train,2968,True
CNC1(C#N)CC1C=O,4.494900226593018,test,2969,True
CCOc1cc(N)[nH]n1,2.574199914932251,train,2970,True
CC1C=CC(C)C(=O)N1,3.56820011138916,test,2971,True
O=CC12CN1CC21CN1,3.273400068283081,train,-1,False
C#CCOCC1CCO1,1.3653000593185425,train,2972,True
C1C2OC1c1onnc12,3.5397000312805176,test,-1,False
C1CC23OCC12C1OC13,1.2714999914169312,train,2973,True
C#CC(O)c1nnon1,2.1331000328063965,train,2974,True
CN1C=NC2CC1C2=O,4.3403000831604,train,-1,False
C#CC12CC1CCC2=O,3.424499988555908,train,2975,True
CC1(C)C2CC3CC1N32,1.6998000144958496,train,-1,False
O=C1C2C(O)C1C21CO1,4.8927998542785645,train,2976,True
CCC1(OCCO)CC1,2.0381999015808105,valid,2977,True
CCC1COC(C)C1,1.6080000400543213,train,2978,True
CC(C)CNC(=O)C=O,2.3603999614715576,train,2979,True
CCOC(C)C#CC=O,3.985300064086914,valid,2980,True
O=CC1COC(=O)C1O,1.5436999797821045,train,2981,True
C1C2CC3C4CC3(O2)C14,1.4470000267028809,test,2982,True
CC1CC1n1ccnn1,4.420499801635742,train,2983,True
C#CC1C2CCC1C2=O,2.4725000858306885,valid,2984,True
C#CC(C#N)(C#N)C=O,4.585100173950195,train,2985,True
O=C1CC(O)C(=O)CN1,2.9488000869750977,test,2986,True
CC12CCC3C1N3CC2,1.5850000381469729,train,-1,False
O=CC12CC3CC1C32O,4.634300231933594,train,2987,True
N=c1cnocnc1=O,3.567800045013428,train,-1,False
CNc1ccc(C)cn1,1.7001999616622925,train,2988,True
CC(O)C1(CO)CCC1,2.6212000846862797,train,2989,True
N#CCC(CO)OC=N,3.637700080871582,train,2990,True
CCOC(=N)COC=O,3.949700117111206,train,2991,True
CC#Cc1c[nH]c(C)n1,3.3666999340057373,train,2992,True
CC(O)C(O)CN1CC1,1.1432000398635864,train,-1,False
C1=CC2CCCC2C1,0.1489000022411346,valid,2993,True
C1C2C3CC1N1CC1C23,1.4198999404907229,train,-1,False
CC1CC1C(O)C1CC1,1.4608999490737915,train,2994,True
COC(C)C1(C)CC1O,2.8020999431610107,train,2995,True
CC1=CC(O)C(C)OC1,2.0973000526428223,train,2996,True
CC1(O)CC(=O)C12CC2,3.35479998588562,train,2997,True
CC1C2N=COC12CO,1.8818999528884888,train,2998,True
COCCC(C=O)C=O,2.81030011177063,train,2999,True
CC1N2C(CO)CC12C,2.8831000328063965,train,-1,False
O=C1NC=C2CC3C1C23,2.479199886322021,train,3000,True
COC(C)CC(C)C,1.0118999481201172,train,3001,True
Cn1ccc2occc21,2.6196999549865723,train,3002,True
C#CC(O)C(C)CCC,1.3349000215530396,train,3003,True
CC(O)C1C2OCOC21,2.2737998962402344,train,3004,True
CC(C)C#CCC(C)C,0.1384000033140182,train,3005,True
CN=COC(C)(C)C,3.101799964904785,train,3006,True
N#CC1C(O)CC1O,2.534600019454956,train,3007,True
O=c1nccccn1,5.682400226593018,test,3008,True
N#C[C-](C#N)C(N)=[NH2+],7.693399906158447,train,3009,True
N#CCN(C=N)C=N,3.1733999252319336,valid,3010,True
OCC1CC2C3OC3C12,2.5696001052856445,train,3011,True
C1C2NC2C23CC(C2)N13,1.1793999671936035,valid,-1,False
CC1OC2CN3C1CC23,0.4002000093460083,train,-1,False
COC12CC1CC1CC12,1.320199966430664,valid,3012,True
C#CC(C#N)(C#N)CO,5.6371002197265625,train,3013,True
COC1C2COCC21,2.231600046157837,train,3014,True
C1OC1C1CC2CC21,1.8050999641418457,test,3015,True
CC1C2CC3N1C23C,1.6096999645233154,train,-1,False
N=C1NC(=O)CC1CO,1.5225000381469729,valid,3016,True
CC1C2C3C(O)C2(C)C13,1.5786999464035034,train,3017,True
C#CC1CCC2CC12O,0.8309999704360962,valid,3018,True
O=CC1(O)C(=O)C2NC21,4.829699993133545,train,3019,True
O=C1NC2CCOC12,4.470600128173828,train,3020,True
CC1=CC(C)C2OCC12,1.7662999629974363,train,3021,True
CN=c1[nH]ncnc1F,2.7511000633239746,test,-1,False
N=c1nn[nH]nc1N,3.200700044631958,train,-1,False
CC1=C(C)CC=CC=C1,0.6146000027656555,train,3022,True
OC1CC23CC(O2)C13,2.6489999294281006,train,-1,False
C1CC23OC4CC12CC43,1.4507999420166016,train,3023,True
CCC1=CC2OC3C1C23,1.662700057029724,train,3024,True
O=C1CC2CC3(CN3)C12,4.259799957275391,train,3025,True
COC1OCCC1(C)O,1.7419999837875366,train,3026,True
N#CC12OC(=N)C1C2O,1.8702000379562376,train,3027,True
NC1=C(C=O)C2OC2C1,6.254499912261963,train,3028,True
CC(=O)CC1C2CN1C2,1.8877999782562256,valid,-1,False
OC1C2C3C=CCN2C13,1.0435999631881714,train,3029,True
COC1CC2(O)C(C)C12,1.247099995613098,train,3030,True
CCCC1(C(C)=O)CC1,2.730799913406372,train,3031,True
CC12CN(CC1=NO)C2,1.1395000219345093,train,3032,True
N#CC1(O)C=CCOC1,4.104400157928467,train,3033,True
CN1CC2(O)C(O)CC12,1.020799994468689,train,-1,False
COC(C(C)C)C1CC1,1.0429999828338623,train,3034,True
Cc1ccc(F)c(F)c1,2.4546000957489014,train,3035,True
C1=NCc2oncc2O1,1.816100001335144,train,3036,True
C#CC1OC(=O)C1(C)C,3.9900999069213863,train,3037,True
O=C1COc2cc[nH]c21,3.190000057220459,valid,3038,True
CC1(C)C=CCOC1=O,3.952500104904175,train,3039,True
CC1=CC2(CC2)OC1,1.6449999809265137,train,3040,True
CC12C=CC(C1)C2C#N,4.144999980926514,train,3041,True
N#CC#CC1=CCCC1,5.975399971008301,train,3042,True
CC1(O)CC(O)C1,0.4589999914169311,train,3043,True
C1=CC2(C3CN3)NC2C1,2.655100107192993,train,3044,True
OCC1CC2OCOC12,1.0779000520706177,test,3045,True
C1CN=C2OCOC2C1,2.471400022506714,train,-1,False
OCC12CC3C1CCC32,1.395699977874756,train,3046,True
CCN=COCC,2.862299919128418,valid,3047,True
O=C1NCC(O)C1CO,6.112299919128418,valid,3048,True
O=C1NC2C=CCOC12,4.831900119781494,train,3049,True
NC(N)=Nc1ncno1,5.488100051879883,train,3050,True
Cc1cc(=N)nc(O)[nH]1,5.241600036621094,train,-1,False
CCc1c(O)n[nH]c1O,1.7728999853134155,train,3051,True
CC1=CCC2C(O)CC12,1.7476999759674072,train,3052,True
C1=CC2OC3C1C=CC23,1.7695000171661377,train,3053,True
OC12CC=CC1C=CC2,1.346500039100647,valid,3054,True
C#CC(C)(C)CC1CO1,1.5217000246047974,train,3055,True
CC12CC3CC1OCC32,1.524500012397766,train,3056,True
CC(C)C1C2OC1C2C,1.8125,train,-1,False
C#CC1(CO)CN=CO1,0.2424000054597854,test,3057,True
OC1CCC12CN2,1.4488999843597412,train,3058,True
Cc1coc(=O)c(O)n1,2.439199924468994,train,3059,True
CC(C)C(O)C1CC1O,2.725399971008301,train,3060,True
c1nnnnc1C1CO1,4.556600093841553,train,3061,True
CC1C(CO)C2NC12C,2.695499897003174,train,3062,True
C#CC(C)C1C2COC21,1.948199987411499,train,3063,True
C#CCC1CC1CCC,0.8942999839782715,train,3064,True
COCc1cc(C)[nH]n1,1.89709997177124,valid,3065,True
CCC1C(CO)N2CC12,2.640199899673462,test,-1,False
CC1(C(=O)[O-])CC[NH2+]C1,5.737800121307373,train,-1,False
N#CC12C3CC4C3C1N42,5.221399784088135,train,-1,False
CC1OC2(C)C(O)C12,1.764299988746643,train,3066,True
CCc1ccc(N)cc1,1.483199954032898,train,3067,True
CC1(O)CCOC=NC1,1.8301000595092771,valid,3068,True
CC1C=CNC(=O)C1C,2.892400026321411,train,3069,True
COC1(CO)COC1=N,1.593999981880188,train,3070,True
C#CCCOCC(C)C,0.949400007724762,train,3071,True
CC(C#N)CC1(C)CC1,4.208199977874756,train,3072,True
CCOc1nc(N)n[nH]1,2.1454999446868896,train,3073,True
CC12OC1C1CN1C2=O,3.595999956130981,train,3074,True
N=C1OC2C=CCC1C2,2.973299980163574,train,-1,False
CC1CC(C=O)(CO)C1,3.20169997215271,test,3075,True
COC1CCOC(=N)C1,2.4688000679016118,train,3076,True
CC1(C2CO2)OC1CO,3.003499984741211,train,3077,True
C#CCC(O)C(C)C,1.7578999996185305,valid,3078,True
CC1C(=O)C=CC2CC21,3.586899995803833,valid,3079,True
CCC1OC1(C)C(C)=O,2.1331000328063965,valid,3080,True
CC1CCCCC(=O)C1,2.916699886322021,train,3081,True
N#CC1C2COC(=N)C12,5.107399940490723,valid,3082,True
CCC1OC1C(O)C=O,1.847000002861023,train,3083,True
CC#CCCCOC=N,3.2959001064300537,train,3084,True
CCOc1ccnn1C,3.131099939346313,test,3085,True
CC12CC(C1)C(O)C2=O,2.2265000343322754,train,3086,True
CC1Cn2nccc2N1,3.6731998920440674,train,3087,True
COC1CCCCC1=O,2.927500009536743,train,3088,True
C1=CC2OC3CCC1C23,1.8566999435424805,train,3089,True
Nc1noc2c1CCN2,4.19290018081665,train,3090,True
CC1(C#N)NC2CC1C2,3.463200092315674,valid,3091,True
N#CC#Cc1c[nH]cn1,8.680399894714355,valid,3092,True
CC12OCC3OC1C32,2.0771000385284424,train,3093,True
CC1OCC12NC2(C)C,2.0078999996185303,train,3094,True
CC1C2CC1C(O)C2O,2.098700046539306,train,3095,True
C#CC1CCC1(O)CO,2.127000093460083,train,3096,True
O=CN1C=NC2(CC2)C1,3.6068999767303462,train,3097,True
C#CC#CC(=N)OC=O,4.523399829864502,train,3098,True
C#CCc1cnn(C)n1,0.8264999985694885,train,3099,True
C1C2CC3(CO3)CN12,2.019599914550781,train,-1,False
CC12COC1(C)C2C=O,3.4925999641418457,test,3100,True
CC1CC=CC2(CC2)C1,0.2502999901771545,train,3101,True
CC(C)c1ocnc1O,0.5016000270843506,train,3102,True
COC1CC12CC1CN12,1.0606000423431396,valid,-1,False
N#CC1CC1C1CCO1,5.660200119018555,train,3103,True
CC1=CC(=O)C2COC12,2.7265000343322754,train,3104,True
CC1C=CCC2(C)CC12,0.26460000872612,valid,3105,True
CC1(C)CCCC2OC21,1.7059999704360962,train,3106,True
Nc1cc(F)nc(=O)[nH]1,8.052200317382812,train,3107,True
O=C1NC=CCOC1=O,5.252500057220459,test,3108,True
CC(C)(C#N)C(O)C=O,4.405099868774414,train,3109,True
Oc1noc2c1OCC2,2.277400016784668,train,3110,True
N=c1[nH]c2c(o1)OCC2,3.682699918746948,train,-1,False
N=C1OCC2C3NC3C12,4.094900131225586,test,3111,True
OC1CC2CCCOC12,2.2797000408172607,train,3112,True
CC1COC(=N)C1=O,4.435100078582764,train,3113,True
COC1(C)CCCO1,0.5004000067710876,train,3114,True
CC12CCC1CN2C=O,4.384399890899658,train,3115,True
O=CC12CCN1C1CC12,3.0782999992370605,train,-1,False
N=C(CO)N(C=O)C=O,3.726900100708008,train,3116,True
OC1CC2C=CC1C=C2,1.4878000020980835,train,3117,True
CCC1CC2OCC1O2,1.9107999801635744,test,3118,True
CC(O)C1NC(=O)C1O,1.3529000282287598,train,3119,True
CC1CCC1C1(O)CC1,1.3981000185012815,train,3120,True
C#CC(CO)C1CCC1,1.5770000219345093,train,3121,True
CCCC1CC(=O)O1,4.11329984664917,valid,3122,True
N=C(CC=O)OC1CC1,4.814499855041504,train,3123,True
C1=CC23C(C1)C1C2OC13,2.0364999771118164,valid,-1,False
CC1(C#N)COC(=N)C1,4.590799808502197,test,3124,True
O=CCC1OCC12CC2,3.735100030899048,train,3125,True
OC1CCC2CN3C1C23,3.1489999294281006,train,-1,False
C#CC(=O)N1CCC1=N,1.0011999607086182,test,3126,True
C#Cc1coc(OC)c1,1.7544000148773191,train,3127,True
C#CCC1OCOC1=O,2.4367001056671143,train,3128,True
CC1N(C)C12CC1OC12,1.914199948310852,test,-1,False
N#CC(=O)c1cn[nH]c1,5.391900062561035,train,3129,True
C#Cc1c[nH]cc1C#C,3.2265000343322754,train,3130,True
CC1C(=O)C2(O)CC12O,3.630000114440918,train,3131,True
c1ccn2nncc2c1,4.698299884796143,train,3132,True
O=C1CN=C2C=CCN12,3.717099905014038,train,3133,True
CN=C(C)OCC(C)=O,2.0992000102996826,test,-1,False
Nc1ncoc1CCO,0.8831999897956848,train,3134,True
Cc1nc[nH]c1C1CC1,3.5141000747680664,train,3135,True
N=c1oc(=O)occ1O,3.731600046157837,valid,-1,False
CC(=O)C1CC2(O)CC12,1.408900022506714,train,3136,True
C1CC23C4C5C(C2N54)N13,1.5383000373840332,train,-1,False
CC1(C2CN2)CCCO1,2.899800062179565,train,3137,True
O=CC12CC1(O)C(=O)O2,2.9237000942230225,train,3138,True
CCC(C)(CO)C(C)C,1.2592999935150146,train,3139,True
CC1C2CC13OCC3O2,0.8682000041007996,train,3140,True
CC1C2C3CC3C12CO,1.502900004386902,train,3141,True
N=C(C=O)NCC(N)=O,1.8787000179290767,train,3142,True
N=c1occ(N2CC2)o1,2.740000009536743,train,3143,True
CCCCCCC#N,4.267899990081787,valid,3144,True
OCC1C2CCCOC12,0.9605000019073486,train,3145,True
CC(=NC(C)C)NC=O,1.7819000482559204,train,3146,True
CCCCc1ncno1,2.180799961090088,train,3147,True
CC(=O)C1(O)C2CCC21,2.194000005722046,train,3148,True
CC(O)CCC1CC1O,2.439500093460083,train,3149,True
O=CCc1cncnn1,1.9074000120162964,train,3150,True
C1COC(C2CC2)OC1,1.6794999837875366,train,3151,True
CC(C)C1CC1C1CC1,0.0614000000059604,train,3152,True
N#CC(N)c1ccco1,3.0850000381469727,test,3153,True
CC12CCOC1C2C=O,3.8712000846862793,train,3154,True
C#CC1C2CC1C1OC21,1.895799994468689,train,3155,True
O=C1C=CC(O)CC1O,4.197800159454346,train,3156,True
CN=C1CN=C(CN)N1,2.2969000339508057,train,-1,False
CC1=CC(=N)NC(=O)C1,1.9248000383377075,train,-1,False
C#CC1(O)CC1N1CC1,3.335200071334839,train,3157,True
CCC1(O)C2CN3C2C31,3.168600082397461,train,3158,True
CCC1C2CC3C1C23C,0.4379000067710876,train,3159,True
Cc1conc1C(=N)N,0.743399977684021,train,3160,True
CC(C=O)OCCCO,3.810800075531006,train,3161,True
C#CC(=N)OC(C)C=O,3.2679998874664307,train,3162,True
C#CC1OC(CO)C1=O,1.3349000215530396,train,3163,True
CNC(=N)c1nn[nH]n1,2.2844998836517334,valid,3164,True
OCCC1COC12CC2,2.274199962615967,train,3165,True
CCN=c1[nH]c(O)no1,2.897200107574463,test,-1,False
COC1(C)COC2CC21,1.156000018119812,train,3166,True
C#CC#CCCC(C)=O,2.442199945449829,valid,3167,True
OC1C=CC(O)C2CC12,2.6084001064300537,train,3168,True
N=COC1C=CC2NC21,4.814000129699707,train,-1,False
CCC1(O)C2C3CN3C21,1.53410005569458,train,-1,False
CCC1=CNC(=O)C1=O,5.499599933624268,test,3169,True
Cc1ccc(=N)on1,3.6649999618530273,train,-1,False
O=CC1(O)CNC(=O)C1,2.46370005607605,train,3170,True
N=C1Cc2nc[nH]c2O1,3.7276999950408936,train,-1,False
CC1(C)C(C=O)C1CO,3.2421000003814697,train,3171,True
C#CC1C2N=CN3C1C23,1.4227999448776243,train,3172,True
CC1(C)C2OC3CN1C32,0.5271000266075134,train,-1,False
C#CC12C(=O)C3CC1C32,3.5197999477386475,train,3173,True
OCCOC=NC1CC1,2.5215001106262207,train,3174,True
CC12CCC3C1C3(C)C2,0.1764000058174133,train,3175,True
C[NH2+]C1(C(=O)[O-])CC1C,5.34689998626709,valid,-1,False
COc1c[nH]c(N)c1O,1.5537999868392944,train,3176,True
CC1=CCn2cccc21,1.6783000230789185,train,3177,True
CCC(=O)N1CC1(C)C,3.058199882507324,train,3178,True
C#CC1CC(C)=CC1C,0.8504999876022339,train,3179,True
CC1OCC1NC(N)=O,3.537100076675415,train,3180,True
N#Cc1ncncc1N,4.27899980545044,train,3181,True
OCC1CC2C(O)CC12,0.8195000290870667,train,3182,True
CC(C)CCC(=O)C#N,3.8252999782562256,train,3183,True
Nc1n[nH]c2c1NCC2,2.214400053024292,train,3184,True
C#CC1CCC1(C)C#C,0.7156000137329102,train,3185,True
CC1CCC(=O)OC=N1,3.0648999214172363,train,3186,True
C#CC(CC#N)C1CN1,4.182199954986572,test,3187,True
N#CCC1OC1CO,3.490600109100342,train,3188,True
Cc1nc(N)nc(N)n1,1.5924999713897705,train,3189,True
CC1CC=CCCC1,0.2533999979496002,test,3190,True
O=C1C2NC3CN1C32,4.622600078582764,train,3191,True
C#CC1=CC2CCC1C2,0.857200026512146,valid,3192,True
CC12C3CC4=CC3C1C42,1.4393999576568604,train,-1,False
O=C1CNCCOCO1,3.343400001525879,train,3193,True
CC1OC2CC(O)CC12,2.50979995727539,train,3194,True
OCC1(O)CC12CCO2,3.460900068283081,train,3195,True
CC1(C(C#N)C=O)CC1,3.031599998474121,valid,3196,True
O=CC12OCC3C1CC32,2.8496999740600586,train,3197,True
CC1=C(C)C2CC1C2,0.1656000018119812,train,3198,True
CCC1C=CCC1C=O,2.7149999141693115,train,3199,True
CC1C(C)(O)C1(C)O,1.7252999544143677,test,3200,True
CN1CC=CC(O)C1=O,4.099100112915039,train,3201,True
Cc1cc(=O)cnn1C,6.201499938964844,train,3202,True
O=CCNc1conn1,3.4855000972747803,train,3203,True
C1CC2(CO2)C2OCC12,1.5123000144958496,train,3204,True
O=Cc1cccoc1=O,6.648600101470947,train,3205,True
OCC1C2CC(O)CC12,3.0380001068115234,train,3206,True
COCC(=O)C(=N)N,2.196000099182129,train,3207,True
O=C1Cn2nncc2O1,1.6770000457763672,train,3208,True
CC(C)CC(O)C=O,2.154099941253662,test,3209,True
N#CC1OC1C1COC1,2.4916000366210938,train,3210,True
Cn1cc(N)cnc1=O,6.514599800109863,train,3211,True
CC#CC1C2CCC12C,0.2635999917984009,train,3212,True
CC12CC1OCCCO2,1.8188999891281128,train,3213,True
C#CC12CC3(C)C1CN32,1.7734999656677246,train,-1,False
NC(=O)C(=O)C#CC=O,3.5439999103546143,train,3214,True
N#CC12C3C4C1C4(O)C32,3.566200017929077,train,3215,True
O=C1CC2CN3CC2C13,3.6552000045776367,train,-1,False
C1CC2COCC2CO1,1.1028000116348269,train,3216,True
CCc1c[nH]cc1N,1.7950999736785889,train,3217,True
CC1C(=O)C(C)N1C,2.5511999130249023,valid,3218,True
C#CC1(N)C(=O)NC1C,3.067699909210205,train,3219,True
N=C1OCC2C(CO)C12,3.585200071334839,test,-1,False
CC(C)N1CC(=O)C1,2.7158000469207764,train,3220,True
CCCC(C#N)C1CO1,3.99399995803833,train,3221,True
CC(C=O)n1nccn1,2.0720999240875244,train,3222,True
O=CCc1cc(O)no1,1.6416000127792358,train,3223,True
C#CC1C(C)CC1C=O,2.9944000244140625,train,3224,True
CN=c1onnoc1=O,2.90910005569458,train,-1,False
OCC12CCC3C1N3C2,2.336699962615967,train,-1,False
CC1=CCOC1C1CC1,1.6066999435424805,train,3225,True
CC(O)C1C2C=CCC21,1.5780999660491943,train,3226,True
CC1OC2=NCCC21,3.77239990234375,train,-1,False
CC12CC3C(C#N)C1N32,2.5524001121521,train,-1,False
C#CC(C#C)CCC#N,3.720900058746338,train,3227,True
COCC(O)C1(O)CC1,0.8101000189781189,train,3228,True
CC12OC(C1=O)C2C#N,2.15339994430542,test,3229,True
CN=C(C)N(C)C(N)=O,2.4842000007629395,train,3230,True
C#CC12CC(CO)N1C2,2.1198999881744385,train,3231,True
CC1(C(N)=O)C2CC1O2,2.65339994430542,train,-1,False
CCCC#CC(C)=O,3.5253000259399414,train,3232,True
C#Cc1[nH]c(O)nc1O,2.2132999897003174,train,3233,True
CCC1(C#N)C2CCC21,4.31220006942749,train,3234,True
CC12COC3CN1C32C,0.8695999979972839,valid,-1,False
C1C2OC1C13CN(C1)C23,1.8997000455856323,train,-1,False
CN1CC12CCOC2=N,3.8252999782562256,train,3235,True
Oc1cn[nH]c1C1CO1,3.486500024795532,test,3236,True
CCC(C#N)C#N,4.366000175476074,train,3237,True
Cc1nc(O)c(C)n1C,3.046299934387207,train,3238,True
CC(O)C(=O)C1CN1,1.7851999998092651,train,3239,True
CC1OC23CN4C2CC143,0.6991999745368958,train,-1,False
N=c1ccnc[nH]c1=N,2.952699899673462,train,-1,False
CC1CN2C(C)C(=O)C12,1.6454999446868896,train,-1,False
CCC(OC)C(=O)NC,3.8011999130249023,train,3240,True
OCc1onnc1O,2.5445001125335693,train,3241,True
O=C1C2OC3CC1(O)C32,2.260699987411499,train,3242,True
Cc1n[nH]c2ncoc12,0.720300018787384,train,3243,True
c1nocc1CN1CC1,3.8650999069213863,valid,3244,True
O=C1C=CNCC2CC12,5.562600135803223,train,3245,True
O=c1nc(O)c(O)c[nH]1,3.848000049591065,test,3246,True
CCCC12COC1(C)C2,1.803500056266785,train,3247,True
C#CC([NH3+])C(=O)[O-],4.992899894714356,train,-1,False
CCC12NC1C1(C)OC21,3.3791000843048096,train,3248,True
CC1(C)CC2CCC1C2,0.0742999985814094,train,3249,True
CCC1CC1(O)CC#N,3.224100112915039,train,3250,True
OCC1C(=NO)CC1O,3.22160005569458,train,3251,True
C1COCC(N2CC2)C1,1.3183000087738037,train,-1,False
c1cc2onnc2o1,4.142199993133545,train,3252,True
CC1CC=CC2OCC12,2.0908000469207764,train,3253,True
N=c1cnn(C=O)cn1,2.908499956130981,train,-1,False
COC12COC(C1)C2C,1.3870999813079834,train,3254,True
CC1CC2COC12,1.6825000047683716,test,3255,True
CC1(CCO)CC2CC21,1.145900011062622,valid,3256,True
CCC(=O)C1CC1CO,1.924999952316284,train,3257,True
C1OCC2(C3CO3)NC12,0.4871000051498413,train,3258,True
Cc1cocc1C,1.069700002670288,train,3259,True
C#CCN1C2CCC21,1.448199987411499,valid,3260,True
Cn1c(N)ccc1CO,2.053100109100342,train,3261,True
C#CC(O)C1CCC1O,2.568300008773804,train,3262,True
OCC1CC2(CC2O)O1,2.974600076675415,train,3263,True
CN(C)c1ncn(C)n1,1.8766000270843504,train,3264,True
COC1C=CNC(=O)C1,3.8361001014709473,train,3265,True
CC1NC(=O)N2C(C)C12,4.8744001388549805,train,3266,True
C#CC(C)C(=O)CCO,0.9121000170707704,train,3267,True
CCCC12OCC1C2C,1.40339994430542,train,3268,True
C#CC12OC3C1NC32C,1.5618000030517578,train,3269,True
NC(=O)CC1(CO)CN1,2.217600107192993,train,3270,True
O=C1CC2OC3CNC132,2.69320011138916,train,3271,True
CC12COCC1NC2=O,3.749599933624268,train,3272,True
OC1C2C3C4=CCC13C42,0.8087000250816345,test,-1,False
C1=CC23CCC(O2)C3C1,1.9673000574111936,train,3273,True
N=C1OC(=O)C2CC12,2.837300062179565,train,3274,True
OC12C3CCC1CC2C3,1.3107999563217163,train,3275,True
CCC1CC1CC,0.1171000003814697,train,3276,True
CC1CC2OCC12,1.8352999687194824,train,3277,True
CC(C)CC1CC(C)O1,1.5724999904632568,train,3278,True
Cc1ncoc(=O)c1N,2.831399917602539,train,3279,True
O=C1CC(=O)C2OC12,1.2276999950408936,train,3280,True
N#CCC1(C=O)CCO1,6.055699825286865,train,3281,True
C#CCC1C2CC1C2C,0.7821999788284302,valid,3282,True
CC(O)C12OC1C1NC12,4.365600109100342,train,3283,True
N=C1C=CC2NC2CO1,4.732999801635742,train,-1,False
CCC(C=O)CC=O,3.327399969100952,train,3284,True
N#CC1CC2(O)CC12O,3.226599931716919,train,3285,True
CC1(C)C=CC2(CN2)C1,1.6757999658584597,train,3286,True
CC(C=O)C1(C)CC1C,2.3935999870300293,train,3287,True
CN1CC2(CC(=N)O2)C1,2.9821999073028564,train,3288,True
OC1CC(C2CO2)C1O,3.270400047302246,train,3289,True
CCNC(=O)C(C)(C)O,2.599400043487549,train,3290,True
CCC1OC(=N)C(C)O1,1.966599941253662,train,-1,False
OC1CC2C(O)C2C1,3.007499933242798,train,3291,True
N=COc1conn1,1.2604000568389893,train,-1,False
COC1CC2CC1(C)O2,1.5361000299453735,train,3292,True
O=CC1CC23CC(O2)C13,3.849900007247925,train,-1,False
Oc1cc2cn[nH]c2[nH]1,3.527600049972534,train,3293,True
CC12C(=O)C3C(O)C1C32,3.570199966430664,train,3294,True
CC1=C(C)C(C)COC1,1.4062999486923218,train,3295,True
CC1C=CC(C#N)CO1,3.7906999588012695,train,3296,True
CCC1OCC(C)C1O,1.6419999599456787,valid,3297,True
CC1C(=O)CC12COC2,1.1902999877929688,train,3298,True
O=C([O-])CC1[NH2+]C2CC12,6.163599967956543,test,-1,False
CCN1CC1CO,2.205899953842163,train,-1,False
CC12OC3C(N)=NC1C32,1.7143000364303589,train,-1,False
C#CC1CCC2OCC12,1.4912999868392944,train,3299,True
CCC1C2N=C(N)OC12,1.4495999813079834,train,3300,True
COC(C)(C)C(C)(C)C,1.0779999494552612,train,3301,True
OC1C2C3C1C1C2C31,1.6765999794006348,train,3302,True
C#CC1(C=O)CC1C=O,3.436800003051758,train,3303,True
C[NH2+]Cc1nonc1[O-],6.240699768066406,train,-1,False
CC1OC12COCC2=O,2.354599952697754,train,3304,True
CC12OC=NC1C2C=O,3.324899911880493,train,3305,True
CCC(C)(C)C1CO1,1.6292999982833862,train,3306,True
CC1NC12C1C3OC1C32,2.013400077819824,train,-1,False
O=C1CC2(O)CCOC12,4.065299987792969,test,3307,True
CC1CC2C(C)C2C1O,1.413100004196167,train,3308,True
O=Cn1nc(O)oc1=O,3.951900005340576,train,3309,True
C#CC(C)(C=O)OC=O,2.773400068283081,train,3310,True
C#CC1=CC(=O)NC1C,4.264400005340576,train,3311,True
C1c2nnoc2N2CC12,4.691999912261963,train,-1,False
OCC1(O)C(O)C2OC21,1.1460000276565552,valid,3312,True
OCC1OCOC1CO,1.451799988746643,train,3313,True
CC(C)(O)CN1CC1,2.6354000568389893,train,3314,True
COC(C)C#CC1CO1,1.7547999620437622,train,3315,True
N#CCCC#CC1CN1,2.867000102996826,train,3316,True
CCC1OCC2CC21O,1.2491999864578247,valid,3317,True
COc1cn(C)nc1C,2.9035000801086426,train,3318,True
CC1C(O)C12CCC2=O,2.970200061798096,test,3319,True
CN1C2C3OC3C21C=O,2.456899881362915,train,3320,True
O=C1CN2C3C(O)C1C32,1.5149999856948853,train,3321,True
CC12CCC1CC2O,1.2741999626159668,train,3322,True
NC(=O)Cc1nnon1,2.1775999069213867,train,3323,True
OC1C2C=CC1C21CC1,1.4816999435424805,train,3324,True
COC1OC(C)CC1C,0.5590999722480774,train,3325,True
CC1C2C(=O)OCC12O,3.493499994277954,train,3326,True
C1COCC2CC(C1)O2,2.359299898147583,train,3327,True
O=CN1CC2COC2C1,4.84149980545044,train,3328,True
CC1(O)CCC1C(N)=O,3.357599973678589,train,3329,True
C1CC2(C1)OC1CCC12,1.5117000341415403,train,3330,True
CCC1OC12CCC2O,1.9151999950408936,train,3331,True
ON=C1CC2COC1C2,1.968999981880188,train,3332,True
CCCC(C#N)CC,3.825999975204468,test,3333,True
C1CC(C2C3CC2C3)O1,1.6039999723434448,train,3334,True
CC(O)CC1CC(=O)C1,4.496500015258789,train,3335,True
CCn1cncc1C,4.114999771118164,train,3336,True
CC1(CC=O)CCC1,2.82069993019104,test,3337,True
Nc1[nH]nnc1N1CC1,3.669199943542481,train,3338,True
CC1CCCC12CC2O,1.1332999467849731,train,3339,True
O=C1NC2C(O)C2C1=O,5.711400032043457,test,3340,True
CC1(C)OCCN2CC21,0.5200999975204468,train,-1,False
CC12C=CCC1C1NC12,1.5313999652862549,train,3341,True
NC1(C(F)(F)F)CCC1,0.9146999716758728,train,3342,True
CC1C(=O)C=CC12CC2,3.698600053787232,train,3343,True
CC(=O)CC(O)CC=O,2.697999954223633,train,3344,True
COC(=O)CNC(N)=O,2.609999895095825,train,3345,True
CC12CC=CC1(O)CO2,2.31060004234314,train,3346,True
CCc1n[nH]cc1OC,3.026000022888184,train,3347,True
O=C([O-])C12CCC1C[NH2+]2,5.039700031280518,train,-1,False
CCCOc1cn[nH]c1,1.3588000535964966,train,3348,True
CC1OC2C(O)C12C#N,3.2399001121521,train,3349,True
CC(O)CC#CCC=O,3.489500045776367,test,3350,True
CCCC1OCOC1=O,2.9047999382019043,train,3351,True
NC(=O)C[NH2+]CC(=O)[O-],5.274499893188477,train,-1,False
CN1CC2OC(C1)C2O,2.373199939727783,valid,-1,False
CC(=O)C(O)C1(C)CC1,2.809900045394897,valid,3352,True
C#CCC1OC1CC,2.0208001136779785,train,3353,True
C1CC23C4C5C(N42)C53O1,1.274999976158142,train,-1,False
Cn1nc(N)cc1O,2.3926000595092773,train,3354,True
CCN1CC1(CO)CO,2.1874001026153564,train,3355,True
CC1NC1(C#N)CC=O,4.828999996185303,train,3356,True
CC#CC1(C)CC(=O)N1,4.148499965667725,train,3357,True
CC1C2N1CC21NC1C,2.44320011138916,train,-1,False
O=c1occ2n1CCN2,6.065199851989746,train,3358,True
CC12COC(C1)C1CN12,1.889400005340576,train,-1,False
COC(=O)N1C=CCC1,1.8586000204086304,train,3359,True
N#CCC1C(O)C1C=O,2.829200029373169,train,3360,True
CC#CCc1cnno1,4.542099952697754,train,3361,True
C#CCOC(=N)COC,2.2987000942230225,train,3362,True
C1CC23CC4C2N1C43,1.5410000085830688,train,3363,True
N#CC(CO)CO,2.2864999771118164,train,3364,True
CNc1oc(=N)[nH]c1C,3.293600082397461,train,-1,False
Cc1ccc(N)nc1,1.8468999862670896,train,3365,True
CC1CC(O)C2CC1O2,2.4839000701904297,train,3366,True
CC12CC3(C#N)CC1N32,4.9440999031066895,train,-1,False
CCC12COC3C(C1)C32,1.722000002861023,train,3367,True
CN=c1[nH]cnn1C=O,6.316299915313721,train,-1,False
CCC1CC2(CN2)C1=O,3.942500114440918,train,3368,True
C#CC12OC1C(O)C2C,1.6409000158309937,train,3369,True
CC1C=CC2NC2C1C,1.451799988746643,test,3370,True
Cc1cc(O)c2n1CC2,1.6424000263214111,train,3371,True
O=C1CC(O)(CCO)C1,4.425099849700928,train,3372,True
CC(COC1CC1)=NO,0.6644999980926514,train,3373,True
CC(C)CCN(C)C=O,4.024700164794922,train,3374,True
C#CCOc1ccc[nH]1,1.1095000505447388,train,3375,True
COC(C=O)(C=O)CO,3.338099956512451,train,3376,True
CC12CN1CC=C2C=O,2.835099935531616,train,3377,True
CC12NC1CNCC2=O,3.21370005607605,train,3378,True
Oc1cc2n(n1)CCN2,3.345099925994873,test,3379,True
O=C1CCc2cc[nH]c21,3.104599952697754,train,3380,True
C#CC(=O)C1CCCC1,2.809499979019165,train,3381,True
OCC1(C2(O)CC2)CC1,2.327699899673462,train,3382,True
OC1CCC2(O)CC1C2,1.8215999603271484,train,3383,True
COC1CCCCCC1,1.0923000574111938,train,3384,True
CCC(C)C1(C#N)CN1,4.973899841308594,train,3385,True
CCC1CC(O)C(C)O1,2.5274999141693115,train,3386,True
N#CC(C#CCO)C=O,2.3752999305725098,train,3387,True
OC12C=CC3C(C1)C32O,0.2090000063180923,test,3388,True
CNc1cc[nH]c1O,0.3097000122070312,train,3389,True
CC12CC3C(CN3C1)O2,0.8367000222206116,train,-1,False
OCC1C2CC1O2,3.052999973297119,train,-1,False
CC1=C(C)CC(=O)NC1,3.9742000102996826,train,3390,True
COC1CC(C)(O)C1C,2.312099933624268,train,3391,True
OC12COC3CN(C1)C32,1.4981000423431396,train,-1,False
CN1CC12CC1NC12,2.0673999786376958,train,-1,False
N=C1NC(=O)C=C1N,3.191999912261963,train,-1,False
c1onc2c1COCC2,2.3850998878479004,train,3392,True
CC(O)C([NH3+])CC(=O)[O-],7.841700077056885,train,-1,False
OCC1COCC2OC12,1.547600030899048,valid,3393,True
CC1CC2OCC=C12,1.62090003490448,train,3394,True
CC#CCCOC(C)C,1.1102999448776243,train,3395,True
N#CC(N)c1cnn[nH]1,4.575399875640869,train,3396,True
C1CC2C3COC(=N1)C23,3.4646999835968018,train,3397,True
CC1=NC23CCC2(C3)O1,0.9415000081062316,train,3398,True
C#CC(=O)C1(C)COC1,3.336999893188477,train,3399,True
CC#CCC1NC1C=O,3.443700075149536,train,3400,True
C#CC(C)OCC1CC1,1.2271000146865845,train,3401,True
c1cc2n(n1)CC21CO1,2.463099956512451,train,3402,True
O=C1OCC1C1COC1,3.407500028610229,train,3403,True
CC1OC2CC3C1C23,1.5362000465393066,train,3404,True
C1CC2(O1)C1C3CN3C12,1.1216000318527222,train,-1,False
C1=CC2C3OC(C1)OC23,0.7878000140190125,train,3405,True
CC1COC2CCC1O2,2.059000015258789,train,3406,True
CC12OC3CC1CC32O,2.254699945449829,train,3407,True
O=CNCCCOC=O,4.619400024414063,train,3408,True
C#CC1(C)CC1C#N,3.718600034713745,test,3409,True
C1=C(C2CC2)CC2NC12,1.3250000476837158,train,3410,True
CC1OCC(=O)NC1=N,1.0047999620437622,valid,3411,True
C1=CCn2ncnc2C1,3.4207000732421875,train,3412,True
Nc1nccccc1=O,1.6924999952316284,train,3413,True
COC1CC2CC21C#N,4.808899879455566,train,3414,True
OCC1CC2CC3C1C23,1.822399973869324,train,3415,True
C1CC2C3CCC2(C3)O1,1.3539999723434448,valid,3416,True
CCC(C)CC#CCO,1.2523000240325928,train,3417,True
COC(N)=NC(C)C=O,1.2022000551223757,valid,3418,True
N#CC1C(N)C2CCN12,4.184999942779541,train,-1,False
Cn1cc(N2CC2)nn1,2.933900117874145,train,3419,True
O=c1[nH]cc[nH]1,3.699700117111206,train,3420,True
C#CC12CC(C)(C1)C2C,0.9182000160217284,train,3421,True
O=C1C(=O)C2NC1C2O,3.177799940109253,train,3422,True
CC1OC2CC2C1=NO,0.7366999983787537,train,3423,True
CC1OCC1C(N)=O,4.43209981918335,train,3424,True
O=CC1(O)CC2COC21,2.7214999198913574,valid,3425,True
N#CC1C2CCCCC12,4.071199893951416,train,3426,True
O=CN1CCN2CC1C2,2.953000068664551,train,-1,False
CCC1(C#N)CCC1C,4.068699836730957,train,3427,True
OC1CCC2CC1C2,1.6096999645233154,train,3428,True
CC1(CC#N)CC(=O)O1,5.1757001876831055,train,3429,True
COC1CNC2CC2O1,0.8934999704360962,train,3430,True
CC1CC2OCC1CO2,2.2832999229431152,train,3431,True
C#Cc1ncc(N)nn1,3.873699903488159,train,3432,True
OCC12NC1C1OCC12,2.2065999507904053,valid,3433,True
O=C1CC2CC3(CC3)C12,2.821500062942505,train,3434,True
CCC1C2C(C)CC12C,0.2238000035285949,train,3435,True
O=C1NCC=C1C1CC1,3.5213000774383545,train,3436,True
CCCC1OCC1C,1.6663999557495115,train,3437,True
CC1C2CC(CO)N12,2.683000087738037,train,-1,False
CC12CC1C1CC2C1=O,2.6410999298095703,train,3438,True
O=C1CC2OC12C1CC1,2.6796998977661133,train,3439,True
C1CC1C12OC1C1CC12,1.9258999824523928,train,3440,True
CCCCC(C=O)CO,3.8619000911712646,test,3441,True
CCCC1(O)CC1C=O,4.3541998863220215,test,3442,True
CC12CCC=CC1O2,1.736199975013733,train,3443,True
CC1C2OC(=N)C12,2.7090001106262207,train,3444,True
CC1(C23CCN2C3)CC1,1.5180000066757202,test,-1,False
OC12CCC3OC(C1)C32,1.342900037765503,train,3445,True
N=C1OC2CC1OC2=O,3.831799983978272,train,-1,False
C#CCNCC#CC=O,3.767499923706055,train,3446,True
OCC12C3CC1N1C3C12,2.793100118637085,valid,-1,False
CN=C1NC(=O)C=C1N,3.5829999446868896,train,-1,False
C#CC1(OC)COC1,2.062700033187866,train,3447,True
C#CC1(N)CC1(C)C#N,4.284299850463867,train,3448,True
CN1CC1C1NC1CO,2.551399946212769,train,-1,False
CC12CN3C1C1NC1C32,1.1455999612808228,train,-1,False
CNC(=O)C(C)(C)O,2.664799928665161,train,3449,True
CCCc1n[nH]nc1C,0.6308000087738037,train,3450,True
CC1=CCC(O)C1,1.151900053024292,test,3451,True
N#CCC1CC1C=O,1.3795000314712524,train,3452,True
CC12CC(C#N)C1C2O,4.267000198364258,train,3453,True
OC1CC2C3NC3C12,3.211899995803833,train,3454,True
N#CC12CC1CC2C=O,2.6742000579833984,train,3455,True
N#CC(=O)C1CCC1O,3.134399890899658,train,3456,True
CC1(C)CCC(=N)O1,3.342600107192993,test,3457,True
COC(C)(C)C1CN1,2.649499893188477,train,3458,True
CN(C=O)CC(C)(C)O,4.886799812316895,train,3459,True
CCc1[nH]ccc1C,1.690400004386902,valid,3460,True
O=C1C2OC3C4C1C2C34,3.680299997329712,train,3461,True
CC(C=O)C1OCC1C,1.442199945449829,train,3462,True
CC1OC1C1OC1CO,3.0288000106811523,train,3463,True
CC(O)C1CCC(O)C1,2.505000114440918,test,3464,True
CC1=CCC2OCC12,1.807999968528748,train,3465,True
CNC(=O)n1cnnn1,4.277500152587891,train,3466,True
COC1CC2C3OC1C23,2.553299903869629,train,3467,True
Nc1n[nH]nc1C1CN1,2.49180006980896,test,3468,True
C1=CC2N3CC2(C3)OC1,1.7732000350952148,train,-1,False
O=CC12CC1C1(CO1)C2,1.96809995174408,valid,3469,True
OCc1cnnnn1,5.770100116729736,test,3470,True
C1CC23C4CN2C4C3O1,1.7091000080108645,valid,3471,True
Cc1noc(=N)n1C,3.979099988937378,train,-1,False
CCC1CC1(C)C(C)=O,2.70199990272522,train,3472,True
CC1C2C(O)C1C1OC12,2.45959997177124,train,3473,True
N#CC12CC3C=CC1N32,4.868599891662598,train,-1,False
C1=Cc2[nH]ccc2CC1,1.4783999919891355,train,3474,True
CC1(C)OC1C(O)C=O,1.95990002155304,train,3475,True
NC(=[NH2+])NCCC(=O)[O-],8.786700248718262,test,-1,False
CCC(C)N=C1CCO1,2.146899938583374,train,-1,False
C1CC2(CC3OCC32)O1,1.5484999418258667,test,3476,True
CC#CCC1CN1C=O,3.646899938583374,train,3477,True
COC1(C#N)CNC1=N,4.752699851989746,train,-1,False
C#CC(C=O)COC=N,3.8194000720977774,train,3478,True
CCC12OC1C(C)C2=O,2.608299970626831,train,3479,True
CC(=O)C1(O)CC1O,3.476300001144409,train,3480,True
COC1(CO)CC1C=O,1.7408000230789185,train,3481,True
C1CCC2CCC2OC1,1.1095000505447388,train,3482,True
C1COC2C(=N1)N1CC21,2.0683999061584477,train,-1,False
CNc1cocnc1=O,4.42710018157959,valid,3483,True
CCN1C(=O)C2OCC21,4.525599956512451,train,3484,True
CC(=O)C1CCO1,1.6334999799728394,test,3485,True
C#CC1OCC1(C)C,1.9817999601364136,valid,3486,True
CC12CCCN3C(C1)C32,1.1877000331878662,train,-1,False
ON=C1CC2CC1CO2,1.2129000425338743,train,3487,True
COC(=O)NC(C)=N,4.303199768066406,valid,3488,True
CCc1concc1=O,2.495500087738037,train,3489,True
O=C1CC(O)CN1,4.9008002281188965,train,3490,True
CC1CC2=CCCCC21,0.313400000333786,test,3491,True
CC1C2C3C2C2C3C12C,0.0573000013828277,train,3492,True
CN1CC(O)CCC1=O,3.4809000492095947,test,3493,True
C#CC1CC2CC1(C)O2,1.1062999963760376,train,3494,True
c1nc2c([nH]1)COC2,3.8471999168396,train,3495,True
CC1CC(C)(NC=O)C1,3.527400016784668,valid,3496,True
O=C1CN2C1C21CCC1,2.7112998962402344,test,-1,False
O=C1OCC2NC2C1O,5.026299953460693,train,3497,True
Nc1nn(C=O)c(=O)[nH]1,6.265900135040283,train,3498,True
OC1C2C=CC=CC1C2,1.1390000581741333,train,3499,True
C1=CC2(CC1)COC2,2.0297000408172607,train,3500,True
CC12COCC1C2O,2.228399991989136,train,3501,True
C1=CC2CC23CC(C1)O3,1.496999979019165,test,3502,True
CC1CCNC(=O)C1C,3.729399919509888,train,3503,True
CCC1NC1C(C)=NO,1.169100046157837,train,3504,True
Nc1nc(N)c(C=O)o1,4.682000160217285,train,3505,True
CCC(CC#N)C1CN1,2.6094000339508057,train,3506,True
CCC(=O)C#CC(C)C,3.4019999504089355,valid,3507,True
NC1(C(=O)[O-])C2CC1[NH2+]2,5.15880012512207,train,-1,False
C1CC23CCC12CO3,1.7222000360488892,test,3508,True
O=CC#CC1NC1CO,3.507299900054932,train,3509,True
OCC1C2C3CC3C12,1.1680999994277954,test,3510,True
CCC1CC2COC2C1,1.8438999652862549,train,3511,True
CC1NC12CC(C)(O)C2,2.0232999324798584,train,3512,True
Cn1ccc(O)c1N,0.429500013589859,train,3513,True
O=C1CC(O)CC12CC2,2.092600107192993,train,3514,True
OC1C=Cn2cncc21,3.3345000743865967,valid,3515,True
CC1(O)COCC(O)C1,1.374500036239624,train,3516,True
O=C1NC2CC1CC2O,4.232399940490723,test,3517,True
COc1cnc(CO)[nH]1,2.580199956893921,train,3518,True
CC1(C)C2COCC1C2,1.4320000410079956,train,3519,True
CCC1(C)OC2CC21,1.517799973487854,train,3520,True
CC1C(CO)CC1(C)C,1.3277000188827517,train,3521,True
CC(=O)C1NCC1(C)O,1.7933000326156616,train,3522,True
CCCC1CC1OC=O,3.907399892807007,train,3523,True
CC12NC3CC1C32C#N,3.2497000694274902,train,3524,True
C#CC1(O)CC2C(C)C21,1.0351999998092651,valid,3525,True
O=C1C2C=CC3C(O2)C13,2.8673999309539795,valid,3526,True
C1CC2CCOC2=N1,3.822599887847901,train,3527,True
C#CC(C)C#CCC=O,2.2904999256134038,train,3528,True
C#CC1COC12COC2,2.192800045013428,train,3529,True
Cn1nc(C=O)oc1=O,1.6543999910354614,train,3530,True
O=C1COC(CO)OC1,2.3831000328063965,train,3531,True
CC1C(=O)C2(C)OC12,2.723599910736084,test,3532,True
CN=C1OCC1CO,2.31690001487732,train,3533,True
OC1CC2(O)CC1(O)C2,3.030900001525879,train,3534,True
CC1=CC(=O)C(O)C1C,3.7383999824523926,train,3535,True
CC12CC1OC2CC=O,3.763700008392334,train,3536,True
C#CC1OC1CC(C)=O,3.317500114440918,train,3537,True
O=C1C2CCC3C1C23,3.512900114059448,valid,3538,True
CC1C2CC(CO)C1O2,2.974299907684326,train,3539,True
C#CCCCOC(C)=N,1.6721999645233154,train,3540,True
C#Cc1nc[nH]c1NC,4.986000061035156,train,3541,True
CC1(O)CCC(O)CC1,2.211800098419189,valid,3542,True
COCC1CCC12CC2,0.8779000043869019,train,3543,True
ON=C1C=C2CN3C2C13,0.6021999716758728,test,-1,False
CC1=C(CO)CC(=O)C1,3.393399953842163,train,3544,True
CC12OC1CC21CCC1,1.8025000095367432,valid,3545,True
O=Cc1coc(C=O)c1,2.479599952697754,train,3546,True
CN=C1OC2CNC1C2,3.407900094985962,train,-1,False
OCc1ncno1,0.7369999885559082,train,3547,True
C#CC1(C#C)CC1OC,0.9896000027656556,train,3548,True
CN1C2C3C4C1C2(C)N34,1.4285999536514282,test,-1,False
C1OC2C3COC1OC32,1.054800033569336,train,3549,True
CC1C(=O)C(=O)C2NC12,5.468299865722656,train,3550,True
O=C(CCCO)C1CC1,3.804199934005737,train,3551,True
CC1CC2N=C(N)OC12,1.4886000156402588,train,-1,False
CCC1CCOC(C)O1,1.483299970626831,train,3552,True
NC(=O)CC1=CCCC1,3.6847000122070312,train,3553,True
N#CC12CCC(O)(C1)C2,4.643599987030029,train,3554,True
CC(=O)N(C)CC(C)C,3.4286999702453613,train,3555,True
O=C1C2NC2C12CCO2,3.488800048828125,train,3556,True
CC(C)(C)CC(O)C=O,2.160799980163574,valid,3557,True
CC12C(O)C=C3CC1C32,1.872099995613098,train,-1,False
C#CC1C2COC12C#C,1.8734999895095823,train,3558,True
C#CCCC1COCO1,0.9204999804496764,train,3559,True
CC([NH3+])c1cc([O-])co1,7.849899768829346,test,-1,False
c1nnn2c1C1(CO1)C2,4.555600166320801,train,3560,True
CCCC1(C)NC1C#N,4.927800178527832,train,3561,True
OCC1C=CCC2NC12,1.919999957084656,train,3562,True
CCC#CCC(N)=O,3.169300079345703,valid,3563,True
O=CC12CC3(CN3)C1O2,4.528200149536133,train,3564,True
O=CC(CO)CC1CO1,3.879800081253052,train,3565,True
CC1(O)CCC1NC=O,4.944200038909912,test,3566,True
C1CC(CC2COC2)C1,1.954699993133545,train,3567,True
C#Cc1cc(N)[nH]c1N,2.0739998817443848,train,3568,True
CC(CO)n1cncn1,2.5201001167297363,train,3569,True
C1=NCc2ocnc2N1,1.1227999925613403,valid,3570,True
CCC1OC(=O)C(C)O1,2.8666000366210938,train,3571,True
N=C1OC2(CO)CC12,1.381700038909912,train,-1,False
CCCOCC1CC1O,1.0401999950408936,train,3572,True
COC1C2OC1C1CC12,2.4316000938415527,test,3573,True
N#CCNC1CC1C=O,4.915500164031982,train,3574,True
C#CCC(C#C)CC=O,2.247999906539917,train,3575,True
CCC12NC1C(O)C2=O,4.35699987411499,test,3576,True
CNC1(C)CC1(N)C#N,5.251100063323975,train,3577,True
CCCC(C)(C#N)C=O,5.315299987792969,train,3578,True
CC12OC3CC(C1=O)C32,3.2395999431610107,train,3579,True
N#CCN(C=N)C=O,3.2627999782562256,train,3580,True
C1CC2CN2C2COC12,0.733299970626831,train,-1,False
CC(C[NH3+])C(C)C(=O)[O-],6.4517998695373535,train,-1,False
C[NH2+]C(CO)CC(=O)[O-],7.396200180053711,train,-1,False
COCC(C=O)NC=O,2.13919997215271,train,3581,True
COC12CCCC1CC2,0.9659000039100648,train,3582,True
O=C1CC2OC1CC2=O,0.9519000053405762,train,3583,True
N#CC1CC2C3OC1C23,5.442299842834473,valid,3584,True
N#CC1CCC1C1CC1,3.954699993133545,test,3585,True
Cc1occ2onnc12,3.3970000743865967,train,3586,True
C#Cc1cnnnn1,5.07480001449585,train,3587,True
CC(C)CCCN1CC1,1.0303000211715698,train,3588,True
CC1C2CCC1(O)CO2,1.6098999977111816,train,3589,True
CC1CC2(CC(=N)O2)C1,3.1238999366760254,train,3590,True
CC12CC1(C=O)CCO2,2.5861001014709477,train,3591,True
CC1C2CC(C2)C1CO,1.270400047302246,train,3592,True
CC1(O)CC2OC21,1.8127000331878664,train,3593,True
C1=CC2(COC2)OC1,2.6435000896453857,train,3594,True
COc1cc(C)oc1O,1.4519000053405762,train,3595,True
CC12CC(C=O)C1C2,3.1902999877929688,train,3596,True
CC(O)C12CC(C1)C2,1.402400016784668,test,3597,True
CC1OCC2CC1C2O,1.3942999839782717,train,3598,True
NC(=O)CC12CN(C1)C2,5.054100036621094,train,3599,True
CCOC1C(=O)C2CC21,2.297499895095825,train,3600,True
CC1(C)COC2C(O)C21,0.9412000179290771,train,3601,True
C1OCC2C3C4C1N2C43,1.2107000350952148,train,-1,False
C1=CC(C2CN2)N2CC12,2.653899908065796,test,-1,False
NC(=O)N1CC(CO)C1,4.760300159454346,train,3602,True
CC1(C)C=CCN2CC21,1.2417000532150269,train,-1,False
C#CC1CC(=O)CN1C,2.268199920654297,train,3603,True
CN=C1CN2CC2CO1,2.4930999279022217,train,3604,True
CC12CCN1C2CC=O,3.183300018310547,train,-1,False
CC12OC=NC3C1NC32,0.6762999892234802,train,3605,True
N=C1OC(=O)C2C(O)C12,3.289099931716919,train,3606,True
CCC1CC2C(C)OC12,1.5140999555587769,train,3607,True
N=C1CCCN1C(N)=O,5.811299800872803,train,3608,True
CCOC1C(=O)CC1O,1.432600021362305,train,3609,True
COCCc1c[nH]cn1,3.673799991607666,train,3610,True
CN1C2C=CC3C1C32C,0.5299999713897705,train,-1,False
CCC1(O)COC1C#N,4.843400001525879,train,3611,True
C#CC(C)(O)CC,1.1576999425888062,train,3612,True
O=CN1C(=O)CC12CC2,5.873899936676025,train,3613,True
CC1OC2CC1C2CO,2.127700090408325,valid,3614,True
OC12CC=CC3C(C1)C32,1.0460000038146973,train,3615,True
c1c[nH]c(C2CO2)c1,2.93969988822937,train,3616,True
C1CC23CC4CC12OC43,1.6617000102996826,valid,3617,True
C#CC12CC(CO1)C2C,1.9580999612808228,train,3618,True
CC1(O)CC(O)(CO)C1,3.651999950408936,train,3619,True
C#CCC(C)CC1CC1,0.7332000136375427,train,3620,True
C#CC(=O)CC(N)=O,2.6147000789642334,train,3621,True
CC1C=CCOC1,1.1794999837875366,train,3622,True
CCC1=C(C)CC(=O)C1,3.0550999641418457,train,3623,True
CCC1CC(NC=O)C1,3.6953999996185294,valid,3624,True
OC1C=CC2CC2C1O,2.8564999103546143,train,3625,True
CC12CN1C(=O)C1NC12,4.674200057983398,valid,3626,True
C#CC12OC3CC1C2O3,1.8799999952316284,train,3627,True
NC(=O)C1COC=N1,2.0915000438690186,test,3628,True
N=c1cc(N)oc(F)c1,3.433000087738037,valid,-1,False
CC1N=COCC1C#N,4.13040018081665,train,3629,True
C1=CC2CC3C1C=CC23,0.0741000026464462,test,3630,True
CC(O)CC(=O)NC=O,6.698999881744385,train,3631,True
CCOC(C)(C)C(N)=O,3.328399896621704,train,3632,True
CC(C)n1cnnn1,6.062099933624268,train,3633,True
CCc1cc(NC)[nH]n1,3.3053998947143555,train,3634,True
COC(=N)CNCCO,2.640500068664551,train,3635,True
O=C1CN2CC1(CO)C2,2.0027999877929688,train,3636,True
CCC1COC1(C)CO,2.6050000190734863,train,3637,True
NC(=O)OCC=O,3.9862000942230233,train,3638,True
N=C1C=CCC(=O)CO1,0.6960999965667725,train,3639,True
O=C1CCn2ncnc21,4.119800090789795,train,3640,True
CC1C2C3OC4C3N1C42,1.309000015258789,train,-1,False
C#CC1C=CC2OC12,2.0220000743865967,train,3641,True
CC1(CO)C(O)C1C#N,4.38670015335083,train,3642,True
O=C1OCCC(O)C1O,1.943300008773804,train,3643,True
CC(C)C(=N)OCC#N,2.0241000652313232,train,3644,True
CC(C)CC(F)(F)F,2.0520999431610107,train,3645,True
CCNc1cc(C)on1,3.2437000274658203,test,3646,True
CC(=O)C12CC1C1OC12,2.4540998935699463,train,3647,True
C#CCCC(C=O)OC,2.0118000507354736,train,3648,True
C#CC1CC=C(C)CC1,0.8539999723434448,train,3649,True
O=C1CC2C3CCC12C3,3.025000095367432,train,3650,True
CC1(C)NC=NC1C#N,5.676599979400635,train,-1,False
N1C2C3OC4C1C2C4O3,0.9842000007629396,train,3651,True
CC1C=C2C(O1)C1OC21,1.8904999494552608,train,3652,True
O=C1CCC=CC2OC12,2.225100040435791,valid,3653,True
CC1(O)C2CC3C1N3C2,2.950000047683716,test,-1,False
CN(C)c1n[nH]nc1O,0.4544000029563904,train,3654,True
C#CC1CCN=COC1,1.5621000528335571,train,3655,True
O=CC1=CCC(=O)NC1,1.6547000408172607,train,3656,True
C1OC12C1NC3C1OC32,0.4176999926567077,train,3657,True
c1[nH]nnc1C1CCC1,4.067399978637695,train,3658,True
CCc1nccnn1,2.246999979019165,train,3659,True
CCC(C)(O)C1CO1,1.517899990081787,train,3660,True
O=C(CO)C12CCC1C2,3.6252999305725098,train,3661,True
C#CC1C(O)C2C(O)C12,1.5592000484466553,train,3662,True
CC#CC(=O)CO,4.756100177764893,valid,3663,True
C#CC1(NC)CC1C#N,3.627099990844727,train,3664,True
Nc1nc[nH]c1C1CC1,3.2239999771118164,train,3665,True
N=c1ncocc1F,3.5703001022338867,train,-1,False
CC(O)(CC#N)CC#N,4.389699935913086,train,3666,True
OCc1c[nH]c(O)c1,2.5223000049591064,train,3667,True
COC1C2CC(=O)C1O2,2.92549991607666,train,3668,True
COCC(N)C(O)C#N,5.626999855041504,valid,3669,True
CC12C=CC3C1OC32C,1.646299958229065,train,-1,False
O=C1OC2C(O)CC12O,3.919300079345703,train,3670,True
C#CC(CCC)OC,0.8180999755859375,train,3671,True
CCCNc1cnn[nH]1,5.952099800109863,train,3672,True
O=C1CC2C3C=CC12N3,3.5167999267578125,train,3673,True
CC(O)C(C)(C=O)C=O,2.884299993515014,train,3674,True
CCc1nc(C)oc1C,1.4114999771118164,test,3675,True
N#Cc1cc(=N)cno1,3.358999967575073,train,-1,False
COC1C(C)C(=O)C1O,3.103399991989136,train,3676,True
COC(=O)CNCC#N,5.69350004196167,train,3677,True
CC#CC1COCC1O,2.4131999015808105,train,3678,True
N#CC12CC(C#N)(C1)C2,0.0019000000320374,train,3679,True
c1nc2c(o1)OCO2,1.6024999618530271,train,3680,True
CCC(C)(C)C(C)=NO,0.5863000154495239,train,3681,True
NC(=O)CCN1CC1,2.5792999267578125,train,3682,True
C1=C2C=C3CC1C1C2C31,0.9578999876976012,valid,-1,False
CC1=CC2CC2(O)C1O,1.805799961090088,train,3683,True
C#CC1C=CC=CC=C1,0.6832000017166138,train,3684,True
COC(C#N)C(O)C=O,4.1066999435424805,valid,3685,True
CC1CC2(CO2)C1O,1.98389995098114,test,3686,True
O=C1CC=CCCCC1,2.877000093460083,train,3687,True
CC1OC=NC2CNC21,2.7249999046325684,train,3688,True
N=c1cc(N)ocn1,4.992800235748291,train,-1,False
CC1C2C3C(O)C3N12,1.3300000429153442,valid,-1,False
Cc1cc(F)nc(=O)o1,5.880099773406982,valid,3689,True
CN=c1nn[nH]c(=O)o1,2.4226999282836914,test,-1,False
CCC12CC3C(C)C1N32,1.6512000560760498,test,-1,False
COC1C2CC1(O)C2O,1.94159996509552,train,3690,True
OCC(O)C12COC1C2,1.6086000204086304,valid,3691,True
CC1OC2CC2C12CN2,0.7631000280380249,train,3692,True
CN(C)c1cn[nH]n1,1.4021999835968018,valid,3693,True
CC12C3CC(C1O)N2C3,2.071199893951416,train,-1,False
O=c1cncc2n1CC2,4.934299945831299,train,3694,True
CC12NC1C1CC1C2O,2.5436999797821045,valid,3695,True
O=CC12CCCC1C2O,4.031300067901611,train,3696,True
O=C1NCC12C1CN2C1,3.7448999881744394,train,-1,False
Cc1ncncc1CO,4.092400074005127,valid,3697,True
O=C1C=C(CO)COC1,5.062900066375732,train,3698,True
CC12OCC3(O)C1NC32,2.100300073623657,valid,3699,True
OC1C=C2C(C1)C1CC21,2.148200035095215,train,3700,True
CC12CN3CC(O1)C32,0.8025000095367432,train,-1,False
CC1CC1C#CC1CC1,0.3007999956607818,train,3701,True
CN1C(C#N)C12CCC2,3.301800012588501,train,-1,False
CC1(O)C2CC1C2C#N,5.190199851989746,train,3702,True
CC(O)C(C#N)N(C)C,4.283999919891357,test,3703,True
N#CCOc1cnco1,2.9105000495910645,test,3704,True
CCOC(C=O)C(C)C,1.9567999839782717,train,3705,True
C1=NCC(C2CO2)CO1,2.9049999713897705,train,3706,True
ON=C1C2NC2C2NC12,2.763799905776977,train,3707,True
CC1CCC(O)C1=NO,1.1855000257492063,train,3708,True
CC1(C=O)C(=O)C2OC21,1.4711999893188477,train,3709,True
CCOC1COC(=N)O1,3.7713000774383545,train,3710,True
Cc1cnc(C)c(N)n1,1.8955999612808228,train,3711,True
CC(=O)CC(=O)OC=N,2.768899917602539,train,3712,True
c1cc(C2CO2)no1,2.3742001056671143,train,3713,True
CCn1cn[nH]c1=O,2.722100019454956,train,3714,True
CC1(O)C=CC(C)(O)C1,1.7824000120162964,train,3715,True
Cc1cc(=O)cncn1,2.3478000164031982,train,3716,True
N#CCN1CC1C1CC1,2.5673999786376958,test,-1,False
C#CC1(C)N2CC1(O)C2,1.7907999753952026,train,-1,False
Cn1nccc1N1CC1,3.061100006103516,train,3717,True
CC(=O)CC1CN=CO1,1.692399978637695,test,3718,True
O=CNc1ncno1,4.095200061798096,train,3719,True
NC12CC1COC2=O,3.2578999996185303,valid,3720,True
CC1CC2C3CC2C13C,0.18469999730587,train,3721,True
CC(C=O)CC(C)(C)O,3.4147000312805176,train,3722,True
CC1C2OC1C1C(C)C21,1.7750999927520752,valid,3723,True
CCN=C1OCC12CO2,2.2077999114990234,train,3724,True
O=C1NCC2COC1C2,4.826600074768066,train,3725,True
CC(=O)N1C=NC2CC21,1.091599941253662,train,3726,True
N#Cc1cocc1C#N,5.9008002281188965,train,3727,True
Nc1cnc(C=O)cn1,5.649700164794922,train,3728,True
CC1=CC2(C)CC2C1=O,3.3612000942230225,train,3729,True
N=c1cnc(=O)nno1,2.574199914932251,train,-1,False
CCC(C)CC#N,4.094099998474121,valid,3730,True
CCCCCO,1.31850004196167,train,3731,True
O=CC1CC(O)(CO)C1,4.010000228881836,train,3732,True
CC1(O)C2C3CN2C31C,2.055999994277954,train,-1,False
CC1=CCOC12CC2O,1.2781000137329102,train,3733,True
CCC(=O)N(C)C(N)=O,2.2757999897003174,train,3734,True
C#CC1CNC(C=O)=N1,2.282000064849853,train,-1,False
N=c1nccccn1,5.005499839782715,test,-1,False
N=COC(C[NH3+])C(=O)[O-],2.848700046539306,train,-1,False
CN=c1cncc(F)o1,1.2651000022888184,train,-1,False
CC1(O)COC(=O)C1O,2.631999969482422,test,3735,True
CN1CC1c1cocn1,1.4648000001907349,test,3736,True
C#CC12CCOC1C2C,0.8065999746322632,test,3737,True
CC1(C)CC(=O)C=C1N,5.918900012969971,valid,3738,True
OC1COC1CC1CC1,2.3986001014709477,test,3739,True
CNc1ccc(C)nc1,2.9656999111175537,test,3740,True
O=CC1CC2OC12C=O,3.433000087738037,valid,3741,True
c1cc2c([nH]1)OCCN2,1.6075999736785889,train,3742,True
CCC(O)CCC1CC1,1.4190000295639038,test,3743,True
CC1CC2OCOC12C,1.2767000198364258,train,3744,True
CC12CC(CO1)C(=O)O2,3.969899892807007,train,3745,True
CC1C2CC(C)(C)OC12,1.2802000045776367,train,3746,True
Cc1[nH]cc(N)c1C#N,5.82889986038208,train,3747,True
C1=NCCC(C2CC2)O1,2.490900039672852,train,3748,True
N#CC1OC2C3CC2C13,4.479400157928467,train,3749,True
COCc1cocc1C,1.982699990272522,train,3750,True
O=CC12CN3C1CC32,2.099900007247925,train,-1,False
C1=CC2CCOCC2C1,1.2506999969482422,train,3751,True
CC1=CC(O)COC1=N,2.7832999229431152,train,-1,False
C1CC(N=C2CCO2)C1,2.217400074005127,train,3752,True
O=CC(C=O)C1COC1,2.961699962615967,train,3753,True
OCC1C2CC1C2CO,2.660799980163574,train,3754,True
CC1(C=O)C2CC1O2,2.9103000164031982,train,-1,False
Cc1ncnccc1=O,1.420300006866455,train,3755,True
OC1C2CCOC1C2,0.2344000041484832,train,3756,True
CC(=NO)C1NC1(C)C,1.3437000513076782,train,3757,True
CC1NC(=O)N2CCC12,4.487500190734863,valid,3758,True
O=C1CCN=C(CO)O1,2.628200054168701,train,3759,True
OC1CCC12CN=CO2,3.151000022888184,train,-1,False
C#CC1(C)C(C)C1C=O,3.1475000381469727,train,3760,True
C1=CCOC2(C=C1)CC2,1.0032999515533447,train,3761,True
CC12CC3(COCC13)C2,1.8140000104904173,train,3762,True
CCC(O)C(O)CO,1.523900032043457,train,3763,True
CC1(C(C=O)CO)CN1,2.04259991645813,valid,3764,True
CCC(C)C(=O)CCO,1.0506000518798828,train,3765,True
CCC(O)COCC=O,2.412600040435791,train,3766,True
NC1COc2nnoc21,3.888099908828736,train,3767,True
CC1CCC(O)C(C)O1,1.8229999542236328,train,3768,True
CC1(CO)OC1(C)CO,1.0740000009536743,train,3769,True
C#CC1(C)C2CC1(O)C2,1.6069999933242798,test,3770,True
O=CNc1c[nH]c(O)c1,3.997499942779541,train,3771,True
C#CC1C(=N)OCC1=O,1.8413000106811523,train,3772,True
C#CC(=O)CN(C)CC,2.978699922561645,train,3773,True
N#CCC1OCCCO1,4.93209981918335,train,3774,True
NC(=O)C#CCCCO,5.241499900817871,train,3775,True
O=C([O-])C1CC=CC[NH2+]1,4.683199882507324,train,-1,False
CC1(C)OC12CN1CC12,2.656899929046631,train,-1,False
CC1C(=O)COC1CO,1.1617000102996826,train,3776,True
OCc1cncnc1F,3.1454999446868896,train,3777,True
O=CC#CC12CCC1N2,4.375699996948242,train,3778,True
C#CC1OC2C(C=O)C12,3.270699977874756,train,3779,True
C#CC12C3C4C1C4(C)N32,1.996000051498413,train,-1,False
C1C2CC1C1CCC1O2,1.3407000303268433,valid,3780,True
NC1=Nc2oncc2C1,6.98330020904541,test,3781,True
CC#CC1(CCO)CC1,1.4632999897003174,train,3782,True
C#CC1CCCOCC1,1.2086000442504885,train,3783,True
C#CC(C)(C)C1CCO1,1.5613000392913818,valid,3784,True
CC1CC2C1C2(C)C=O,3.3138999938964844,test,3785,True
CC1(C)OC1(C)C(N)=O,2.195199966430664,train,3786,True
CC(=O)NCC(C)=NO,3.025399923324585,train,3787,True
C#CCC1C(C)C1C#N,4.1666998863220215,train,3788,True
CCC1(C)N=CNC1=N,3.235599994659424,train,-1,False
OC1C2C3CC2(O)C13,2.44350004196167,train,3789,True
C#CC12COC(C1)C2O,1.812100052833557,train,3790,True
CC(O)C1C2CCCN21,1.4575999975204468,test,-1,False
CCc1coc(C)c1C,0.8116999864578247,train,3791,True
CCC1CCC(C)CO1,1.1541999578475952,train,3792,True
N=C1OC2CC(=O)C1C2,4.166800022125244,train,-1,False
N#CC1COC2COC12,4.269100189208984,train,3793,True
CN(C)CC(=O)C#N,4.198999881744385,train,3794,True
C#CC12NC1CC1NC12,2.208199977874756,train,3795,True
OCC1=CCCC1O,0.7882999777793884,train,3796,True
CCCC#CC(C)OC,0.933899998664856,train,3797,True
Cc1ccc(CO)cn1,0.9818000197410583,train,3798,True
CC1CCCCC2OC12,1.66349995136261,train,3799,True
CC1C=C2COC2(C)C1,1.4589999914169312,valid,3800,True
CC(=O)NC(C)C1CN1,3.9570000171661377,train,3801,True
O=C1OC2CC(C2)C1=O,5.720799922943115,train,3802,True
CC(=O)C1(C(N)=O)CO1,2.881700038909912,valid,3803,True
C#CC1CC12CCC2=O,2.974400043487549,train,3804,True
CCC1CC2C(OC)C12,1.0706000328063965,train,3805,True
CC(=O)C1CC12CCO2,1.2865999937057495,train,3806,True
Cn1c(N)ccnc1=O,7.485599994659424,train,3807,True
CCC1C(CO)C2CN12,2.558799982070923,train,-1,False
CC1(CC=O)CC2OC21,2.234800100326538,train,3808,True
OC1C2(O)CC1(O)C2,3.90149998664856,valid,3809,True
CC1OC(=O)C2CC1C2,4.551199913024902,train,3810,True
CC1(C)COC2CC2O1,0.4652000069618225,train,3811,True
CCC1N2CC(O)C12C,1.749899983406067,train,-1,False
OC1CC2(C3CC3)NC12,2.903899908065796,train,3812,True
C1=CCC2CC(C2)OC1,1.377500057220459,train,3813,True
O=C1CCc2nccn21,1.4421000480651855,train,3814,True
C#CC12CNC(=O)C1N2,3.783099889755249,train,3815,True
O=c1cc(F)cco1,3.828999996185303,train,3816,True
CC(C)(C)c1cnon1,3.777600049972534,valid,3817,True
CNC1C(=O)CCC1=O,2.46970009803772,train,3818,True
CC1C(=NO)C2C(C)N12,1.0382000207901,train,3819,True
COC1=NCC=CCN1,1.7654999494552612,train,3820,True
CC1C2CCNC(=O)C12,3.720099925994873,train,3821,True
COC(=O)C(C)(C)C=O,3.7709999084472656,train,3822,True
N#CCC12CNC1CO2,5.348599910736084,train,3823,True
COC1(C#N)CN=CO1,2.543800115585327,valid,3824,True
C#CC1(O)CC1C(C)C,1.0729999542236328,train,3825,True
C#CC1(C)OCCCO1,1.575899958610535,train,3826,True
OC12C3COCC1C2C3,1.1827000379562378,train,3827,True
C#CC1(C#C)OCC1=O,0.5906000137329102,train,3828,True
C#CC(O)C1CCCC1,1.3147000074386597,train,3829,True
Cc1ccoc1OC=O,3.763000011444092,train,3830,True
CCC12OC3C1CC32C,1.6437000036239624,valid,-1,False
O=CNC12CC(C1)C2=O,0.4343000054359436,train,3831,True
C#CC1N2CC(=O)C12C,1.8069000244140625,train,3832,True
Cc1[nH]cnc1O,2.7987000942230225,train,3833,True
COC12C=CC(C=C1)C2,1.1030999422073364,train,3834,True
CC#CCC12COC1C2,1.9004000425338743,train,3835,True
O=C1CN2CC2C12CN2,1.8207000494003296,train,-1,False
OC1CN2CC2C12CO2,2.131099939346313,train,-1,False
COC1CC12CC(=O)O2,3.3273000717163086,train,3836,True
CC1C(C)C1(O)C1CO1,1.8984999656677248,train,3837,True
CCc1nccc(=N)o1,2.1052000522613525,train,-1,False
CC12CC(C(N)=O)(C1)C2,3.539499998092652,train,3838,True
COCc1c[nH]c(N)c1,1.3009999990463257,test,3839,True
CNc1c(O)n[nH]c1N,1.7907999753952026,test,3840,True
CC1=C(CO)COC1C,2.391400098800659,train,3841,True
CC1CCC2C3CC1C23,0.2115000039339065,train,3842,True
CC(O)C#CCCO,0.863099992275238,train,3843,True
CC1OC2(C)CC12CO,1.437199950218201,valid,3844,True
NC(=O)C1=CC2CC2C1,3.714200019836426,train,3845,True
C#CC12CC(=O)C(C1)O2,2.9121999740600586,train,3846,True
C#CC1(C#N)CN1CC,4.886000156402588,train,3847,True
NC(=O)NC12CC(C1)C2,3.365999937057495,train,3848,True
C#Cc1c[nH]c(CC)c1,3.003700017929077,test,3849,True
C#CC12OCC1C2CO,1.9809999465942385,train,3850,True
N#CC(O)C(F)(F)F,2.078900098800659,train,3851,True
CC12OCC1C1CC2O1,1.090499997138977,train,3852,True
O=CC1=NCC(CO)N1,3.5566000938415527,train,3853,True
CCOC1C=CC(=O)O1,4.045899868011475,train,3854,True
COC(C#N)CC=O,2.821000099182129,train,3855,True
C#CC1CN(C)CC1=O,2.1916000843048096,train,-1,False
N#CC(O)c1cc[nH]c1,5.017300128936768,train,3856,True
OC1CC(OC2CC2)C1,2.1222000122070312,train,3857,True
COCC(C)C(N)C#N,3.481100082397461,train,3858,True
COCC1OC1CCO,1.34660005569458,test,3859,True
O=C1C2(CC2)CC12CO2,3.468100070953369,train,3860,True
CC1(C2OC3CC32)CO1,1.986500024795532,train,3861,True
C#CCN1CC2C(O)C21,1.29639995098114,train,3862,True
CNC(=O)CC(C)(C)C,3.2985999584198,test,3863,True
CCCC1COCCO1,0.2442999929189682,test,3864,True
CC1C=C2CC=CC2C1,0.1818999946117401,train,3865,True
C1C2CC3(COC12)CO3,2.446799993515014,train,3866,True
CC1C(O)C2(O)C(C)C12,0.9441999793052672,train,3867,True
CCC1C=CC2CC12,0.2513999938964844,train,3868,True
CCCC(CO)COC,2.95009994506836,test,3869,True
O=C1OC2C3CC2(C3)O1,5.035799980163574,train,3870,True
CC(=O)C1C2C3OC3C12,4.020899772644043,valid,3871,True
O=CC#Cc1ccoc1,4.190700054168701,train,3872,True
CCC1OC(=O)C1N,3.126499891281128,train,3873,True
CC1(c2ncco2)CO1,2.224800109863281,train,3874,True
Cc1cccc(CO)n1,0.3357000052928924,valid,3875,True
C#CC(C)(C)NCC#N,4.364099979400635,train,3876,True
CC1OCC=C1C1CC1,1.8203999996185305,train,3877,True
O=CNCc1cocn1,3.125,train,3878,True
CCC1NC1(C)C1CN1,1.5637999773025513,train,3879,True
CC1C2C=CCC(=O)N12,3.46399998664856,train,3880,True
CCOC1CCOC1=N,2.032099962234497,train,-1,False
CCn1ccc(C=O)n1,5.4430999755859375,train,3881,True
CC1(C#CCO)COC1,3.079699993133545,train,3882,True
CCc1ccc(CO)o1,1.9039000272750852,train,3883,True
C#CCC1NC1C#C,1.7317999601364136,test,3884,True
COCC1=CC(=O)CC1,5.014999866485596,train,3885,True
CN=c1ccnccn1,1.7942999601364136,train,-1,False
CCC1C(C)C(C)C1C,0.0989999994635582,train,3886,True
CC1COC2C3CC3C12,1.6100000143051147,test,3887,True
CCOC1C=CC(=N)O1,3.02020001411438,train,-1,False
C#CCOCC1(C)CO1,1.1509000062942505,train,3888,True
CC1(C)OC(=N)C1C=O,2.166599988937378,train,-1,False
CN=c1nn[nH]cc1C,4.44290018081665,train,-1,False
CC(O)C1(O)CC1,2.225300073623657,train,3889,True
C1=C2CN3C2C3C12CN2,1.1447999477386477,train,-1,False
CC1CNc2nnoc21,4.833199977874756,train,3890,True
CNC1(C=O)COC1C,3.2472000122070312,test,3891,True
CC1C(C)C2C3OC2C13,2.2362000942230225,train,-1,False
N#CC1C=CC(C#N)N1,2.0302999019622803,train,3892,True
Oc1ccnc(F)n1,2.546799898147583,test,3893,True
Cc1nnoc1CCO,3.558900117874145,train,3894,True
O=C1C2C3N1CC23O,3.770299911499024,valid,3895,True
CC1C2OC1(C)C21CC1,1.7473000288009644,train,-1,False
CN1C2=NCC3(O)C2C13,4.0229997634887695,train,3896,True
CC1(C2CCC2)COC1,1.870499968528748,train,3897,True
CC1CC(C2CC2)CO1,1.395300030708313,train,3898,True
CC1CCN1CC=O,3.130199909210205,train,-1,False
OC1C2OC13CCCC23,2.173799991607666,train,-1,False
C#CC1OC(C#C)C1O,2.565999984741211,train,3899,True
CC1CC2CC=CC2O1,1.5674999952316284,train,3900,True
Nc1conc1C1CC1,3.7105000019073486,train,3901,True
CCC1C2CC(C2)C1C,0.0522999987006187,train,3902,True
N#CC1CN1CCC=O,3.6840999126434326,train,3903,True
O=CN1C2C3CCC2C31,4.262499809265137,train,3904,True
N#CC1CN1,2.8376998901367188,train,3905,True
CN1CCN(C=O)C1=N,5.431099891662598,train,3906,True
O=CC1NC1C1CC1O,3.522900104522705,train,3907,True
O=C1C2C3CCC1(O)C32,3.033499956130981,train,3908,True
CC1C2C(C)C1C2C#N,4.36460018157959,train,3909,True
CN=c1ncc(F)n[nH]1,0.8798999786376953,train,-1,False
CC1C=CC23CC(O2)C13,1.7410999536514282,train,-1,False
Nc1n[nH]c2c1CCN2,2.335700035095215,train,3910,True
NC1=NCCC(O)C1=O,1.148300051689148,train,3911,True
COC(C)C1CC2CN21,1.7009999752044678,train,-1,False
CC1CC2CC2CC1C,0.2608999907970428,train,3912,True
C[NH2+]CC(=O)[CH-]C=O,7.083499908447266,train,-1,False
CC1(C)C2NC2C2OC21,3.0817999839782715,train,3913,True
C#CC(C)(C)C(O)C=O,2.2372000217437744,train,3914,True
CC1C2C(=O)C=CCN12,3.470999956130981,train,-1,False
C#CCC(C)C(C)C#N,3.81820011138916,valid,3915,True
COC12CC3C1N(C)C32,1.0693000555038452,train,3916,True
CCc1cc(=O)ocn1,3.1835999488830566,train,3917,True
O=c1ccc(CO)no1,6.797900199890137,train,3918,True
O=CCN1C2CC1C2=O,3.6617000102996826,train,-1,False
CC12C3C4CC1N4C32,1.917199969291687,train,-1,False
C#CC1COCC1CC,1.1217999458312988,train,3919,True
CC12CCC3C=CC1C32,0.3397000133991241,train,3920,True
N#CC1NCC1(O)C=O,5.565299987792969,train,3921,True
CC1(C)CC1COC=O,4.441699981689453,train,3922,True
O=CC1CC2C3C1CN23,1.1591999530792236,train,-1,False
CC1=CC23CN4C2C1C43,1.9673999547958372,train,3923,True
C#CC1C2C3C1C1C2C31,0.8271999955177307,train,3924,True
CN=C1NC(=N)C(C)O1,0.2452999949455261,train,-1,False
N#CC1=CCCCCC1,4.790299892425537,train,3925,True
O=CNCC(=O)CCO,3.5488998889923096,train,3926,True
CC12CC(O)(C1)C2,1.4143999814987185,test,3927,True
C#CC#CC(C)OC=O,3.874200105667114,train,3928,True
CC1C2OCC2C2CN12,1.4940999746322632,train,-1,False
CC1C2(O)C3OC3C12O,1.7319999933242798,train,3929,True
Nc1nc2[nH]cnc2o1,2.586400032043457,train,3930,True
CCC1=CCOCC1C,1.3707000017166138,train,3931,True
CN1C=[NH+]C(C(=O)[O-])C1,10.234000205993652,train,-1,False
CC12CCC3(C1)OCC23,2.049299955368042,train,3932,True
CCC1(C)C=CCC1=O,2.409899950027466,train,3933,True
CCN1C2CC(=O)C21C,2.287300109863281,train,-1,False
CC1C2C3OCC1(C)C32,1.6133999824523926,test,3934,True
Nc1cc2c(o1)C=CC2,1.75409996509552,train,3935,True
C#CC12COC1(C#N)C2,4.311399936676025,train,3936,True
OC1C(O)C2C3OC2C13,2.415699958801269,valid,-1,False
N#CCC(C#N)C1CO1,4.862400054931641,train,3937,True
C1C2C1C1CC2C2CC21,0.1401000022888183,train,3938,True
CC(C)C12OC1CC2O,1.861199975013733,test,3939,True
CN1C(=O)C2OC3C2C31,4.325900077819824,test,3940,True
CC1(C#N)CC(=O)C1,2.459399938583374,test,3941,True
O=CNc1cnc[nH]1,6.6072998046875,train,3942,True
CNC(=O)C(=N)N1CC1,1.8575999736785889,train,3943,True
COC(C)C(C)C(N)=O,2.513400077819824,train,3944,True
OC12CC3C4C3N(C1)C42,2.286200046539306,train,-1,False
CC1OCC2OCC1O2,1.270699977874756,train,3945,True
OC1C2C3C4CC3N4C12,0.5551000237464905,train,-1,False
O=C1OCC2CN12,4.928500175476074,train,3946,True
CN=CN(C=O)C(C)C,3.595700025558472,train,3947,True
C1C2OC3(CC4OC43)C12,3.333699941635132,train,3948,True
CC1=CC2COCC2C1,1.4943000078201294,train,3949,True
C#CC(O)(C#CC)C=O,3.609600067138672,test,3950,True
CC1CC2C1CC1OC12,1.7695000171661377,train,3951,True
CC1(C2CN2)NC1C=O,3.185100078582764,train,3952,True
C#CC1(C=O)OCC1=O,2.7581000328063965,train,3953,True
CC(O)CC(O)C(C)O,4.237800121307373,test,3954,True
COC=NCCC#N,5.420400142669678,train,3955,True
CCn1ccc(C#N)n1,6.728400230407715,train,3956,True
CC1(O)CC1(N)C#N,6.171299934387207,train,3957,True
CC(C)(O)C(C)(O)C#N,4.964799880981445,train,3958,True
CCOCC1(CO)CC1,2.861299991607666,valid,3959,True
CC12OCCC1C2C=O,3.812299966812134,train,3960,True
CC#CC1NC1C1CC1,1.1931999921798706,train,3961,True
CC1CCC2CN2C1=O,3.798099994659424,valid,3962,True
C#CC(N)c1ncn[nH]1,1.977300047874451,train,3963,True
CC1=CCC2(C)C(O)C12,1.6265000104904177,train,3964,True
CC1=CC2CC(O)C1O2,1.9185999631881716,train,3965,True
C#CC(O)CC#CCC,1.156499981880188,train,3966,True
CC#CCC1CC(=O)N1,4.002699851989746,train,3967,True
Cc1nc(=N)[nH]c(=O)o1,2.8046000003814697,train,-1,False
OCC1C2N3CC3C12O,3.2153000831604004,train,-1,False
CC12CC1C(O)C1CN12,1.089400053024292,train,-1,False
N=C1OC2CC2C12CN2,2.184000015258789,train,-1,False
CCC1(O)C2C3OC3C21,1.367799997329712,train,3968,True
CC(CO)C(=O)C(N)=O,2.2444000244140625,train,3969,True
O=C1C2CC3(CN3)C1N2,2.934999942779541,train,3970,True
CN1C(=O)CCOC1=O,2.6140999794006348,train,3971,True
CC1=CC2CC2CC1,0.2973000109195709,train,3972,True
CC1CCC1C1CC1,0.0636999979615211,train,3973,True
CC1NC12COCC2O,0.640999972820282,train,3974,True
N=C1C(O)C2C(CO)N12,5.007599830627441,test,-1,False
Nc1[nH]nnc1CO,4.445000171661377,train,3975,True
CC1(CO)N=CNC1=O,3.83870005607605,train,3976,True
CC1CC(O)(C2CC2)C1,1.4836000204086304,test,3977,True
C#CC1COC(=O)N1,4.604899883270264,train,3978,True
c1cnc2cc[nH]c2c1,3.949899911880493,train,3979,True
CC12CC3(CCC3)C1N2,1.4874999523162842,train,3980,True
CC1OC2C3C1N1C2C31,1.5809999704360962,test,-1,False
C#CCC1CN(C)C1=O,3.8364999294281006,train,3981,True
CC1CC(=NO)C1C#N,4.135700225830078,train,3982,True
CC1C(O)C1N1CC1,2.717099905014038,train,-1,False
C#CC1(C)NC1C(C)C,0.9424999952316284,valid,3983,True
CC12C3C=CC14CN2C34,1.6794999837875366,train,-1,False
Cn1cncc1OC=O,3.2011001110076904,valid,3984,True
O=C1NCC=C1CO,2.596199989318848,train,3985,True
N=C1C(=O)C(O)C2CN12,2.3840999603271484,train,-1,False
CN1C(=O)C(O)C1CO,2.800800085067749,train,3986,True
CCc1nc(N)oc1N,2.655600070953369,train,3987,True
CC1(C)NCC1(O)C#N,2.382299900054932,valid,3988,True
N#CC1(C#N)OCCO1,5.6875,train,3989,True
C#CCCOCCO,1.656999945640564,train,3990,True
c1c[nH]c(OC2CC2)n1,2.2112998962402344,valid,3991,True
CC1=C(C)C(C)(C)CC1,0.1826000064611435,valid,3992,True
COC1OCC(=O)C1O,3.3635001182556152,train,3993,True
CC1C2(O)C3NC2C13O,1.716099977493286,train,3994,True
C#CC1C2C(C)C3C1C23,0.9682000279426576,train,3995,True
CCC1C(O)COC1C,1.2700999975204468,train,3996,True
CC(=O)C1OCC(=N)O1,1.1775000095367432,test,3997,True
COC=NCCCCO,2.5041000843048096,valid,3998,True
CCC(C)C(=O)C(C)=O,0.3815000057220459,valid,3999,True
O=CC12CC3CN1CC32,3.1066999435424805,train,-1,False
O=C1CC2CC(CO)C12,1.499500036239624,train,4000,True
CC1NC1C1(O)CC1,2.551500082015991,test,4001,True
COCC(C)N(C)C=O,4.468200206756592,train,4002,True
CC#CC#CCCO,1.559499979019165,valid,4003,True
CC1(C(C#N)CO)CC1,3.288599967956543,train,4004,True
O=C1NCC2OCC=C12,2.38319993019104,train,4005,True
C1C2CC3C4C2CC1N34,1.60479998588562,train,-1,False
CC1=CC2CC1C2C#N,4.311500072479248,valid,4006,True
N#CCCc1ccoc1,3.64520001411438,train,4007,True
NC(=O)C1C2CCC21O,2.808300018310547,train,4008,True
C#CCNc1nc[nH]n1,1.8513000011444087,train,4009,True
C1=CCCCCCC1,0.2915000021457672,train,4010,True
CC1(O)C(O)C2NC21,3.1582999229431152,test,4011,True
O=c1occ2n1CC2O,3.885900020599365,train,4012,True
C#CC(C=O)C(C)=NO,2.738899946212769,train,4013,True
CC(C)(O)C1CNC1=O,2.533699989318848,train,4014,True
CC1C(C)C1CO,1.2929999828338623,train,4015,True
CCC12C=CC(O)C1O2,2.357599973678589,train,4016,True
C1COCCO1,0.0,train,4017,True
CN=c1nc[nH]c(F)n1,5.768400192260742,train,-1,False
CC(=O)C1C(O)C2CN21,2.166899919509888,train,-1,False
c1cc2ccoc2[nH]1,1.367400050163269,train,4018,True
CNc1c[nH]nnc1=N,5.384099960327148,train,-1,False
CC12CC3OC1C3O2,0.5218999981880188,valid,4019,True
COC1CC12COC2=N,2.109100103378296,train,-1,False
COc1nc(O)no1,2.93530011177063,train,4020,True
O=C1C(O)C(O)C2OC12,1.176300048828125,train,4021,True
CC(=O)Oc1ncc[nH]1,2.178499937057495,test,4022,True
N=C1C=C2NCCC2O1,5.40749979019165,train,-1,False
C1CC2C(C3CO3)N2C1,2.739300012588501,valid,-1,False
CC(C)CC1CCC1,0.0731000006198883,train,4023,True
O=C1C2NC2C12CC2O,3.408400058746338,valid,4024,True
C#CC1CC2C=CCC12,0.6445000171661377,train,4025,True
c1cocncncn1,1.7462999820709229,valid,4026,True
CC(N)(C#N)CC#N,0.692300021648407,train,4027,True
CCCC1CC12COC2,2.0032999515533447,train,4028,True
C1=CC=CC2(C=C1)CC2,0.1156999990344047,train,4029,True
CC1=C(CCO)COC1,1.7094000577926636,train,4030,True
CC1CC2CC(O)C12C,1.598099946975708,test,4031,True
CNC(=O)N1CCCC1,3.886100053787232,train,4032,True
CC1(C)OCCC1=NO,0.9954000115394592,train,4033,True
C#CC1NC12CNC2=O,4.910099983215332,test,4034,True
OCc1[nH]cc(O)c1O,2.8768999576568604,train,4035,True
C#CC1(CCC#N)CN1,5.078700065612793,train,4036,True
CC1(C#N)CC1NC=O,6.584099769592285,train,4037,True
CC(=O)N(C)C1CC1O,3.1373000144958496,valid,4038,True
CC#CC1(O)C(O)C1O,2.1421000957489014,test,4039,True
CC1(C)COC1=O,3.9969000816345215,train,4040,True
CCC1C(C#N)CN1C,3.7186999320983887,train,-1,False
CC(=O)C(C)(O)CO,2.384399890899658,train,4041,True
CC12C3CC(O)C1C2O3,0.9652000069618224,test,4042,True
CC12CC1(O)C1(O)CC21,0.8023999929428101,test,4043,True
O=COC1CC1CCO,5.127099990844727,train,4044,True
CC1OC12CC1CC12C,1.5074000358581543,train,4045,True
N#CCC12C3CC1C2C3,3.777299880981445,train,4046,True
O=[N+]([O-])c1ncncn1,3.569299936294556,train,4047,True
C#CCC1CCC=C1C,0.4884000122547149,train,4048,True
CCCCC(N)=O,3.430000066757202,train,4049,True
CC1C2OC1C2C1CC1,2.0374999046325684,train,-1,False
CC(C)CC(O)C1CC1,1.394700050354004,train,4050,True
CCCC(=O)C1CC1C,2.3991000652313232,train,4051,True
N#CC12CN3CC1CC32,3.1373000144958496,test,-1,False
CCC12CC=CC1O2,1.7661999464035034,train,4052,True
C#CC(C#C)CC,0.6597999930381775,train,4053,True
N#CCC(N)C(F)(F)F,1.440000057220459,train,4054,True
O=CC1C2CCN12,1.844599962234497,valid,-1,False
CCCOCCO,2.249000072479248,train,4055,True
C#CC(C(C)C)C(C)O,1.083199977874756,train,4056,True
C#CC1(O)CCN=C1N,2.440000057220459,valid,-1,False
Cn1ncc(=O)nn1,5.323599815368652,train,4057,True
CC1(C)C=CC(O)C1=O,2.5215001106262207,train,4058,True
COCc1nc(N)co1,0.4665000140666961,train,4059,True
CC(=N)OC12CC(C1)C2,1.2230000495910645,train,4060,True
N=C1CNCC(=O)N1,0.614799976348877,train,4061,True
CC1CC1OC(=O)C=O,1.8480000495910645,valid,4062,True
CC1COC(=O)CC1O,4.29580020904541,train,4063,True
C#CC1CCOC1,1.0187000036239624,train,4064,True
CC12OC1C1(C=O)CC12,2.9935998916625977,train,4065,True
CCC1NC12COC2,1.971199989318848,train,4066,True
CNc1c[nH]c(O)c1O,0.4977999925613403,test,4067,True
CC1=CC2(C)CC2(C)C1,0.2433000057935714,train,4068,True
C1CC2CC(C1)C1OC21,1.972000002861023,train,4069,True
CCC1(C)CC2OCC21,1.7762000560760498,train,4070,True
O=c1cnonn1,1.5472999811172483,train,4071,True
CC1CN2CC(C)(C2)O1,0.4338999986648559,test,-1,False
CCC12CCC(O)C1O2,2.0380001068115234,test,4072,True
CC1=CN(C)C(=O)NC1,3.300299882888794,train,4073,True
CNC1(C=O)CNC1=O,3.735300064086914,valid,4074,True
O=CC1CCC12CCO2,2.200900077819824,train,4075,True
C1OC2CC3CC1C3C2,1.4606000185012815,train,4076,True
CC12CC3(C)C(O1)C23C,1.864199995994568,train,4077,True
CC1=C(C)C(=O)NC1=O,2.113300085067749,train,4078,True
COC(CO)C1(C)CN1,3.317100048065185,train,4079,True
CCC1(C)CC2CC21O,1.160599946975708,train,4080,True
C#CCNCC(C)C#N,3.5882999897003174,train,4081,True
N#Cc1onnc1CO,2.755599975585937,train,4082,True
N#CC1C2COC(=N)N12,4.7052998542785645,valid,4083,True
CC1C2CC3C1(C)C23C,0.4537999927997589,train,4084,True
CC1=CCc2ncoc21,1.8801000118255613,train,4085,True
CC1(CO)CC12CCC2,1.3639999628067017,train,4086,True
CC(=O)C1COCOC1,1.6309000253677368,train,4087,True
N=C1NC=CCOC1=O,4.361599922180176,valid,-1,False
CC(C#N)C1CC2CC21,4.042699813842773,test,4088,True
C#CC1(C)CC(C#N)N1,4.822000026702881,test,4089,True
C1CC2CC1C21CO1,1.7024999856948853,train,4090,True
C[NH2+]CC(=N[O-])C(N)=O,4.852799892425537,train,-1,False
O=C1CC(O)C(O)CN1,2.216900110244751,train,4091,True
C#CC1CC2CC(=O)C12,3.047300100326538,train,4092,True
C#CC1CC1CCC=O,2.60260009765625,train,4093,True
OC12COC1CC21CN1,1.1962000131607056,valid,4094,True
CC1C2C1C1(C)CN21,1.6224000453948977,train,-1,False
C1OCC2(C3CO3)CC12,0.9628999829292296,train,4095,True
CCC1(O)C2CCC21,1.3063000440597534,train,4096,True
CC12CC(=O)C1C1CC12,3.058500051498413,train,4097,True
CC12CC=CC1=CCC2,0.3935999870300293,train,4098,True
N#CC1COCC(=N)O1,4.245299816131592,train,4099,True
CC1C2CC1C(C=O)O2,3.6368000507354736,train,4100,True
CC12OCC(O1)C1OC12,1.7992000579833984,train,4101,True
O=C1C=CC(=O)C1,1.6418999433517456,valid,4102,True
CC1OC(C)C1(C)C#N,3.153700113296509,train,4103,True
Cn1ccc(O)c1CO,1.992900013923645,train,4104,True
Cc1nn(C)c(N)c1N,1.9745999574661253,train,4105,True
CC1(C=O)N2CC1(O)C2,0.942900002002716,train,-1,False
CC(C)C(C)C(O)C#N,3.475100040435791,test,4106,True
C#CC(=O)C(C)(O)C#N,3.104399919509888,train,4107,True
O=CCOc1conn1,2.763200044631958,train,4108,True
C1CC23CC4C2CC1C43,0.2356999963521957,train,4109,True
N#CC(O)CN1CCC1,5.979899883270264,train,-1,False
CC1(C)CCC(=O)N1,3.938199996948242,train,4110,True
COCC(O)C(C)CO,2.866300106048584,train,4111,True
CN=C1CC(O)C(=O)O1,1.270300030708313,train,4112,True
OCC1=CCC2CC1O2,1.8693000078201292,train,4113,True
CNc1cc(=O)[nH]cn1,3.6916000843048096,train,4114,True
CC1(CO)C=CCCC1,1.4312000274658203,train,4115,True
O=CC12CN1C1C(O)C12,3.526900053024292,train,-1,False
CCC(=O)NC(=O)CC,5.553999900817871,train,4116,True
CCc1conc1CC,3.167799949645996,valid,4117,True
CCCCC#CC1CO1,2.158600091934204,train,4118,True
CCC1CCC=C1C=O,3.2599000930786133,test,4119,True
CC1=Cc2[nH]ccc2C1,1.3456000089645386,train,4120,True
CC1C(C)C1(C)C1CO1,1.6438000202178955,train,4121,True
Cc1noc([O-])c1C[NH3+],6.051700115203857,train,-1,False
C#CCC1(O)CC1C#N,5.331799983978272,train,4122,True
c1ncc2c(n1)OCO2,2.9045000076293945,train,4123,True
CN=C1CN=C(CO)N1,2.463599920272827,train,-1,False
CC1C2CC3(O)CC1C23,1.2049000263214111,train,4124,True
Cc1[nH]nnc1N=CN,3.0018999576568604,train,4125,True
C#Cc1c[nH]c(N)c1C,2.207099914550781,train,4126,True
C#CCOCC1COC1,1.9138000011444087,train,4127,True
CCC(CO)C1COC1,3.442600011825561,train,4128,True
C#CC1(C(C)CO)CC1,1.0814000368118286,train,4129,True
N=C1OCc2cnoc21,4.564300060272217,train,-1,False
COCC12COC(C1)C2,2.532000064849853,train,4130,True
CNC1(CO)COC1=N,3.1895999908447266,train,4131,True
C#CC1CC1CC#CC,0.927299976348877,train,4132,True
CC1C(O)C1C(C)(C)C,1.4505000114440918,train,4133,True
CC1CC23COC12CN3,2.308500051498413,test,4134,True
OC12CC3CCC3C1C2,1.158400058746338,train,4135,True
COC1CCC1=NO,0.725600004196167,train,4136,True
CC(C)C1(C#N)CCO1,4.132800102233887,train,4137,True
CC1CCC(C)OCO1,1.843400001525879,test,4138,True
CC1(N)CC2NC21C#N,4.366700172424316,train,4139,True
CC1C2=CCOC2C1O,1.6367000341415403,train,-1,False
OCCCn1cncn1,4.282199859619141,test,4140,True
O=CCC(=O)NCCO,3.878400087356568,train,4141,True
CCC1CC2CC2O1,1.3482999801635742,test,4142,True
CC12CC1C1(CN1)C2O,2.7959001064300537,train,4143,True
N#CC1(CN)CN=CN1,4.344399929046631,train,4144,True
Nc1ncc(O)n1C=O,3.1561999320983887,test,4145,True
C1=C2CC3C2C2CC1N32,0.6395000219345093,train,-1,False
C1=CC23NCC2OC3C1,2.0539000034332275,train,4146,True
CC12CC3(CCC3O1)C2,1.4055999517440796,train,4147,True
CC1(C)COC(C=O)C1,2.456899881362915,test,4148,True
C#CC1(C)C=CC(=N)O1,4.103000164031982,train,-1,False
C#CC12C3CC1N2C3,1.868299961090088,train,-1,False
CC1(C)C2C3NC3C21,1.6466000080108645,train,4149,True
C#CCC(O)(C#N)CN,3.037800073623657,train,4150,True
O=C1C2CC2(O)C2CN12,3.0917000770568848,train,4151,True
CC1OC(CO)C1(C)O,3.616199970245361,train,4152,True
CC1C=CC(OC=N)O1,3.1835999488830566,train,-1,False
CC#Cc1ncc(C)o1,1.8341000080108645,train,4153,True
CC1OCC1(N)CC#N,2.780400037765503,train,4154,True
OCC1CC1(O)C1CO1,2.6273999214172363,train,4155,True
c1[nH]nc2c1C1CN1C2,2.797499895095825,train,-1,False
Nc1cnc(O)cc1N,2.66540002822876,train,4156,True
CC1OC(C)(C)C1O,2.2227001190185547,train,4157,True
CC1=CC(=O)C2CC12,4.157899856567383,train,4158,True
N#CCCC1(C=O)CC1,5.615699768066406,train,4159,True
CCN1C2CC3OC2C31,1.2093000411987305,train,-1,False
CN1C2CC(O)CC21C,2.0425000190734863,train,-1,False
O=COc1ncc[nH]1,4.156499862670898,train,4160,True
COC1CCCOC1=O,3.838099956512451,train,4161,True
Cc1ccc(C)n1C,2.0120999813079834,train,4162,True
CC(N)(C#N)C(N)=O,2.023099899291992,train,4163,True
CN(C=O)C(=O)CCO,3.144200086593628,train,4164,True
Nc1cnc(N)o1,2.9042999744415283,train,4165,True
CC12CC1OC(=O)O2,5.113500118255615,train,4166,True
CCCCC(C=O)CC,2.6712000370025635,valid,4167,True
CCCC1CC1(C)C=O,2.7646000385284424,train,4168,True
CC1CCCC2C(C)C12,0.1160999983549118,train,4169,True
N#CCC12OC1C1NC12,1.378000020980835,train,4170,True
OCC1(O)C=CCOC1,1.9485000371932983,train,4171,True
C#CC(C#C)C(=O)CO,2.398400068283081,valid,4172,True
CN(C)c1ncnnn1,4.859799861907959,train,4173,True
C1=NC23CC4C2CC43O1,1.4630999565124512,train,4174,True
C#CC1(CO)CC1C#N,4.308000087738037,train,4175,True
O=C1NC2CC3CC3C12,3.7358999252319336,train,4176,True
CNC(=O)C12CCC1C2,3.3376998901367188,train,4177,True
CC(C)C(C#N)N(C)C,3.90939998626709,valid,-1,False
[NH2+]=C1CC2(C(=O)[O-])CN12,3.2655999660491943,train,-1,False
CN=C1OC2C(N)C12N,1.2594000101089478,train,4178,True
CC1C2CC3C(=O)C1C32,3.123800039291382,train,4179,True
CC1(O)CC1(C#N)CO,4.64709997177124,train,4180,True
N#CC1(O)C2OC1C2=O,2.9967000484466557,train,4181,True
NC(=O)NC12COC1C2,3.938199996948242,train,4182,True
O=C1CCC2CCC2C1,3.0227999687194824,train,4183,True
Cn1cc(N)c(=O)cn1,5.433000087738037,train,4184,True
COC1C2CC1(C)N2C,0.6412000060081482,train,-1,False
CCc1nc(O)c(N)o1,1.975600004196167,train,4185,True
O=CC1CN2C(CO)C12,2.671600103378296,train,-1,False
O=CNC1COC2CC12,3.702199935913086,train,4186,True
CC1CCOC(=N)CC1,2.467900037765503,test,-1,False
N#CCC1(O)C2CC1N2,2.052299976348877,train,4187,True
CC1C2C3(CN3)CC12O,2.249000072479248,test,4188,True
C#CC#CC1NC1C,2.0387001037597656,train,4189,True
OC1CC2(CCCC2)C1,1.5853999853134155,train,4190,True
NC(=O)OC1CCC1,2.3143999576568604,train,4191,True
CC1(C)NC1C#CCO,2.9885001182556152,train,4192,True
CC1(O)C2NC2C1(C)O,1.4076999425888062,train,4193,True
CCNc1occc1C,1.4430999755859375,train,4194,True
C#CC(C)C(=N)OCC,1.2168999910354614,train,-1,False
C#CC(C)(O)C1CN1,2.478899955749512,train,4195,True
CC1C=CC(C)(O)CC1,1.225000023841858,train,4196,True
O=[N+]([O-])c1ccc[nH]1,4.543799877166748,train,4197,True
CCC1(CC)CC1,0.120899997651577,train,4198,True
C#CC1(CO)C(C)C1O,3.559299945831299,valid,4199,True
CC(=O)C#CC(C)=NO,3.286099910736084,train,4200,True
CCC(O)C#CC(N)=O,2.830199956893921,train,4201,True
CC(=O)C1CCN=CO1,0.9639999866485596,train,4202,True
NC1(C(=O)[O-])C([NH3+])C1O,4.877500057220459,valid,-1,False
CC12CCC1=CC(=O)N2,4.5960001945495605,train,4203,True
CCC1C2CC3(CO3)C12,1.8360999822616575,train,4204,True
O=C(CCO)CN1CC1,1.2914999723434448,train,4205,True
CC1OC2C=CCC12,1.832800030708313,test,4206,True
CC1CC(C)(C#N)C1O,3.511899948120117,test,4207,True
O=CC(=O)C1CNC1=O,3.5806000232696533,train,4208,True
C#Cc1noc(CC)n1,1.8870999813079836,train,4209,True
CC12NC1C1C(O)CC12,3.4451000690460205,train,4210,True
CCc1ncn(C)c1O,2.8427000045776367,test,4211,True
CC1C2N(C)C(=O)C12O,3.3422999382019043,train,4212,True
O=C1OCC2(CN2)C1O,1.9261000156402588,train,4213,True
OC12CC=C3C4C1N4C32,2.4475998878479004,train,-1,False
CCOC(C#N)=NC,3.331899881362915,train,4214,True
CC1CC2(C#N)C(C)N12,4.933199882507324,train,-1,False
N=C1OCCOCO1,4.163599967956543,train,4215,True
CCC1CC1C(C)C,0.0868000015616417,test,4216,True
OC12CCC3C1CC32O,1.798200011253357,train,4217,True
CC(C)C1=CCC(=O)N1,3.774699926376343,train,4218,True
CC1C2C3N2CC13C#N,3.059999942779541,train,4219,True
OC1C=CC2CC(O)C12,3.0192999839782715,train,4220,True
CCn1cnc(=O)cn1,6.3983001708984375,valid,4221,True
Cc1onc2c1CCC2,3.493299961090088,train,4222,True
CC1(O)C=CCC1O,0.9998999834060668,train,4223,True
CC1C=CCC(CO)C1,1.4390000104904177,train,4224,True
CCC1(CC)COC1=N,2.3726999759674072,train,4225,True
C#CC12COC1C(C)N2,1.9881000518798828,test,4226,True
CN1C=C(C=O)C(O)C1,5.724100112915039,train,4227,True
OC1C2CCCC1CC2,1.635699987411499,train,4228,True
COC1C=CCC(=O)C1,2.816800117492676,train,4229,True
OCC1C=CCN2CC12,1.8948999643325808,train,-1,False
O=C1COc2ncnn21,2.277899980545044,valid,4230,True
CC1CC12N=COC2C,1.5401999950408936,train,-1,False
CC(C)(O)CO,0.1986999958753585,train,4231,True
CC(O)C1CC1C#N,5.51170015335083,train,4232,True
CC1C=Cc2nccn21,3.98580002784729,train,4233,True
C#CC1C2OC3C1C23C,1.729099988937378,valid,4234,True
COC(=O)C#CC=O,3.2330000400543213,valid,4235,True
c1onc2c1NCC2,4.012899875640869,valid,4236,True
C#CCC1(C#C)OC1C,2.076499938964844,train,4237,True
N#Cc1cc(F)ncn1,2.2981998920440674,train,4238,True
CC1(C)COC1CO,2.700700044631958,test,4239,True
C#CC(C)(C=O)C(C)O,2.3696000576019287,train,4240,True
O=C1CC2C3CCN3C12,2.810699939727783,train,-1,False
OC12CC3CC(C1)C32O,1.9390000104904173,train,4241,True
N#CC(N)C(N)C1CO1,5.704500198364258,train,4242,True
C#CC1C2OC3C1C23,1.9768999814987185,train,4243,True
ON=C1C2C3C1N1C2C31,1.8983999490737915,train,-1,False
C#CC1CCC2CN12,1.7661999464035034,train,-1,False
O=c1oc2nnoc2o1,2.6686999797821045,train,-1,False
CC12CC(O1)C21COC1,1.9005999565124512,train,-1,False
CCC1=CNC(=N)C1=O,5.815299987792969,train,-1,False
N#CCOc1conn1,1.7085000276565552,train,4244,True
CCC1(C)N2CC1(O)C2,1.4579999446868896,train,-1,False
c1cc2cnn[nH]c-2c1,2.5831000804901123,valid,-1,False
CCCC1CC(O)C1O,1.131100058555603,train,4245,True
C#CC(CC)(CO)OC,2.191699981689453,train,4246,True
CC(N)c1ncno1,2.546999931335449,test,4247,True
O=CC(=O)C1CC1,4.337399959564209,valid,4248,True
OC12COCCCC1C2,1.8831000328063965,train,4249,True
CC1C2CC1(OC=N)C2,3.5546998977661133,train,-1,False
C#CC1(C)CC1CCO,1.5370999574661257,train,4250,True
O=Cc1ncoc1CO,4.950399875640869,test,4251,True
CC1=Cc2c[nH]cc2C1,1.3878999948501587,train,4252,True
CC1C2COCC12O,1.506999969482422,train,4253,True
C#CC12NC(C1C)C2O,1.7756999731063845,train,4254,True
CN1CCC2CN2C1=O,4.442699909210205,train,4255,True
CC1(O)CC1OC=N,3.0701000690460205,train,-1,False
CC#CC#CC(=O)OC,2.764699935913086,test,4256,True
CC12OCC13C=CC2N3,1.1090999841690063,test,4257,True
CCC(C)C(=O)C1CN1,2.4899001121521,train,4258,True
CC1CC2(COC2=O)O1,4.210599899291992,train,4259,True
CC(C)(C)CC1CC1,0.0971999987959861,train,4260,True
CC(=O)NC(=O)NC=O,8.050000190734863,train,4261,True
CC1COCC(O)C1,0.3846000134944916,train,4262,True
C1=CC2OC2CC2OC12,2.1401000022888184,test,4263,True
COC(C)(C#N)C1CN1,2.75819993019104,train,4264,True
CC(C)(C)N=C(N)C#N,4.9868998527526855,test,4265,True
CC1CC(O)(CCO)C1,2.249799966812134,train,4266,True
CC12C=C3COC3C1O2,2.575999975204468,test,-1,False
C#CCC#CC(O)CC,1.7848000526428225,train,4267,True
COC1CNCC1=O,2.1689999103546143,train,4268,True
N#CC1CC(C#N)C1N,3.043800115585327,train,4269,True
COCc1[nH]ccc1C,1.8039000034332275,train,4270,True
CNC1C(=N)OC1(C)C,2.017199993133545,train,-1,False
CC1C(O)C2(CO2)C1O,1.409000039100647,train,4271,True
N#Cc1ccnc(O)c1,3.408499956130981,train,4272,True
O=C1C=CCC2CC2C1,3.580199956893921,test,4273,True
C#CC(C)c1ccco1,0.8043000102043152,train,4274,True
CC1(C)CN1C1COC1,2.7685999870300293,valid,4275,True
Cc1nnn2c1C(C)C2,5.163099765777588,train,4276,True
C1N2C3C4C5NC5C13C42,2.943099975585937,train,4277,True
C1=NC23CC(C2)C3O1,1.5657000541687012,train,-1,False
CC1OC1CC1(O)CC1,1.4460999965667725,train,4278,True
C#CCCC(=N)OCC,0.6700999736785889,train,4279,True
CC1=CC(C)C=CCC1,0.2037000060081482,test,4280,True
O=CC1C=CC2OC2C1,1.997099995613098,train,4281,True
CC1COC2(C)CN1C2,0.2608000040054321,train,-1,False
CC(C)c1occc1O,1.6031999588012695,train,4282,True
COC1C(=N)OCC1=O,2.0703999996185303,train,4283,True
CC(O)COC1(C)CC1,2.110100030899048,train,4284,True
C1CC(CN2CC2)CO1,0.9785000085830688,train,-1,False
OC1COC2COC2C1,2.8945000171661377,train,4285,True
N#CC1(C2(O)CC2)CC1,3.6103999614715576,valid,4286,True
CCOc1c[nH]c(=O)o1,4.0854997634887695,train,4287,True
CC12CC3C(=O)C1(C)N32,3.2111001014709477,train,-1,False
O=C1NCC2NC12CO,4.8632001876831055,train,4288,True
COCC(C)C(C)C,1.003000020980835,train,4289,True
CCCc1cncnn1,2.76259994506836,train,4290,True
C1=CCC2CCC=C2C1,0.1471000015735626,train,4291,True
C#CCC1OCC2OC12,2.437599897384644,train,4292,True
CC12CC3OC3CC1C2,1.9160000085830688,train,4293,True
N#CC(=O)N1C2CC1C2,5.499899864196777,train,4294,True
O=CCCCCOC=O,2.4096999168396,train,4295,True
COCc1nc(C)c[nH]1,2.892199993133545,test,4296,True
C1=CCCC2CC2CC1,0.2052000015974044,train,4297,True
c1nc2[nH]cnc2[nH]1,0.0003999999898951,train,4298,True
CNC(=O)C12CC1CO2,2.5782999992370605,train,4299,True
O=CC12CC(C1)OCO2,1.513399958610535,train,4300,True
C#CC(CC#N)CCO,3.9265999794006343,train,4301,True
C#CC1C(C)C2C(O)C12,1.638800024986267,train,4302,True
N=COC(=O)C1CO1,1.6110999584197998,train,4303,True
CCCCC(C)(O)CC,1.2999999523162842,train,4304,True
N=C1OCCC(CO)O1,4.514500141143799,train,4305,True
CC1=CCC2(O)CC12O,2.2121999263763428,train,4306,True
Cc1cc(C2CO2)on1,3.4100000858306885,test,4307,True
CC1OCC(O)C12CC2,1.6365000009536743,train,4308,True
CC1C(O)C1C(C)(C)O,3.099299907684326,train,4309,True
CN1CC2C(=O)C=CC21,3.149899959564209,valid,-1,False
O=c1[nH]cn[nH]1,2.725100040435791,train,4310,True
N=C1OCC2CN3C1C23,3.999599933624268,test,-1,False
OC12CC3OC1CC32O,2.374599933624268,valid,4311,True
CC1C(O)C1CC(N)=O,5.113500118255615,valid,4312,True
CC1CC(O)(CO)C1O,2.912300109863281,train,4313,True
C1=CC23OC2CN=C3N1,2.873500108718872,train,-1,False
OC1C2CCC3C1N23,1.7283999919891355,valid,-1,False
CC1C2C3CC3(O)C12O,0.9083999991416932,train,4314,True
OCC12OC3C1CCC32,2.3015999794006348,train,-1,False
c1cc2[nH]nnc2[nH]1,3.913100004196167,train,4315,True
c1ncc(N2CCC2)o1,3.4207000732421875,train,4316,True
CC12CC3OC1C1C3C12,1.5801000595092771,train,4317,True
C#CC12CC(C)C1CO2,2.012200117111206,test,4318,True
CC1(C)CC2NC2C1=O,3.2432000637054443,valid,4319,True
N=C1CN2C3CC2C3O1,2.997100114822388,train,4320,True
CCC1CC2N=COC12,1.7065000534057615,test,-1,False
CC1(C)COC(C=O)=N1,3.452500104904175,train,4321,True
CC1OCOC(C)C1=O,1.8516000509262085,train,4322,True
[NH3+]CC1C(O)C1C(=O)[O-],6.48960018157959,train,-1,False
CC1NC(C2CO2)C1=O,3.545599937438965,train,4323,True
O=CN1C2C(O)C(O)C21,4.134200096130371,train,4324,True
CC1COCC2(CO2)C1,1.7110999822616575,train,4325,True
C#CC1(C)CCC12CN2,1.504699945449829,train,4326,True
CC12CCC=CC1C2O,1.3056999444961548,train,4327,True
O=C1COCC=CC1O,3.846400022506714,train,4328,True
C#CC(C)(C)C(C)C,0.5637999773025513,train,4329,True
CC1CC12CCC1OC12,1.7613999843597412,train,4330,True
O=C1NC2C3CC1C2C3,3.82069993019104,valid,4331,True
COCC1OC2C(C)C12,1.2144999504089355,train,4332,True
C#CC1(O)CC1(C)OC,2.009000062942505,train,4333,True
Nc1c(O)[nH]ncc1=O,3.4651999473571777,train,4334,True
Cc1c[nH]c2cnoc12,4.707300186157227,valid,4335,True
CCc1cc(=N)nco1,3.938499927520752,valid,-1,False
O=CCn1cn[nH]c1=O,1.7812999486923218,train,4336,True
CC12C3C4OC3C1(O)C42,1.0961999893188477,train,4337,True
NC(=O)C1=CCOC1=O,2.04040002822876,train,4338,True
CC(O)CC1(CO)CO1,3.137900114059448,train,4339,True
c1ncc2[nH]ccc2n1,4.803699970245361,train,4340,True
CC1CCC1(C)O,1.2493000030517578,train,4341,True
CC1CC2(CO1)CN2C,2.0155999660491943,train,4342,True
C#CC1CC2OC12CC,1.9717999696731567,train,4343,True
OCCC(O)C1CC1,0.2623000144958496,train,4344,True
C#CCNC(=O)NC=N,2.373300075531006,train,4345,True
CNc1coc(CO)c1,2.4340999126434326,train,4346,True
N#CC1(O)CCC1=O,3.281599998474121,train,4347,True
CC1CC1(O)CC1CO1,2.7167999744415283,train,4348,True
CC(C)CCC1CC1C,0.097800001502037,test,4349,True
N=c1onnccc1=O,3.627599954605103,train,-1,False
N#CC12CC(CO1)C2O,3.9045000076293945,train,4350,True
CCCC1OC1CC#N,5.121300220489502,train,4351,True
CC#CC(O)C(C)=O,3.281899929046631,train,4352,True
N#Cc1ncccn1,6.118899822235107,train,4353,True
CC1OC2(C)CC2C1C,1.2613999843597412,train,4354,True
O=C([O-])C1CNCC[NH2+]1,4.994900226593018,train,-1,False
N#CC(=O)C=O,1.441499948501587,train,4355,True
CC(C)c1cnc(O)o1,0.757099986076355,train,4356,True
N#CCCC(O)C#N,2.5292000770568848,test,4357,True
CN1CC1C(O)CC=O,2.2528998851776123,valid,4358,True
C#CC12CN1CC2=O,2.099299907684326,train,4359,True
OC1(C2CCO2)CC1,1.258800029754639,train,4360,True
CC1=CC2C(C)C1C2C,0.2861999869346618,train,4361,True
C1CC2C3CC1OC23,1.3651000261306765,test,4362,True
CC(O)C1(C)CCC1O,1.998900055885315,valid,4363,True
CC1C2N1CC2(C)C#N,2.3036000728607178,train,-1,False
C1OC2CC3CC2(C3)O1,1.133999943733215,test,4364,True
N=C1COC(=N)C(=N)N1,1.2144999504089355,train,4365,True
CC1OC2C3CC1C2O3,1.3782999515533447,train,4366,True
C1=NCC2(CCO1)CC2,2.2230000495910645,valid,4367,True
C#CCC12CC=CC1C2,0.5004000067710876,train,4368,True
N=c1c(N)n[nH]nc1N,1.4443999528884888,train,-1,False
CCCc1ccc(O)[nH]1,0.8187000155448914,train,4369,True
C#CC12C3C4C(C31)C42C,0.9071000218391418,train,4370,True
C1CC1N=C1OC2CC12,2.1012001037597656,train,-1,False
C1OC2C1C21CC2OC21,2.8661000728607178,test,4371,True
OC1C2C3C4CC4N2C13,1.3072999715805054,train,-1,False
Cc1cnc(CO)o1,3.3043999671936035,train,4372,True
N=COc1cnccn1,2.8961000442504883,valid,-1,False
NC1=NC2(CC2)C2OC12,1.7795000076293943,train,-1,False
CC1C2CC1(O)C2C#N,4.700699806213379,train,4373,True
O=C1CCC1,2.711899995803833,train,4374,True
CC1OC2C3CC3C12C,1.7788000106811523,test,4375,True
c1nc2[nH]nnc2[nH]1,2.9972000122070312,train,4376,True
NC(=O)c1noc(=O)o1,4.644000053405762,test,4377,True
CC(C#N)c1cnc[nH]1,1.6507999897003174,train,4378,True
CN1CC(=O)CC(=O)C1,3.6180999279022217,train,4379,True
CC1=CC2OC2C2NC12,3.229700088500977,train,4380,True
Cc1ncoc1C(C)C,1.8177000284194944,train,4381,True
CC12CN1C1CC2C1O,2.005199909210205,train,-1,False
N#CCC1CN2CC12,3.4876999855041504,train,-1,False
Cn1cc[nH]c1=O,3.495300054550171,train,4382,True
CC1OCC2C(C)C12O,1.3553999662399292,train,4383,True
O=CCOc1ncno1,0.4855000078678131,train,4384,True
CC1OC2(C)C3CC3C12,1.6164000034332275,train,4385,True
CC1C=CCC2C(C)C12,0.2612000107765198,train,4386,True
O=C1NC2(CO)CC1C2,4.947999954223633,train,4387,True
COC(=N)OC(C)CO,0.8590999841690063,train,4388,True
CC1C(C)C1(O)C1CC1,1.2242000102996826,train,4389,True
CN=c1nccco1,4.282599925994873,train,-1,False
CN1C2C3(O)CC2(O)C13,1.493899941444397,train,4390,True
CC1OC12CCC21CN1,2.539599895477295,train,4391,True
O=C1C=CCC2CC2N1,4.07919979095459,test,4392,True
C#Cc1cn(C=O)cn1,2.861799955368042,train,4393,True
CN=C(CCO)OC,1.729200005531311,train,4394,True
CC12CC1(O)C1COC12,2.6171998977661133,train,4395,True
Cn1nnc(=O)c(N)n1,5.567999839782715,valid,4396,True
CC1CC2OC1C2C#N,4.989999771118164,train,4397,True
CC1C=CC(C#N)C1=O,5.344200134277344,train,4398,True
CCC(C)OC(N)=O,2.326900005340576,train,4399,True
CCNc1cnoc1C,4.120500087738037,train,4400,True
CC12CC3C(C1C=O)C32,2.5882999897003174,train,4401,True
CC1OC2(CC2)C1C,1.6365000009536743,train,4402,True
OCC1C2=CCC3C2N13,0.7411999702453613,test,-1,False
C#CC1(C=O)CN=CO1,2.448400020599365,train,4403,True
O=C1COC2(CC2)C1,1.9174000024795528,train,4404,True
OC12COC34CC(C13)C24,2.184400081634521,train,4405,True
COC1CCC1C#N,5.0,valid,4406,True
CC(=O)N1CC=CC1C,3.575500011444092,train,4407,True
CC12COC13CCC3O2,1.162999987602234,test,4408,True
CC(C(N)=O)C(O)C=O,1.577299952507019,train,4409,True
CC1(C)C(O)C2OC21,1.8629000186920168,valid,4410,True
CCC12COCC1(O)C2,1.4850000143051147,train,4411,True
C1CCC2CC2COC1,1.186400055885315,train,4412,True
CC(O)(CO)C(O)C#N,5.1996002197265625,train,4413,True
CC(C)(CO)CC#N,4.865300178527832,valid,4414,True
CNc1ncncc1O,3.613300085067749,train,4415,True
CCC(=N)NC(=O)CC,4.791800022125244,test,4416,True
CC1CN1C1CCC1=O,1.4478000402450562,train,-1,False
C#CC1CC(C=O)=CN1,4.913099765777588,train,4417,True
CC(C[NH3+])OCC(=O)[O-],6.19980001449585,train,-1,False
C#CC1(C#N)CCCN1,4.605800151824951,test,4418,True
CC1CC23CCC2CC13,0.1413999944925308,train,4419,True
CCC1CCC(OC)C1,0.945900022983551,train,4420,True
C1=CCCOCCC=C1,1.014299988746643,train,4421,True
CN1CC2NC(=O)C=C21,4.85230016708374,train,4422,True
C#CCOCC1(O)CC1,1.7202999591827393,train,4423,True
CCCC1CCCC1,0.0794000029563903,test,4424,True
Cc1cn[nH]c(=N)c1F,2.6507999897003174,train,-1,False
CC1CC1c1cc[nH]c1,1.7741999626159668,train,4425,True
COC1OC(=O)N2CC12,4.593999862670898,train,4426,True
CCCC1N2CC1(O)C2,1.4847999811172483,test,-1,False
O=Cc1cc(CO)on1,4.367899894714356,train,4427,True
CC1(C#N)CC(C=O)O1,4.514200210571289,train,4428,True
CC1CN(C)C1(C)C#N,3.389899969100952,train,-1,False
CC1CC1(C)C#CC#N,5.982200145721436,valid,4429,True
O=CN1C=CCC=CC1,3.835900068283081,test,4430,True
N=c1[nH]c2oncc2o1,0.9071000218391418,train,-1,False
N#CC(N)C12CN(C1)C2,2.61680006980896,train,-1,False
NC(=O)C1CC2(CC2)O1,2.892199993133545,train,4431,True
C1=CC2(CO2)C2NC2C1,1.6195000410079956,train,4432,True
O=C1C2CCC3CC2C13,3.1324000358581543,train,4433,True
O=C1C(=O)C2CC1O2,4.200200080871582,train,4434,True
O=C1C2C=CC3C1CC23,2.9238998889923096,train,4435,True
Cc1ncccc1F,1.3737000226974487,train,4436,True
C1=CC23CCCC2(C1)C3,0.2743000090122223,train,4437,True
COC12CC1NC2C#N,3.938199996948242,train,4438,True
Cc1[nH]ncc1C1CC1,2.6524999141693115,train,4439,True
[NH3+]Cc1coc([O-])n1,6.0920000076293945,train,-1,False
C#CC1C(=O)CCC1C,2.801300048828125,train,4440,True
O=CC1=CCN2CC1C2,2.405600070953369,test,4441,True
CC1CC(O)C(=N)O1,2.890700101852417,train,-1,False
C1=CC23CC2(C1)C1CC13,0.358599990606308,train,4442,True
OC12C3=NCC4C1C2N34,2.836800098419189,train,-1,False
N=C1CC(O)COCO1,2.5253000259399414,train,4443,True
COCCCNC(N)=O,2.784899950027466,train,4444,True
C#CC12CN1CC2OC,1.7024999856948853,train,4445,True
CC1C(CO)C2C(C)C12,1.3681999444961548,train,4446,True
CC1(C)OC(=N)C1(C)O,1.670300006866455,test,-1,False
CC1OC=NC1(C)C=O,2.079400062561035,valid,4447,True
CC(C)(C)C1CC2CC21,0.2664999961853027,train,4448,True
N#CC1CC1C#N,6.171800136566162,train,4449,True
CCC#CCC(O)C=O,2.732899904251098,valid,4450,True
CCC1C2OC3CC2C31,1.4801000356674194,train,4451,True
C#CCCN1CC1CC,1.4768999814987185,test,4452,True
C#CC1C=C(C)C(=N)O1,2.69569993019104,train,4453,True
COCc1oncc1N,3.828799962997437,train,4454,True
CCN=COCC#N,3.275000095367432,train,4455,True
CCc1cnn(C)c1C,2.518699884414673,valid,4456,True
N=C1C=CC2(O)CC2O1,4.616799831390381,train,-1,False
c1n[nH]nc1C1CC1,0.6870999932289124,train,4457,True
CC12CN3C4C3C1CC42,1.70360004901886,train,-1,False
CCN1CCCNC1=O,3.929800033569336,train,4458,True
N=C1C=CC(OC=O)O1,3.4291999340057373,train,4459,True
N=C1CC(C2CN2)O1,2.3512001037597656,train,4460,True
Cc1cn(C=O)c(=O)[nH]1,6.721399784088135,train,4461,True
CC1(O)C(O)CC12CN2,1.815600037574768,train,4462,True
C#CC1(O)C(C)C1C=O,2.686100006103516,train,4463,True
CC1(C=O)CC2OC21,0.9217000007629396,train,4464,True
C#CCC#CC(O)C#N,3.607500076293945,train,4465,True
O=CC1CCCC1=NO,2.3691000938415527,train,4466,True
CCc1ccoc1CC,0.6359999775886536,train,4467,True
CCC12CC3CC1(C)C32,0.3332000076770782,train,4468,True
CC(C=O)C(C)CC#N,4.417399883270264,train,4469,True
N=COC12CC3CC1C32,3.309900045394897,train,-1,False
C#CC(C=O)C(C)(C)C,2.320199966430664,train,4470,True
C#CC1OC1C1OC1C,0.2842000126838684,valid,4471,True
C1=NC2CC2OCO1,1.635200023651123,train,4472,True
CNC(=O)N1CC(O)C1,3.2720000743865967,train,4473,True
CC(C=O)C12CC(C1)O2,2.868299961090088,test,-1,False
N=C1OC2C3C(O)C1C23,3.391700029373169,train,4474,True
CC1=CC(O)C2CC1O2,2.493000030517578,train,4475,True
CC1CC1C1CN=CO1,1.7200000286102295,train,-1,False
N#CC1CC=CC2CC12,4.001500129699707,train,4476,True
CC1CC(=N)N(C=O)C1,5.185500144958496,train,4477,True
OCC1C(CO)N2CC12,3.08899998664856,train,-1,False
CC(C)C12CC1OC2C,1.8071999549865725,train,4478,True
N#CC1(C2CN2)CO1,4.226200103759766,train,4479,True
CC12OCC=C1CC2O,2.365799903869629,train,4480,True
CC(NC=O)C1CC1O,4.272500038146973,valid,4481,True
COC1CCC(=O)C1,2.388499975204468,train,4482,True
c1cnn2cncc2n1,2.984800100326538,train,4483,True
O=C1CCN2CC2C1=O,3.779299974441528,train,4484,True
C1=CC2NC2(C2CN2)C1,0.33160001039505,test,4485,True
Nc1cc(F)cnc1O,2.3333001136779785,train,4486,True
CCC(C)N=COC=O,4.269999980926514,train,4487,True
CC1CCCOCC1O,1.2110999822616575,test,4488,True
O=C1NC23CC(C2)OC13,4.2378997802734375,train,4489,True
COC1CNC(=O)CO1,3.185699939727783,valid,4490,True
CN1CC1C1=NCCO1,2.4842000007629395,test,4491,True
C#CCC1(C#N)CCC1,4.103600025177002,train,4492,True
CCC1(CCO)CC1,1.399399995803833,train,4493,True
C1=NC23CN4C2C(O1)C43,0.7702999711036682,train,4494,True
C1C2CC3(COC3)OC12,2.517199993133545,train,4495,True
C1OC23CCC2CC1C3,1.4636000394821167,train,4496,True
CC1=CC2(CO)NC2C1,0.9847999811172484,train,4497,True
OC12COCC3OC1C32,1.2819000482559204,train,4498,True
OC1C2CC3C1C1C2N31,0.2793999910354614,test,-1,False
NC(=O)c1cccnc1,1.7717000246047974,train,4499,True
N#CC1CC2(CO2)C1N,4.980599880218506,train,4500,True
COCC1CC(O)C1C,0.6628999710083008,train,4501,True
COc1cc(O)nn1C,2.427000045776367,train,4502,True
NC(=O)C(CO)C1CO1,3.342900037765503,train,4503,True
CCc1onc(O)c1N,2.103100061416626,train,4504,True
CCCOCC(F)(F)F,2.830399990081787,test,4505,True
OCC1OC1C1COC1,0.5421000123023987,train,4506,True
OCC12OC=NC1C2O,0.9016000032424928,train,4507,True
CC1(CC(N)=O)CO1,3.0977001190185547,train,4508,True
NC1CCOC1=O,3.2035000324249268,train,4509,True
CN1C2C3OCC2(C)C31,2.0732998847961426,train,4510,True
COC12C3CC1OC2C3,1.0367000102996826,train,4511,True
C#CCCCC(N)C#N,2.239500045776367,test,4512,True
NC(=O)C1C(=O)N2CC12,0.6287999749183655,train,4513,True
CCC12C=CC(CC1)O2,1.4357999563217163,train,4514,True
NC(=O)C1C(=O)C2OC21,2.450599908828736,train,4515,True
CC1(C)COCC2CN21,1.246899962425232,train,-1,False
C#CCC1NC1C(N)=O,4.972499847412109,valid,4516,True
C#CC1NC1(C)COC,1.458299994468689,train,4517,True
CCN=c1occn1C,2.9767000675201416,train,-1,False
OC1C=CC2C1C1CN21,0.9840999841690063,test,-1,False
CCCCOCCO,2.3015999794006348,train,4518,True
c1nonc1CN1CC1,3.833400011062622,train,4519,True
CC12CN3CC1(O)CC32,1.295799970626831,train,-1,False
CCC(C)C#CC1CN1,1.9112000465393064,train,4520,True
C#CC(O)(C[NH3+])C(=O)[O-],4.941699981689453,train,-1,False
N#CC12NC3CC1NC32,5.099899768829346,valid,4521,True
CC12CC(CO)C1O2,0.7398999929428101,train,4522,True
CCN1C=NC(C#N)C1,6.239999771118164,train,-1,False
CCCOCC(C)OC,0.329800009727478,train,4523,True
CC#CC(O)C1(C)CC1,1.9888999462127688,train,4524,True
CN=c1cc(O)[nH]cn1,4.939000129699707,train,-1,False
CC1COC2(C)CC1C2,1.2509000301361084,valid,4525,True
COCC12CC=CC1O2,2.334700107574463,train,4526,True
C1=CC2OC23CC(C1)C3,2.5190999507904053,train,4527,True
O=CC(=O)CC1(O)CC1,0.8501999974250793,train,4528,True
Cn1c(C=O)cnc1O,4.652999877929688,train,4529,True
CC1OCCC2(C)OC12,2.314500093460083,train,4530,True
N=C1C=CCC(CO)O1,4.372099876403809,train,4531,True
N#CC1(O)C2OC1C2O,2.575900077819824,test,4532,True
CC1C2C=CC(O2)C1O,1.2043999433517456,train,4533,True
CC1CN2C(=O)OCC12,5.1545000076293945,train,4534,True
CN(C)C1(C#N)COC1,3.1222000122070312,valid,4535,True
N#CC1CC(=O)O1,3.620500087738037,train,4536,True
CC12C(=O)OC3C1NC32,3.523699998855591,train,4537,True
CC12C3=CC4C(=C3)C1C42,2.585700035095215,valid,-1,False
CCC1(C(O)C=O)CC1,2.247999906539917,test,4538,True
N#CC1(C(=O)C=O)CN1,4.123499870300293,test,4539,True
C#CC12NC1COC2=N,3.646100044250488,train,4540,True
CC1OC2(COC2)C1O,2.2356998920440674,train,4541,True
c1cn2c(n1)OCC2,4.9028000831604,train,4542,True
C#CC(C#CCC)CC,0.6509000062942505,train,4543,True
CC1N=C2CC3(C)C1N23,2.52020001411438,train,-1,False
CC1CC2C(C3CN3)N12,1.3278000354766846,train,-1,False
C#CC(O)(C=O)C(N)=O,4.450799942016602,train,4544,True
CC(C)(C)OCC=O,3.1412999629974365,train,4545,True
O=CC12CC1CC2O,3.875999927520752,train,4546,True
CNC(=O)n1ccnc1,3.3849000930786133,train,4547,True
O=C1CCOCC2NC12,2.3768999576568604,train,4548,True
NC(=O)n1cc(N)cn1,2.435699939727783,train,4549,True
ON=C1C=CC2OC12,1.8724000453948972,test,4550,True
CCC1C(=N)OC2CC21,2.7904999256134038,train,-1,False
O=CNC1CC(O)C1,3.166199922561645,train,4551,True
CC1C=CC(C#N)C1O,3.690399885177612,train,4552,True
COCC(O)(C#N)C=O,4.08459997177124,train,4553,True
CC1(N)CC(=O)NC1=O,2.450000047683716,test,4554,True
CC1N2C3CC3C12C,1.5025999546051023,train,-1,False
CNc1c(C)noc1N,3.527400016784668,train,4555,True
O=c1occ(CO)o1,3.924499988555908,train,4556,True
CCCC(=O)N1CC1C,3.005199909210205,valid,4557,True
CC1(O)C2CNC(=O)C21,2.813199996948242,train,4558,True
CCC1=CCNC(=O)N1,3.448899984359741,train,4559,True
O=CC#Cc1c[nH]nn1,4.702899932861328,valid,4560,True
COCc1occc1C,1.1884000301361084,train,4561,True
C#CCCC(=O)CCO,1.2596999406814575,train,4562,True
C1NC12COC21CC1,1.7831000089645386,train,4563,True
COC1OC(C)C2NC12,2.451200008392334,train,4564,True
OC12C3C4C3N3C4C1C32,1.1917999982833862,train,-1,False
CC1=CCC(C)(O)CC1,1.5683000087738037,train,4565,True
C1CC2(CCC3CC32)O1,1.6865999698638916,train,4566,True
CC12NC1CC2C1CO1,3.171999931335449,train,4567,True
CC1(C#N)C(O)C1CO,4.309299945831299,train,4568,True
N=C1OC(C(N)=O)C1N,4.123799800872803,train,4569,True
CNC(C#N)(C=O)CO,4.321199893951416,test,4570,True
CC#CC12C3C4C(C31)N42,1.8805999755859373,train,-1,False
CC1CC2OCC12C#N,3.328000068664551,train,4571,True
CC#CCCCCC=O,2.8285999298095703,train,4572,True
CC12C=CCC(C)(C1)C2,0.1686999946832656,valid,4573,True
CC1CNC(C#N)C1O,4.4517998695373535,train,4574,True
COC1CC12CC(C)O2,1.4860999584197998,train,4575,True
COC(CO)CC(C)C,2.079699993133545,train,4576,True
CC1=CC(=N)OC(=O)C1,3.8368000984191895,train,-1,False
O=C1NC2CCC12O,3.138200044631958,valid,4577,True
C1CC23COC(C2)C3O1,2.3032000064849854,train,4578,True
CC12C(O)CC1(O)C2O,2.404900074005127,train,4579,True
CCOC1C2CC1C2C,1.021299958229065,train,4580,True
CC([NH3+])c1[nH]ncc1[O-],5.227799892425537,train,-1,False
Cc1ncc(CO)n1C,2.2476999759674072,train,4581,True
CC1CC2(C)OCC12,1.7187999486923218,train,4582,True
OCC1CCC1(O)CO,1.660599946975708,train,4583,True
OC1CC1n1cccn1,3.529099941253662,train,4584,True
c1ncc2c(n1)COC2,1.3408000469207764,train,4585,True
C#CC12CC3C(C)C1N32,1.863700032234192,train,-1,False
O=c1cnc(F)c(F)o1,0.9854000210762024,train,4586,True
Nc1ncc(N)c(=O)o1,2.3296000957489014,train,4587,True
CCC(C)C(C)(C)O,1.2663999795913696,train,4588,True
Cc1ccc(O)cn1,3.027100086212158,train,4589,True
C#CC1CCCC(C)O1,1.2323999404907229,train,4590,True
O=COC1C(O)C2NC21,5.846499919891357,train,4591,True
CN1CC(C(O)C#N)C1,3.117300033569336,train,-1,False
C1NC1CN1CC1,2.2583000659942627,train,-1,False
C1=CC(N2CC2)CCC1,1.0267000198364258,train,-1,False
CC1CCOC1(C)CO,2.6800999641418457,train,4592,True
O=CN1CC(=O)CC1=O,3.2934000492095947,train,4593,True
CC1NC(C)(C=O)C1O,3.514699935913086,train,4594,True
N#CC12C3OC1C1C3N12,3.954299926757813,train,4595,True
CC1=CC2OC2C=CC1,1.6684000492095947,train,4596,True
CC1COC2(C)CC2O1,0.4598999917507171,train,4597,True
C#Cc1nonc1N,4.64769983291626,train,4598,True
COCCOC(C)C=O,3.3508999347686768,train,4599,True
C#CC(C#N)CC(N)=O,4.901100158691406,train,4600,True
N#CC(O)C1C2CCN21,3.8824000358581534,train,-1,False
CCC1OC1(C=O)C=O,2.842600107192993,train,4601,True
CC12OC3C=CC1OC32,0.2748999893665313,train,4602,True
CCCC(CO)C1CC1,1.7329000234603882,train,4603,True
CC1C2CC3N2C13C=O,3.8873000144958496,train,-1,False
O=C1CC2(CCC2O)C1,2.921499967575073,train,4604,True
COc1c[nH]cc1C#N,7.134399890899658,test,4605,True
CN=c1ncnc(O)o1,2.5536000728607178,train,-1,False
CC1(O)CCNC1C#N,3.98799991607666,train,4606,True
C#CCC(=O)C(C)(C)O,3.098099946975708,train,4607,True
O=C1OC2C3NC1C32O,2.978899955749512,test,4608,True
NC1=NC2CC(O)C2O1,2.286099910736084,test,-1,False
N#CC1OC2CC12N,5.515900135040283,test,4609,True
CC(=O)C1(C)NC1C=O,3.811899900436402,train,4610,True
O=C1CC2C3CN(C1)C23,2.794300079345703,train,-1,False
N#CC1OC2(CC2)C1=O,4.345799922943115,test,4611,True
COc1[nH]cc(N)c1C,1.1714999675750732,train,4612,True
C1=NCC2CCOC2O1,2.5768001079559326,test,4613,True
CN1C2CC13CC(=O)C23,1.9717999696731567,valid,-1,False
CC1CC2OC3(C)C1C23,1.5677000284194946,valid,4614,True
CCC12CN1C1CC12C,1.5887999534606934,train,-1,False
CC1CC12CC1CC1O2,1.246999979019165,train,4615,True
OC1C2C=CC1C1NC21,3.184400081634521,train,4616,True
CC1NC(=O)OC1C=O,5.906199932098389,train,4617,True
C#CC12CC(C1=O)N2C,1.812999963760376,valid,-1,False
CCC12CN1C1CC2C1,1.413599967956543,train,-1,False
CC1CNc2c[nH]cc21,1.473399996757507,train,4618,True
C1=CCC2(C=CC1)CC2,0.182899996638298,train,4619,True
OC1CC2(O)CC1C2O,1.333799958229065,train,4620,True
CC(O)C1OC1CO,2.25819993019104,train,4621,True
CCOC1CC(C)CO1,0.6876999735832214,train,4622,True
C#CC1CN(CC)C1=O,3.688999891281128,train,4623,True
CCC(=O)C1CN2CC12,2.5833001136779785,train,4624,True
CC1OC1C(O)C1CO1,1.0464999675750732,train,4625,True
CC1(CO)CCN=CO1,1.14520001411438,train,4626,True
CC1(OC=O)COC1,3.013700008392334,train,4627,True
CCC1C2N=C(C)OC12,1.1432000398635864,test,4628,True
C#Cc1oc(=O)oc1N,5.4257001876831055,train,4629,True
CC1N2C3CC1(C)C32,1.7925000190734863,train,-1,False
CC12CCC1C2C1CC1,0.2542000114917755,train,4630,True
CC1C2OCC3CN1C32,1.04639995098114,train,-1,False
N#CCCN(C=O)C=O,1.669399976730347,test,4631,True
OCC1N2C3CC2C13O,1.3868999481201172,train,-1,False
N=C1Cn2nccc2O1,1.1790000200271606,test,-1,False
C1=CC2CC3C(C1)C23,0.3070000112056732,train,4632,True
CC12C=C(C#N)CC1O2,4.256100177764893,test,4633,True
CC1(OCC#N)COC1,3.7118000984191895,train,4634,True
CC12CC1CC1OC12,1.865900039672852,train,4635,True
N#CC(O)C1(C#N)CO1,1.5017999410629272,train,4636,True
CC([NH3+])c1n[n-]c(=O)o1,7.147299766540527,train,-1,False
CC1C(=O)C2NC12C,3.953299999237061,train,4637,True
Nc1n[nH]cc1C1CO1,0.2134000062942505,test,4638,True
Nc1cc(O)[nH]c1O,0.5264999866485596,train,4639,True
CC1C=CCCOC1,0.966099977493286,train,4640,True
CCC(=O)CC(C)O,3.407999992370605,test,4641,True
CC12CC1C1(C)NC21C,1.851199984550476,train,4642,True
CC(C)(C)C1OCCO1,1.1780999898910522,train,4643,True
COC=NCC1COC1,4.563899993896484,train,4644,True
CN1C(C=O)C12CCC2,1.6236000061035156,train,-1,False
N#CCC(O)CC=O,3.604399919509888,train,4645,True
C#CCC(=O)OCCC,2.3733999729156494,train,4646,True
CC#CCCN1CC1,1.1548999547958374,test,4647,True
N#CC(C=O)C1CN1,1.6779999732971191,train,4648,True
CC(C)c1c[nH]cn1,3.260999917984009,train,4649,True
CCCC(C)(O)C#N,3.4554998874664307,test,4650,True
CC(C)(C#N)CC(N)=O,4.216800212860107,train,4651,True
C#CC1C2CC1C2C=O,2.1112000942230225,train,4652,True
Oc1ncc(C2CC2)[nH]1,2.265500068664551,train,4653,True
C1=Cc2nnoc2CC1,4.36460018157959,test,4654,True
C1=Cc2cn[nH]c2C1,2.595499992370605,train,4655,True
CC1C2C3(O)CN1C23C,2.0276999473571777,train,-1,False
C1=CC23CCC2(CC1)O3,2.199700117111206,train,4656,True
CCC(NC=O)C(C)=O,2.494800090789795,test,4657,True
c1ncc2cncc-2[nH]1,4.199399948120117,train,-1,False
CC(C=O)C(C=O)C=O,2.738800048828125,train,4658,True
C#CC1CC2NC(=O)C12,3.832600116729736,train,4659,True
CC1CC2=CC(=O)OC21,5.113900184631348,test,4660,True
COC12CC1OC1CC12,1.256500005722046,train,4661,True
O=C(C1CO1)C1(O)CC1,3.694000005722046,train,4662,True
CC12C(C#N)NC1C2O,5.67710018157959,train,4663,True
C1CC12C1NC1C1NC12,2.506999969482422,valid,4664,True
O=C1CC(O)C12COC2,4.034299850463867,train,4665,True
N#CC1C2C3CCN3C12,4.188000202178955,train,-1,False
CNCC(=O)OCC#N,3.119499921798706,train,4666,True
CC1OC(=N)C1N,1.631100058555603,train,4667,True
OCC12CC1C1(CC1)O2,2.037899971008301,train,4668,True
C#CC1NC1C=O,2.9302000999450684,train,4669,True
CC1C=CC(NC=O)C1,3.722500085830689,train,4670,True
CN=C1OC(C)C2CN12,3.742000102996826,train,4671,True
CN1CC(=O)OC2CC21,4.438600063323975,train,4672,True
CCCC1C2N=COC12,1.5521999597549438,train,4673,True
COC12CC1C1(C)NC12,1.2522000074386597,train,4674,True
C1=NC(CC2CC2)CO1,1.3949999809265137,train,-1,False
N=C1OC2CC12O,2.2973999977111816,train,-1,False
O=C1C=CNC12CC2O,4.212200164794922,test,4675,True
CC12NC(C1=O)C1CC12,1.7065999507904053,valid,4676,True
OC12CC3C4OC(C31)C42,2.0618999004364014,train,4677,True
CC(C)C12C3C4C1N4C32,2.102400064468384,train,-1,False
C#CC(C#C)C(N)=O,3.342400074005127,test,4678,True
C#CC1(C#C)OCC1O,0.8726999759674072,train,4679,True
Cn1ccc2c1COC2,2.938699960708618,train,4680,True
CNc1coc(C#N)c1,6.015900135040283,test,4681,True
CCC1=CCCC1CO,1.363800048828125,valid,4682,True
O=Cn1nnc(CO)n1,2.5088999271392822,train,4683,True
CCCCC#CC(C)C,0.1997999995946884,train,4684,True
CCC12C=CCC1(C)O2,1.701200008392334,train,4685,True
FC(F)(F)C1CC2NC21,3.591599941253662,train,4686,True
CCCC12CC1N1CC12,1.6964000463485718,valid,-1,False
CC12CC1C(O)(C#N)C2,3.4179000854492188,train,4687,True
c1cnccocnc1,1.269700050354004,train,4688,True
N#CCC1(O)CC1O,1.479200005531311,train,4689,True
Nc1nocc(F)c1=O,1.5185999870300293,train,4690,True
Nc1cnc(O)cc1F,1.9803999662399288,train,4691,True
C1=CCCCC=CCC1,0.0480000004172325,train,4692,True
CCCC1(CC)CCC1,0.092299997806549,train,4693,True
CC1(C(O)C(N)=O)CN1,2.0741000175476074,train,4694,True
N#CC12COC3C(O1)C32,3.512500047683716,train,4695,True
C1CC2C3C4C1C4N23,1.714400053024292,train,-1,False
CC1CCCC(=N)O1,3.256099939346313,train,-1,False
CC(NCC#N)C(N)=O,6.521100044250488,train,4696,True
CCn1nc(N)c(O)n1,0.981599986553192,test,4697,True
CCC1(C#N)CC1CO,4.81220006942749,test,4698,True
O=CCOCCOC=O,4.73330020904541,train,4699,True
N#CCCC1=CCCC1,4.284800052642822,train,4700,True
CCN1C2C3CC2C31,1.0306999683380127,train,4701,True
CC12C(O)C1C1CCC12,1.297600030899048,train,4702,True
O=CNC1C2OCOC12,3.664799928665161,train,4703,True
COc1cc(C)ncn1,1.5752999782562256,train,4704,True
CCC(O)CC(N)=O,3.651299953460693,train,4705,True
O=CCCC(=O)N1CC1,3.664900064468384,train,4706,True
CC12CCOC1C1CN12,1.0433000326156616,train,-1,False
Cc1n[nH]nc1N,1.4767999649047852,valid,4707,True
COC1CC=CC1=O,2.8559999465942383,valid,4708,True
Cn1nc[nH]c1=O,2.473299980163574,train,4709,True
CC12CC3OC1(CO)C32,2.288800001144409,valid,4710,True
Cc1cc(CC=O)n[nH]1,4.43720006942749,train,4711,True
N#CC12CCC1(N)CN2,4.31220006942749,train,4712,True
CC1CC(C=O)C1C=O,4.582900047302246,train,4713,True
CC1(C2C3CC2O3)CO1,1.944200038909912,train,-1,False
C1C2C3C2C2(CC2)N13,1.6129000186920166,train,-1,False
N#CC12NC1CCC2N,2.849299907684326,train,4714,True
Cc1nonc1C#N,2.94569993019104,train,4715,True
O=C1NC2CC2C12CO2,4.396200180053711,train,4716,True
O=C1CNc2cnnn21,6.485899925231934,train,4717,True
CC1(C2CC2C=O)CO1,4.314700126647949,train,4718,True
N#CC1CC=CCC1=O,3.509000062942505,train,4719,True
CC12OCC13C=CC2O3,0.3188999891281128,train,4720,True
CN=c1cc(N)nn[nH]1,1.4428999423980713,valid,-1,False
COc1cn[nH]c(=N)n1,2.774600028991699,train,-1,False
C#CC12CC1(N)C(=O)N2,2.0866000652313232,train,4721,True
CCOC1=NCC2CC12,0.962499976158142,train,-1,False
CN=CN1C(=O)CC1C,4.868599891662598,test,4722,True
OCC12CC3C4C(C41)N32,2.724299907684326,train,-1,False
OCC12OC3=NCC1C32,2.988300085067749,train,4723,True
C#CC(=O)NCC(C)O,3.504600048065185,train,4724,True
CC12CCC(C#N)C1N2,4.559999942779541,train,4725,True
O=CC1C2C(O)C(=O)N12,4.315299987792969,train,4726,True
CC(C)(C)CCOC=O,4.333899974822998,train,4727,True
C1OC2(C3CN3)CC1C2,0.5443000197410583,train,4728,True
CC1(C)CC2C1N2C=O,3.71370005607605,train,4729,True
CC(=O)CCC(O)C#N,4.512599945068359,train,4730,True
C#CC12CC3C(C1)N3C2,1.2181999683380127,train,-1,False
C#CC(C#C)COC,1.3535000085830688,train,4731,True
CC1C2OC3C(O)C3C12,1.82669997215271,train,4732,True
COC(=O)C1(C#N)CN1,3.926899909973145,train,4733,True
CCC1=CCC(C)OC1,1.1411999464035034,train,4734,True
CCOC(C)(C=O)CO,2.790299892425537,valid,4735,True
CC12CC3C4CC(C41)C32,0.1406999975442886,test,4736,True
N=C(C=O)N1CC=CC1,3.550299882888794,train,4737,True
CC1=CC2OC(C1)C2=O,2.63759994506836,valid,4738,True
CC12CC1(O)CC2CO,0.5426999926567078,train,4739,True
CCCC1(O)C2CC1O2,1.7127000093460083,train,-1,False
CCOc1ncc(N)o1,1.291700005531311,train,4740,True
CCc1nc[nH]c1OC,3.5415000915527344,train,4741,True
C#CC#CCC1CC1C,1.4829000234603882,train,4742,True
NC(=O)NC1CC1CO,3.5239999294281006,test,4743,True
Nc1c(O)ocnc1=O,5.512499809265137,train,4744,True
N=C1C=C2CCOC2O1,3.690000057220459,train,-1,False
O=C1CN2C1C21COC1,1.1481000185012815,train,-1,False
N#CC12CC(=O)C(C1)N2,2.702699899673462,train,4745,True
CC1=C2CCC2OC1,1.654099941253662,valid,4746,True
CC1(C=O)CC2(CC2)C1,2.743299961090088,train,4747,True
CC1(C=O)C=CNC1=O,3.33240008354187,train,4748,True
CCC(=O)C(CO)CO,1.8442000150680544,train,4749,True
CC(=O)c1coc(=O)[nH]1,4.242899894714356,train,4750,True
O=C1C2C=CC3C(C2)C13,3.209399938583374,train,4751,True
CC1(C)CCCC12CO2,1.6864999532699585,train,4752,True
CC1C2N1CC2(O)C#N,1.54830002784729,train,-1,False
CNc1ccnc(O)c1,3.202199935913086,train,4753,True
N=COC1COCCO1,3.408600091934204,test,4754,True
Cc1onc2onnc12,4.413000106811523,train,4755,True
CCOCC(=O)C(C)C,2.200599908828736,train,4756,True
CC(C)(O)C(=O)C=O,1.142199993133545,train,4757,True
CC#CC1CC1CC#N,4.188300132751465,train,4758,True
CC(CCO)CN1CC1,0.9925000071525574,train,-1,False
C1=CC2OC1CN1CC21,0.8704000115394592,train,-1,False
CC1OC=NC12COC2,2.324700117111206,train,-1,False
CC1C2CC3CC1C32O,1.174399971961975,train,4759,True
CCc1oc(=O)oc1N,4.591000080108643,train,4760,True
CC1CCCC2(CC2)C1,0.1554999947547912,train,4761,True
CCC(O)C1C(O)C1O,2.318300008773804,valid,4762,True
O=C1NCC2CC12O,3.453700065612793,train,4763,True
COC(CC#N)C(N)=O,1.7700999975204468,test,4764,True
N=COC1CC2COC21,4.018199920654297,train,-1,False
CC#CC1=CC2NC2C1,1.304800033569336,train,4765,True
CC1CC23COC2CN13,2.5009000301361084,train,-1,False
CC12C3OC3C1(C)C2O,0.8044000267982483,train,4766,True
C#CC1C2CC(C)N12,1.464400053024292,train,-1,False
O=CCC12OC1C1CC12,1.871899962425232,test,4767,True
CC12CC3C(O1)C3(C)C2,1.3558000326156616,train,4768,True
CCC#CCN(C)C=O,4.022900104522705,test,4769,True
CC1NC1C(O)CO,3.2225000858306885,train,4770,True
CC(O)COC1CC1C,1.5997999906539917,train,4771,True
N#CC12CC1C1CC1N2,4.946000099182129,train,4772,True
N=c1ncn2c(n1)CC2,7.134600162506104,train,-1,False
C#CC12NC1CC=C2C,1.1105999946594238,train,4773,True
CCC[NH+](C)CC(=O)[O-],5.282800197601318,train,-1,False
CC1CC2OCC12CO,2.066499948501587,train,4774,True
CC(O)C1(CO)CC1,1.5200999975204468,test,4775,True
CC1=CC2CC1NC2=O,3.919500112533569,train,4776,True
O=C1CC2CCC(C1)C2,2.983099937438965,train,4777,True
O=C1OCC1C(O)CO,2.766900062561035,test,4778,True
C1=NCC=C2CCC2O1,2.1370999813079834,train,4779,True
CC1C2CC3(CO3)C12C,1.8590999841690063,train,4780,True
CCCC1C(C)C1CO,1.2547999620437622,train,4781,True
CC1C2CC3CC3C12O,1.1699999570846558,train,4782,True
Cc1nc(C)c(CO)[nH]1,3.5316998958587646,test,4783,True
CN=C(NC)NC=O,2.033499956130981,train,4784,True
NC(=O)C(O)CC1CC1,3.951499938964844,valid,4785,True
CCCOCC(=O)C=O,1.7512999773025513,train,4786,True
CC1CC=CC1N1CC1,1.0887999534606934,train,-1,False
NC1=CC(=O)COC1,5.539500236511231,train,4787,True
C#Cc1cc(C)cn1C,1.7308000326156616,train,4788,True
CC1CC2(O)CCC12,1.185099959373474,valid,4789,True
CN1C(=O)C(O)C1C=O,3.737600088119507,train,4790,True
CC(=O)C(=O)COC=O,4.127200126647949,test,4791,True
CC(O)CC(C)CO,2.00219988822937,valid,4792,True
CN=C(N)c1cn[nH]n1,2.766200065612793,train,4793,True
OCCOCC1CN1,2.6085000038146973,train,4794,True
N#CC12CCC1(CO)C2,3.82669997215271,train,4795,True
CC12C=CC(=O)CC1O2,3.824399948120117,train,4796,True
CC12C3=CCC1(O)C2C3,1.5371999740600586,test,-1,False
CCC(O)(C=O)C1CO1,3.8622000217437744,train,4797,True
C#CCNC(=N)NC=O,2.7920000553131104,train,4798,True
C1=CCC(CC2CC2)C1,0.1014999970793724,train,4799,True
CCC1C2C(=O)N(C)C12,3.625400066375733,train,4800,True
CC(=NO)C1=CCCC1,0.4489000141620636,train,4801,True
Oc1noc2c1CC=C2,2.63700008392334,train,4802,True
CNc1nocc1N,3.792099952697754,valid,4803,True
N=c1ncc(F)c(N)o1,4.430200099945068,train,-1,False
CC1CC2OC1OC2C,1.5440000295639038,train,4804,True
CCC(C)(C#N)OC=O,4.161900043487549,train,4805,True
CC1CC2(CO2)C2OC12,3.1981000900268555,valid,4806,True
O=CC1C(O)CN2CC12,2.24180006980896,valid,-1,False
CC1=C(C=O)C2CC1O2,4.13070011138916,train,4807,True
CC(C)COCC(C)O,1.60889995098114,test,4808,True
O=C1NCC=C1CCO,3.759900093078613,train,4809,True
CN(C)c1nc(O)n[nH]1,4.72130012512207,train,4810,True
CC1=CC2CC2C1O,1.423200011253357,valid,4811,True
CC1(C)C2OC3C1C32O,0.9064000248908995,train,4812,True
Nc1oc(=O)oc1N,5.22599983215332,train,4813,True
OCC12CC(CC1O)C2,3.1830999851226807,train,4814,True
CCCC(C)(C)CC=O,2.698899984359741,train,4815,True
CCC1C(=O)OCC1O,4.957399845123291,train,4816,True
CN1C2COCC1C2O,1.7381999492645264,test,4817,True
C#Cc1c[nH]nc1CO,3.791100025177002,train,4818,True
CC12CN1CC=CC2=O,3.127700090408325,train,4819,True
CC12CC3CC1(C)C32,0.3334999978542328,test,4820,True
C#CC1CC(C2CC2)C1,0.8568999767303467,train,4821,True
C#CCC(C#N)NC,4.011799812316895,train,4822,True
NC(=O)C1C2C(=O)CN12,3.2332000732421875,train,-1,False
CC1COC1C1CN1C,2.4463999271392822,train,-1,False
NC(=O)NC(=O)CC=O,4.755899906158447,valid,4823,True
CC(=O)C12C3CC1C2C3,2.88129997253418,valid,4824,True
COC(=N)CC(=O)CO,2.6965999603271484,train,4825,True
C#CC12COC3C1CC32,1.1341999769210815,train,4826,True
O=CC12C=CC(O)(C1)C2,2.767199993133545,train,4827,True
CC12C3CC1(CO)CN32,3.102499961853028,test,-1,False
CC12C(C=O)NC1C2O,4.114299774169922,train,4828,True
CN=c1cncc(C)o1,1.3997000455856323,train,-1,False
CC(O)C12CC1OC=N2,1.243299961090088,train,-1,False
COC1C(=O)N2CC12,2.914400100708008,train,4829,True
OCC(O)C1=NCCO1,3.768599987030029,train,4830,True
CNc1occ(C)c1C,1.4247000217437744,train,4831,True
CC1(c2ccoc2)CO1,1.4255000352859497,train,4832,True
CC1=NCC(C#N)CO1,3.131799936294556,train,4833,True
O=C1CN2CC(C2)C1O,1.8307000398635864,train,-1,False
Cc1cnc(N)c(C)n1,1.6549999713897705,test,4834,True
CC1(C)C2CC1C21CC1,0.0734999999403953,train,4835,True
CC1Cc2n[nH]c(=O)n21,3.8429999351501465,train,4836,True
CCCC1(CO)CC1C,1.37090003490448,train,4837,True
CC1(C#N)C2CCC1C2,3.95959997177124,train,4838,True
O=CCCC1C=CCC1,2.9289000034332275,train,4839,True
CC1CC1C(N)=O,3.346699953079224,train,4840,True
N#CC1CCOC1C=O,4.6579999923706055,train,4841,True
CN=C1OC(C=O)C1O,2.640899896621704,train,4842,True
CC(C)(C)C(C#N)C#N,4.509099960327148,train,4843,True
CCNC(=O)C#CC=O,3.7695000171661377,train,4844,True
Cc1c[nH]cn1,3.31469988822937,train,4845,True
C#CC(CC)C1CC1,0.6202999949455261,train,4846,True
CC1CC2(C)OC2CO1,2.4451000690460205,train,4847,True
N#CCc1cnccn1,3.7469000816345215,train,4848,True
C#CC1(C#C)CC1(C)O,2.263999938964844,train,4849,True
CCC(C)c1cn[nH]n1,0.5648000240325928,valid,4850,True
C1C2C3C4C1N2C34,1.7755999565124512,train,-1,False
CC1C(C)C1CCC=O,2.8589000701904297,train,4851,True
CCOC1=NCC(=O)N1,3.4867000579833984,train,4852,True
CC(C(O)C#N)C1CC1,3.5927000045776367,train,4853,True
O=C1C=Cc2ncoc21,1.7350000143051147,train,4854,True
CC12CN1C1CC12O,2.565200090408325,train,-1,False
CC1OC2CC12NC=O,2.99780011177063,train,4855,True
N=c1cccnc(=O)[nH]1,2.755199909210205,train,-1,False
CC1CC(=O)C(C=O)C1,2.883500099182129,train,4856,True
CCC#CC(CC)OC,1.3652000427246094,train,4857,True
CC1NC(=O)OCC1O,4.170700073242188,train,4858,True
COCC1(C(C)O)CC1,2.838399887084961,train,4859,True
CC1C2CC(C)(O)CN12,1.325899958610535,train,-1,False
C1C2OC1C2N1CC1,2.0922999382019043,train,-1,False
OC1CC12C=CC1CN12,0.7864000201225281,train,-1,False
CC1C2CC13N=COC23,1.5329999923706057,train,4860,True
C#CC#CC(=O)C#N,4.859000205993652,train,4861,True
O=C(CO)c1cnoc1,4.24560022354126,train,4862,True
CC12C3C(O)C4C(C31)N42,1.8107999563217163,train,-1,False
COC1CCC12COC2,2.9179999828338623,train,4863,True
CC#CC(=O)OCC,2.354399919509888,train,4864,True
O=C1NCC12CCC2,3.4402999877929688,train,4865,True
O=C1NC2C(O)C2CO1,4.732500076293945,train,4866,True
O=C1CCCN2CC2C1,2.962899923324585,train,-1,False
OCCCC1C=CCO1,2.446899890899658,train,4867,True
N#CC12C3CC4C(C41)C32,4.710400104522705,train,4868,True
Nc1cc(=O)[nH]nc1N,5.251599788665772,test,4869,True
O=C1C=CC(=NO)C1,2.930500030517578,test,4870,True
C1=Cc2[nH]ccc2C1,1.458299994468689,train,4871,True
CC1C(=O)OC2C(O)C12,3.86929988861084,train,4872,True
O=CNc1ccn[nH]1,4.16510009765625,train,4873,True
CCCc1[nH]ccc1N,1.4644999504089355,train,4874,True
CC(=O)C#CC#N,3.611799955368042,train,4875,True
CC1=NC2CC2(O)CO1,1.385800004005432,train,4876,True
C#CC(C#N)NC=NC,3.991499900817871,train,4877,True
CC(=O)NC12COC1C2,3.4479000568389893,train,4878,True
O=C1NC=C2CCC2N1,3.366499900817871,test,4879,True
NC(=O)CC1=CCOC1,3.2114999294281006,train,4880,True
N#CC1(O)CC2CC21O,3.723000049591065,train,4881,True
C1C2N1C1(CC1)C21CN1,2.1280999183654785,train,-1,False
CNC(=O)C1CC2OC21,3.078200101852417,train,4882,True
CC1C=CC(C(C)C)C1,0.134100005030632,train,4883,True
CC(CO)C1C(O)C1O,1.9921000003814695,test,4884,True
Nc1cc(=O)cco1,5.385900020599365,train,4885,True
CCN1CC2(O)C(C)C12,1.9881000518798828,train,-1,False
CC12CC1N1CC12C#N,4.5528998374938965,train,-1,False
CCCC#CC(C)CO,1.5120999813079834,train,4886,True
COC1C2COC1OC2,2.015000104904175,train,4887,True
O=CC1=CCNCC1=O,4.729599952697754,train,4888,True
CC1CC(O)C12CC2C,1.548699975013733,valid,4889,True
CC1(C(=O)NC=O)CC1,5.764599800109863,test,4890,True
N#CC(O)C(N)CCO,6.063700199127197,train,4891,True
O=COC12CC3C1CC32,4.065299987792969,train,4892,True
CC1=CC2(C)C(O)C2C1,1.7872999906539917,test,4893,True
OC1CC1N1C2CCC21,3.047100067138672,train,-1,False
C1CC2C3CC1COC23,1.3248000144958496,train,4894,True
OC12COC3(CCC13)C2,0.9976999759674072,train,4895,True
N1C2C3OC2C13,1.4436999559402466,train,-1,False
O=C1CC2(CO2)C12CN2,0.7695000171661377,train,4896,True
CC1C(=NO)C2NC12C,2.234100103378296,valid,4897,True
CN(C)c1nccnn1,2.479700088500977,train,4898,True
CC1OCC1C#CC#N,4.1402997970581055,train,4899,True
CC12OCC3C1N3C2=O,3.7632999420166016,train,4900,True
COCC(=O)CC1CO1,3.231300115585327,train,4901,True
C1=CC2CC=CC2OC1,1.2352999448776243,test,4902,True
CC(=O)c1c[nH]nc1C,4.3094000816345215,train,4903,True
Nc1oncc1N1CC1,3.44350004196167,train,4904,True
N#CC1C(O)C12CCO2,2.797499895095825,test,4905,True
CC12C=CC(O1)C1NC12,1.5858999490737915,train,4906,True
Nc1cc(F)nc(F)n1,4.989699840545654,valid,4907,True
CC1C2CC3OC2(C)C31,1.6208000183105469,train,4908,True
C#CC12CC(=O)C1(O)C2,1.989400029182434,train,4909,True
C1=C2C(CC23CN3)OC1,2.1803998947143555,train,4910,True
CC1(C#N)CC12CCC2,4.279799938201904,valid,4911,True
O=C1OC2CCN3C1C23,3.9065001010894775,train,-1,False
CCC(O)(C=O)COC,2.365600109100342,train,4912,True
C1CC23CC(O2)C3CO1,1.700600028038025,train,-1,False
CCOC1C=CC(=O)C1,3.982700109481812,train,4913,True
C#CC12CC1(CC)CO2,2.2251999378204346,train,4914,True
N=COC12CC1OC2=O,3.767299890518189,valid,-1,False
C#CCCC1OC1(C)C,1.8799999952316284,train,4915,True
CC(C)(O)C1(C=O)CO1,1.4890999794006348,train,4916,True
OC12C=CCCC1CC2,1.1518000364303589,train,4917,True
CC1(O)C(C#N)C1CO,3.4851999282836914,train,4918,True
CC1CC1(C)C,0.0962999984622001,train,4919,True
CN(C)C(C)(C#N)CN,3.653300046920776,valid,4920,True
CC1C=CC2(COC2)C1,2.052999973297119,train,4921,True
C1C2C3CC1C31COC21,1.8559000492095947,test,4922,True
NC(=O)CC12CCC1C2,3.5957999229431152,train,4923,True
NC(=O)NC(CO)CO,1.3109999895095823,test,4924,True
C#CC1CC=CC1,0.6744999885559082,train,4925,True
CC1OCC2OCC12,2.1903998851776123,test,4926,True
NC(C1CC1)C(F)(F)F,0.958299994468689,train,4927,True
CC1(C(=O)[O-])CNC1=[NH2+],8.357799530029297,train,4928,True
OCC1CCC2CCC12,1.2339999675750732,train,4929,True
N#CC1NCC2COC21,5.910699844360352,train,4930,True
Cn1c(CO)c[nH]c1=O,2.523900032043457,train,4931,True
COC(=O)C(C)C=O,2.6630001068115234,train,4932,True
Cc1cc(N)[nH]c(=O)n1,7.358399868011475,train,4933,True
N=C1NCC(=O)C12CO2,4.254700183868408,train,4934,True
N#CC(=N)OCC(N)=O,5.82889986038208,train,4935,True
CC(=O)OCC(=O)C=O,2.3977999687194824,train,4936,True
CN1CC1(C)C(N)C#N,3.661400079727173,train,-1,False
C#CC(C#N)COCC,3.155800104141236,train,4937,True
COC1CCC2OCC12,2.246400117874145,train,4938,True
OCC(O)C1OC2CC21,1.4854999780654907,train,4939,True
O=c1cccncc1,2.645699977874756,train,4940,True
C1CC1C1OCC12CC2,1.6450999975204468,train,4941,True
CCCC12C=CC(C1)O2,1.5461000204086304,train,4942,True
C#CC12CN3CC(N1)C32,1.0037000179290771,train,-1,False
CC1(C)NC1(C#N)CN,4.182300090789795,train,4943,True
CNC1C(C#N)C1OC,4.20989990234375,train,4944,True
CC12CCC1C1CC2C1,0.1023999974131584,train,4945,True
CN1CC(=O)C1CCO,2.7362000942230225,valid,-1,False
CC(=N)OCC(F)(F)F,0.2937999963760376,train,4946,True
C1OC23CCC2(C3)O1,1.1527999639511108,train,4947,True
CC1CC1C1OCC1=O,0.8403000235557556,train,4948,True
O=C1NC2CC2(O)C1O,2.57229995727539,train,4949,True
CCC1C(C)C1C(C)C,0.0997999981045723,train,4950,True
COC1COC(C)OC1,2.2855000495910645,valid,4951,True
O=CN1C2C=CC(=O)C21,2.1243999004364014,train,4952,True
N=c1[nH]nnn1CCO,2.910799980163574,test,-1,False
O=C(CC1CC1)N1CC1,2.699399948120117,train,4953,True
CCC(=O)CO,3.839999914169312,test,4954,True
C1CC2COCC(O1)O2,1.3443000316619873,train,4955,True
CC1OCOC2C(O)C12,2.4154999256134038,train,4956,True
CC1=CCCC12CC2,0.1583999991416931,valid,4957,True
Nc1cncc(F)c1N,3.481300115585327,train,4958,True
N#CCn1cccc1,3.231600046157837,train,4959,True
N#CC(=O)OCCC=O,2.269700050354004,train,4960,True
CC1(O)C2CC13CCN23,2.1435999870300293,train,-1,False
CC1C=CC(OC=O)C1,4.422500133514404,test,4961,True
COCCOCCC=O,2.775399923324585,train,4962,True
O=C1OC=NC2CC12O,1.669800043106079,train,4963,True
C#CC1C(CO)N1C=O,3.926399946212769,valid,4964,True
CC#CCOCC,0.7785000205039978,train,4965,True
C#CC(C=O)CCO,1.138399958610535,train,4966,True
C1=CC23OCC24NC3C14,1.3535000085830688,train,4967,True
CC(=O)Cc1cnno1,5.199900150299072,test,4968,True
CN(C=O)CC(=O)C#N,2.365299940109253,train,4969,True
CCCCCC(O)C=O,2.2146999835968018,train,4970,True
CC12OC3(CO)C1OC23,1.7625000476837158,train,4971,True
CC1OC2C(C)C2C1C,1.3162000179290771,train,4972,True
CCCc1cncnc1,2.8092000484466557,test,4973,True
O=CCC1OCCCO1,4.036399841308594,train,4974,True
O=C1CCC2OC2CO1,2.694099903106689,train,4975,True
Cc1c[nH]c2c1COC2,2.6321001052856445,train,4976,True
C#CC(O)COC,1.830199956893921,valid,4977,True
OC1(C23CCC2C3)CC1,1.2687000036239624,train,4978,True
OCC1N2CC2C12CC2,2.469000101089477,test,-1,False
C#CC1=CCOCC1C,0.8004000186920166,train,4979,True
Nc1cn2ccnc2o1,5.09149980545044,train,-1,False
CNc1nnn(C)n1,2.349900007247925,train,4980,True
CCC(C)OC1CC1,0.9785000085830688,train,4981,True
CC1(C)CC1CCCO,1.3935999870300293,train,4982,True
OC12CC3CC(O3)C1C2,2.75570011138916,train,4983,True
CCNc1nc(O)no1,4.841800212860107,test,4984,True
CC1C2C3N2C1C31CC1,1.7421000003814695,train,-1,False
NC(=O)CC1CC2NC12,2.5840001106262207,test,4985,True
OC1CC12CC1CC12,1.4953999519348145,train,4986,True
CC1(C2C3CCN32)CN1,1.9593000411987305,test,-1,False
CC1C(=NO)C2C(O)C12,1.2245999574661257,test,4987,True
CC1C(C#N)OC1CO,3.8410000801086426,train,4988,True
CC12CCC1(C=O)O2,2.9482998847961426,train,4989,True
CC1CC2C=CC1C2O,1.5312000513076782,train,4990,True
O=CCCC(=O)C=O,1.973199963569641,train,4991,True
C1=CC2CC23CCC1C3,0.2687000036239624,train,4992,True
CC12CC3COC1C32,1.5921000242233276,train,4993,True
OCCOc1nc[nH]n1,3.9184000492095943,train,4994,True
C#Cc1[nH]c(O)cc1C,1.8301000595092771,test,4995,True
Oc1cnc(F)c(F)n1,2.1549999713897705,train,4996,True
C1CC2(N3CC3)CC12,1.1991000175476074,train,4997,True
CC1C(=O)C2C(O)C12O,3.702199935913086,train,4998,True
CCC1CCC1(C)C#N,4.167500019073486,train,4999,True
CC(O)C(O)CC1CN1,1.813599944114685,test,5000,True
O=COCC1NCC1=O,2.9042000770568848,train,5001,True
C1OC2C1C1C3OC2C31,3.104099988937378,train,5002,True
N#CC1C(=O)C2CC12,5.052199840545654,train,5003,True
C1CCC23CC(C2)C3C1,0.3456000089645386,train,5004,True
CC1C2N3CC2(C3)N1C,1.721400022506714,valid,-1,False
O=C1CC2C3CC12CO3,1.8008999824523926,train,5005,True
CC12C3CC4N=C3N1C42,3.232899904251098,train,-1,False
OC(C1CO1)C1(O)CC1,1.6643999814987185,train,5006,True
CC(=N[O-])c1[nH]cc[nH+]1,7.713600158691406,train,5007,True
CC1(C#N)OC2CC21N,3.700500011444092,valid,5008,True
c1nc(N2CC2)no1,1.7532000541687012,train,5009,True
C1C2CC3C1CC3O2,1.5327999591827393,train,5010,True
CC1OCCNC1C=O,3.307499885559082,test,5011,True
CC1C(=N)OC1C1CO1,3.2955000400543213,valid,-1,False
CC(C#N)OCC1CN1,5.379300117492676,train,5012,True
C#CC(C)C(C#N)OC,3.40310001373291,train,5013,True
CC(C)C(=O)OC1CC1,1.7623000144958496,test,5014,True
COc1nccnc1O,0.4964999854564667,train,5015,True
CCC(C)C(C=O)OC,1.8633999824523928,train,5016,True
CC1C2OCC12N1CC1,1.7418999671936035,train,-1,False
C#CC12C3CC1CC2C3,0.7081000208854675,train,5017,True
O=C1OC2CC12O,4.027999877929688,test,5018,True
CC1(C)C2C3COC2C31,1.5857000350952148,train,5019,True
CC1C(C)C1C(O)CO,2.6226999759674072,train,5020,True
C1=C2C3CC4C(C1)C2C34,0.8848000168800354,train,-1,False
CCC1CN2C(C=O)C12,2.1196999549865723,test,-1,False
Cn1cnc2c1CCN2,3.724400043487549,train,5021,True
O=C1CCCC(=O)C1O,4.677299976348877,train,5022,True
N=c1cnoccc1=O,2.658600091934204,test,-1,False
CC#CCOC(C)CO,2.285900115966797,train,5023,True
Nc1nc2c[nH]cc2o1,1.7378000020980835,train,5024,True
COC1(CO)CNC1=N,3.6175999641418457,train,5025,True
N=C1CC(C2CCC2)O1,3.007499933242798,valid,-1,False
CC1N2C3CC2C1(O)C3,2.031399965286255,valid,-1,False
OC1C2(O)C3NC2C13O,0.8104000091552734,train,5026,True
O=CC(O)C1(C=O)CN1,3.59879994392395,test,5027,True
CC1C2C3C4C3N1C24,1.5283000469207764,train,-1,False
CC1=C(C=O)CCCN1,5.892099857330322,train,5028,True
Cc1cc(C#N)co1,4.655099868774414,train,5029,True
N=C1OC2CC1C21CN1,4.089600086212158,test,-1,False
CCc1[nH]cnc1CO,3.7723000049591056,train,5030,True
CCCC(=N)NC=O,4.472099781036377,train,5031,True
N#CC1C(O)C1C1CO1,4.685299873352051,train,5032,True
C#CC(=O)C(C)(C)C,2.748800039291382,train,5033,True
CCCNC(C)(C)C#N,4.293099880218506,valid,5034,True
Cn1ncnc(N)c1=N,2.214099884033203,train,-1,False
Oc1cnccn1,1.392300009727478,train,5035,True
CC(=O)c1cc(N)c[nH]1,4.41480016708374,train,5036,True
N=c1ccc(F)c(O)o1,1.482699990272522,train,5037,True
C1=NC2CCCN=C2N1,0.7394999861717224,valid,-1,False
CCC#CC#CC=O,4.85890007019043,train,5038,True
CN=C1CC(C)N1C=O,3.8417000770568848,train,5039,True
N#CC12C3CC1N2C3=N,4.0,train,-1,False
CC1OC1C(C)(O)C#N,3.689899921417236,train,5040,True
CC12CC1n1nncc12,5.457699775695801,train,5041,True
CC(O)Cc1ccc[nH]1,2.523900032043457,train,5042,True
Nc1[nH]nc(C=O)c1N,6.577000141143799,valid,5043,True
N=C1OC2C1C21CCC1,2.9428999423980717,train,-1,False
C#CC1C2C(O)CN12,1.884600043296814,train,-1,False
Cn1cc(N)c(=O)nn1,7.309599876403809,train,5044,True
NC1=NCc2nocc21,3.6728999614715576,train,5045,True
CC1CCC(C=O)C1=O,2.7504000663757324,train,5046,True
OC1C2CCC2C2OC12,1.9524999856948853,train,5047,True
CC(C)C12CCC1C2,0.3355000019073486,train,5048,True
O=CNCc1ccco1,3.3046000003814697,train,5049,True
CC1COC2CC12O,2.340399980545044,train,5050,True
CC(=O)C12C3CC1N2C3,2.384000062942505,train,-1,False
C#CC(=O)C1COC1C,3.4033000469207764,train,5051,True
N#CCc1cncnc1,3.358799934387207,train,5052,True
CC12C3C4C(C41O)C32O,1.1405999660491943,train,5053,True
N#CCCOCCO,2.582900047302246,train,5054,True
CCN1CC12CC1OC12,2.454200029373169,train,-1,False
COC(=N)C(C=O)CO,2.376699924468994,train,5055,True
CC1C2(C)CN3C2C13C,1.79229998588562,train,5056,True
CCC(C=O)C1(C)CO1,2.341900110244751,train,5057,True
OC1CC2CCCC=C12,1.2506999969482422,valid,5058,True
CC(=O)OCC(C)C#N,4.433000087738037,train,5059,True
C1OC2C3C1N3C21CC1,0.4713000059127807,train,-1,False
CCC#CC(C)(C)C=O,2.807499885559082,train,5060,True
CC1CC1c1nn[nH]n1,1.7424999475479126,valid,5061,True
CC1CC2CC1C(=O)N2,3.771600008010864,train,5062,True
CC1NC(=O)C2C1N2C,3.944700002670288,train,-1,False
C#CC1(C)CN1CC=O,2.572499990463257,train,5063,True
CCC1C2(C)COC12C,1.6448999643325806,train,5064,True
CC(=O)C1(C)COC1C,2.439500093460083,train,5065,True
N=C1C2C3CC(=O)N1C32,4.169400215148926,train,5066,True
CN(C)C12C3CC1C2O3,2.010699987411499,valid,-1,False
CCC1(C)CC2CC21,0.2003999948501587,test,5067,True
CC12NC1CC21CCC1,1.6633000373840332,train,5068,True
N=COCC1OCC1=O,3.200500011444092,train,5069,True
C#CC1(C)OCC(=N)O1,2.0729000568389893,train,5070,True
CC1C2OC1C1(O)CC21,2.7583999633789062,train,5071,True
O=C1CN=COC1CO,1.5068000555038452,train,5072,True
Nc1occ2onnc12,4.758500099182129,train,5073,True
N#CC(CO)C(N)CO,3.805399894714356,valid,5074,True
C#CC12CCC3C1CC32,0.7225000262260437,train,5075,True
OCC1COCC1O,2.52239990234375,valid,5076,True
C#CCc1c[nH]cc1O,2.218300104141236,train,5077,True
COC1C2CC3CN2C31,1.1309000253677368,train,-1,False
CCc1oncc1N,3.865299940109253,test,5078,True
O=CC12CC3=CCC1C32,2.170799970626831,train,5079,True
C#CCC1(CCC)CC1,0.557200014591217,train,5080,True
CC(O)C1NC1C1CN1,1.972499966621399,train,5081,True
N#CCc1nccnn1,4.104800224304199,train,5082,True
N=c1cc(F)[nH]cn1,5.318399906158447,train,-1,False
CC1C=CC2(C#N)NC12,3.672100067138672,train,5083,True
CCC1C(O)C(=O)N1C,2.786600112915039,train,5084,True
CNC1(C#N)CC(=O)C1,2.8633999824523926,train,5085,True
C1=CC2CN=COC2C1,2.164099931716919,train,5086,True
C#CC12OC3C1CC32C,1.9924999475479128,train,-1,False
CNC1=CC(=O)COC1,6.042300224304199,train,5087,True
OCC12NCC1(O)C2O,3.829499959945679,train,5088,True
N#CC1NCCCC1N,3.803499937057495,train,5089,True
CCC(=O)N1CC1C#N,5.33650016784668,valid,5090,True
O=C1CCN1CCO,3.5799999237060547,train,5091,True
CNC1=CC(=O)CNC1,6.158999919891357,train,5092,True
CCN=CNC(=N)C#N,2.432800054550171,train,5093,True
CC1C2OC2(C)C1(C)O,1.6660000085830688,train,5094,True
C#CCC12C3CN1CC32,1.218400001525879,train,-1,False
CC12C3CN1C2C31CO1,2.778899908065796,valid,-1,False
CCc1coc(C)n1,0.948199987411499,train,5095,True
CN1C(=O)C2C3NC3C21,4.732500076293945,train,5096,True
CCN=C(C#N)NCC,3.108799934387207,train,5097,True
N#CCNC1CC(=O)C1,1.9759000539779663,train,5098,True
CCCCC(=O)NC=N,1.7323999404907229,train,5099,True
N#CCNC1(CO)CC1,4.914400100708008,train,5100,True
CC1NC1C1C(C)N1C,2.572000026702881,train,-1,False
CC1C(C)(O)C1(O)CO,1.9000999927520752,train,5101,True
CC(C)C(O)C(C)(C)C,1.4383000135421753,train,5102,True
OCC1CC12CC=CC2,1.3727999925613403,test,5103,True
O=C(CO)N1C=NCC1,2.2516000270843506,train,5104,True
[NH3+]CCC(=O)[O-],14.880900382995604,train,5105,True
CC1C(=N)OCC12CO2,3.353800058364868,train,-1,False
O=CC1CN(CCO)C1,2.196700096130371,valid,5106,True
CC12CC3OCC3(C1)O2,2.6540000438690186,train,5107,True
CC1C(O)CC12COC2,2.1466000080108643,train,5108,True
CC1COC(C)(C)C1C,1.520900011062622,train,5109,True
c1cc2cnnoc-2c1,2.916399955749512,valid,5110,True
CC1OCC1CO,2.1842000484466557,train,5111,True
CN=C1OC2C(O)C12N,1.1394000053405762,train,-1,False
OC1C=CC2CC1C2,1.6765999794006348,train,5112,True
CC1C2(CC2)C2OC12C,1.779099941253662,train,5113,True
CC(=O)COCCO,2.931999921798706,train,5114,True
CN(C=O)CC(=O)CO,3.725500106811523,train,5115,True
ON=C1CCCCC1,0.9135000109672546,train,5116,True
CC1COCC2CC12O,2.0657999515533447,train,5117,True
COC1C=CCC12CC2,0.9279000163078308,train,5118,True
CC12COC1C(=O)C2,3.842400074005127,valid,5119,True
CC1OC(C=O)C1C=O,3.039499998092652,train,5120,True
C1C2OC3C4CC3(O4)C12,1.3595000505447388,train,-1,False
CCC12CC1CN1CC12,1.490399956703186,train,-1,False
OC12CC3C1C1CN3C12,0.479200005531311,valid,-1,False
Cc1ccc(O)[nH]c1=O,3.0975000858306885,train,5121,True
C1=CC2OCC=C2C1,1.6985000371932983,train,5122,True
C#CC1CC2(C)CN12,1.8866000175476076,train,-1,False
N#CC1(O)C2OC(=N)C21,3.432699918746948,train,5123,True
CC1N=C(N)NC1C#N,4.012199878692627,train,5124,True
CC12[NH2+]CC1C2C(=O)[O-],6.6605000495910645,train,-1,False
CC1OCC1C1(C)CC1,1.7222000360488892,train,5125,True
O=CC1(C=O)OCCO1,3.349900007247925,train,5126,True
CCC(=O)C(C)COC,1.5807000398635864,train,5127,True
CCC1=CCC(O)CC1,1.2828999757766724,valid,5128,True
C#CC12OC1(C)C1OC12,0.5662999749183655,train,5129,True
CCC1C(=O)CC1O,3.27239990234375,test,5130,True
OCC1CCOC2CC12,1.9799000024795528,train,5131,True
CCOC1(C2CC2)CC1,1.0163999795913696,test,5132,True
CC1N2CC(O)C1(O)C2,2.436500072479248,train,-1,False
Cn1cc(F)ncc1=N,2.086400032043457,train,-1,False
CC(=O)C(C)(C)CCO,3.737799882888794,train,5133,True
Cc1c(N)ccoc1=O,6.009300231933594,test,5134,True
O=C1NC2(CO)CC2O1,5.492300033569336,train,5135,True
CC(C)(CO)C1CC1O,2.29040002822876,train,5136,True
C#CC1CN=CO1,1.4018000364303589,train,5137,True
CC1(O)CC(O)CC1O,1.3925000429153442,train,5138,True
CC12C3C=CC1C2C3O,0.9047999978065492,train,5139,True
OC1COC2C3CC12O3,0.9735999703407288,train,-1,False
CC1NC1(C)COC=O,4.417099952697754,train,5140,True
Cc1coc(N)c1N,0.9711999893188475,train,5141,True
CCC1CCOCO1,1.7359000444412231,train,5142,True
CCC(CC)(CO)CO,0.3127000033855438,train,5143,True
O=CNC1=NC2CC2C1,5.1128997802734375,valid,-1,False
CCn1c(O)noc1=N,3.226999998092652,test,-1,False
CN=c1nn[nH]nc1C,1.9211000204086304,valid,-1,False
CCC1(O)CNC1C#N,3.427000045776367,train,5144,True
NC(=O)C1CCC2CN21,2.6821000576019287,train,-1,False
C1CC2C1N=C1OCC12,3.526000022888184,train,-1,False
CN1C2COC(=O)C21,3.7155001163482666,train,5145,True
C1C2CN1c1n[nH]nc12,1.9423999786376955,test,5146,True
CC1OCC(=N)NC1=O,0.7250999808311462,train,5147,True
OC1C2C=CC1C21CN1,1.3138999938964844,train,5148,True
O=CCC1CN1C1CC1,2.283200025558472,train,-1,False
CC12CC3(O)C4C(C41)C23,1.3488999605178833,train,5149,True
OC12COC3COC1C32,1.1339000463485718,train,5150,True
CC1C=CC2(CC2)OC1,0.9937999844551086,train,5151,True
CC1CCN=COC1C,2.3782999515533447,test,5152,True
CNc1ocnc1C,2.6789000034332275,train,5153,True
CNC1(C#N)CC2OC21,3.1066999435424805,train,5154,True
CN1CC1c1cnco1,0.7649999856948853,train,5155,True
CC(O)(C#N)C(N)C#N,5.286399841308594,train,5156,True
CCn1cnnn1,5.836999893188477,train,5157,True
OCC1OC1CC1CO1,2.0971999168396,train,5158,True
C1CC12OC1C3OC2C31,1.985200047492981,train,5159,True
Cc1nc2cc[nH]c2o1,2.9772000312805176,train,5160,True
N=c1cn[nH]c(N)c1F,4.73859977722168,train,-1,False
CC(=O)OCC1(O)CC1,1.502400040626526,train,5161,True
CCC1CC2C=CCC21,0.1747999936342239,train,5162,True
NC1=[NH+]CCC1C(=O)[O-],6.8333001136779785,train,-1,False
C#Cc1cc(O)c(N)o1,1.6474000215530396,train,5163,True
CC1C=CCC1CC=O,2.7167000770568848,train,5164,True
C#CCC(=O)CCOC,1.7352999448776243,valid,5165,True
CC12CNC(=O)C(C1)O2,4.302599906921387,train,5166,True
CCC(=O)CC1(C)CN1,2.2818000316619877,train,5167,True
COc1cc(N)no1,1.9634000062942505,train,5168,True
O=C1OC23COC2CC13,2.4138998985290527,train,5169,True
CC12COC1CC1NC12,3.121000051498413,train,5170,True
CC1CC(C)C12OC2C,1.6858999729156494,train,5171,True
CC(=O)C(=N)N1CC1,2.200700044631958,train,5172,True
CCC1(C)CN2CC21C,1.7146999835968018,train,-1,False
C#CC(C)(C#N)N=CN,5.909299850463867,train,5173,True
CC1(C)CN2C(CO)C21,2.1222000122070312,train,-1,False
C1=NCC2(O1)C1CCC12,2.0443999767303467,train,-1,False
CCC1CC1C1CO1,1.6167000532150269,train,5174,True
CCC1(C)OC2COC21,1.1088000535964966,train,5175,True
CC1OCC2COC21C,2.0780999660491943,train,5176,True
CC(C)C[NH2+]CC(=O)[O-],5.374100208282471,train,-1,False
O=C1OC23CCC2C1C3,4.469299793243408,valid,5177,True
CC1OC1C1COC1=N,2.7751998901367188,test,-1,False
O=C1C=Cc2occc21,2.5964999198913574,valid,5178,True
C1CC2CCC(O1)OC2,1.9589999914169312,train,5179,True
CC1=CC2CCOC1C2,1.2556999921798706,train,5180,True
OCC1(CO)CC1,3.143899917602539,test,5181,True
N#CC12CNC1C(=N)N2,2.643199920654297,train,-1,False
COCC1CC2OCC12,1.7107000350952148,test,5182,True
N=CNC(=O)OC=N,2.5371999740600586,valid,-1,False
COCCN1CC1C#N,3.845099925994873,train,5183,True
CC1C(=O)N2C(C)CC12,3.4412999153137207,test,5184,True
C#CC(C)(C)CN1CC1,1.125,train,5185,True
C1CC2C1COC21CC1,1.3737000226974487,train,5186,True
CN(C=O)C1(C)CCC1,4.033599853515625,test,5187,True
CCC1CC(N)C(=O)O1,3.261399984359741,train,5188,True
CC1C(=O)CC1CCO,3.460099935531616,train,5189,True
COC=NC1CCC1C,2.8564999103546143,train,-1,False
COC12CC3CC(C1)C32,0.8974999785423279,train,5190,True
COC(C)(C#N)CN,4.172399997711182,train,5191,True
O=c1cccncc1O,2.666899919509888,train,5192,True
CC1OCC(C)(C=O)O1,2.340399980545044,train,5193,True
CN(C=[NH2+])[C-](C#N)C#N,10.589699745178224,train,-1,False
C#CC1CN1C(=O)OC,2.373600006103516,train,5194,True
ON=C1CC2(O)CC12,1.9293999671936035,train,5195,True
CNc1c[nH]c(O)c1C,0.862500011920929,train,5196,True
Cn1ccc2c1OCC2,0.8356000185012817,train,5197,True
CCc1cn(C)cn1,3.601599931716919,test,5198,True
COC1C=CCO1,0.8741999864578247,train,5199,True
OC1CC2OC3C1OC23,1.7371000051498413,train,5200,True
CC1CCCC(O)CC1,1.450899958610535,valid,5201,True
CCCC1N=COC1C,1.6132999658584597,train,-1,False
N#CCC(O)C#CCO,4.464200019836426,train,5202,True
CC(=O)NC(=N)CO,2.1452999114990234,train,5203,True
CN=C1C=CC(C)O1,2.861599922180176,train,5204,True
C1CC2CC2C2(C1)CC2,0.229200005531311,valid,5205,True
CCC(=O)N(C)C=N,1.9672000408172607,train,5206,True
N=C1OC2CC3C(O2)C13,3.211999893188477,train,-1,False
C#CC(O)(CC)C1CC1,1.6371999979019165,test,5207,True
Cc1ccccc(=O)n1,4.8850998878479,train,5208,True
CC#CC1C(CO)N1C,2.247999906539917,train,5209,True
C1=CC23COC2(C1)CN3,2.427999973297119,train,5210,True
COC12CC3C1CCC32,0.9918000102043152,test,5211,True
C1=CC23CCOC2C1C3,1.4249999523162842,train,5212,True
OCCCC1CC1,1.3109999895095823,train,5213,True
C[NH2+]C12COC1[C-]2C=O,11.943400382995604,valid,5214,True
CC(C)(O)c1cnco1,3.246500015258789,train,5215,True
N#CC(O)C1CC2NC21,4.3871002197265625,train,5216,True
Cn1cnc(N2CC2)n1,2.890199899673462,train,5217,True
Nc1cccc(C=O)n1,4.7621002197265625,valid,5218,True
C#CC(=O)CNC(C)=O,1.9907000064849851,train,5219,True
CC(O)C(C)(C)CO,2.6431000232696533,test,5220,True
NC(=O)C1(N)C2CC1O2,2.338200092315674,train,-1,False
N=C1NC23CCOC12C3,3.857300043106079,train,-1,False
CCC1CCCC1=NO,0.7698000073432922,train,5221,True
C1OC2C3C4CN(C13)C42,2.117300033569336,train,-1,False
CCC1C(N)C1(O)C#N,6.008399963378906,test,5222,True
CC(C#N)COCCO,2.378200054168701,valid,5223,True
CN1C2CCC1C21CN1,1.4574999809265137,train,-1,False
CC1(O)C=CC2OC21,1.8866000175476076,train,5224,True
Cc1n[nH]c(C#N)c1N,3.1354000568389893,test,5225,True
CC1(C)CCC1(C)O,1.2984000444412231,test,5226,True
CC1CC(O)CC1C,1.4153000116348269,train,5227,True
Cc1nc2c(o1)NCC2,2.041599988937378,train,5228,True
Nc1cc(F)c(N)cn1,2.123199939727783,train,5229,True
N#CC1CC12CN=CO2,3.8915998935699454,train,-1,False
CNCc1nnoc1N,4.388199806213379,test,5230,True
C#CCC(=O)C(O)C#N,3.424499988555908,valid,5231,True
CNC(=O)N(C=N)C=N,1.6399999856948853,test,5232,True
CC1(O)CC1C(O)C=O,3.4102001190185547,train,5233,True
CNc1ccccc1O,1.3264000415802002,train,5234,True
CC#CCCCO,1.2395000457763672,train,5235,True
CC(CO)C1C2CC1C2,1.2905000448226929,train,5236,True
C#Cc1onnc1N,4.307300090789795,train,5237,True
Cc1ccc(C=O)[nH]1,4.928400039672852,train,5238,True
CCCC1C(=O)NC1C,3.5892999172210693,train,5239,True
OCC1C2C3CCC2C13,1.2900999784469604,test,5240,True
C#Cc1nc(C)oc1N,3.093300104141236,train,5241,True
CC1N=COC1CC#N,3.348700046539306,valid,-1,False
Cn1cncc(F)c1=N,1.7996000051498413,train,-1,False
CC12COC1C(CO)C2,0.5631999969482422,train,5242,True
O=C1C(O)C2(CO)OC12,1.618000030517578,train,5243,True
N=COc1cnno1,0.8565000295639038,train,-1,False
CCC12CC1(C#N)CN2,4.456399917602539,train,5244,True
C1C2CC1C1(COC1)C2,2.0731000900268555,train,5245,True
C1CC(C2C3COC32)O1,1.8562999963760376,train,5246,True
CCC1=CC2COC2C1,1.6723999977111816,test,5247,True
C1CCC2(C1)CCOC2,1.729300022125244,train,5248,True
CCOC(=O)C(C)C,1.8589999675750728,train,5249,True
Nc1c(O)cnn1C=O,5.276700019836426,test,5250,True
N#CCC(C=O)C1CC1,5.365699768066406,train,5251,True
COC1COCCO1,1.2242000102996826,train,5252,True
C#CC#CCCCC,1.4337999820709229,train,5253,True
O=c1ccncc(O)n1,2.799999952316284,valid,5254,True
CC#CC1C(=O)C2OC12,2.539599895477295,train,5255,True
Cc1cnn2c1CCC2,2.941999912261963,train,5256,True
N=C(N)C1(O)COC1=O,3.337100028991699,train,5257,True
O=CC(O)CCCO,2.9784998893737797,train,5258,True
Cc1cnn2c1C1CC12,2.8666000366210938,train,5259,True
CC(C)(O)C(=O)NC=N,4.176300048828125,train,5260,True
O=C1OCC2C(O)CN12,5.371399879455566,test,5261,True
ON=C1C2CC3C1C23,1.5749000310897827,train,5262,True
CNc1conc1OC,2.95740008354187,train,5263,True
CCC1N2CC3C2C31O,2.170599937438965,train,-1,False
Cc1c(O)c[nH]c1C=O,2.674599885940552,test,5264,True
COC1C=CCC(C)C1,1.0467000007629397,train,5265,True
CC1(C)CCCC1,0.0504000000655651,train,5266,True
CC#CC#CC=O,4.675099849700928,train,5267,True
N#CC12CC3NC3C1C2,4.868500232696533,train,5268,True
CC#CC(=O)C(=O)CC,1.5973999500274658,train,5269,True
O=C1NC2COC2CO1,4.54670000076294,train,5270,True
CC12C3CC4C(C41)C32,0.1421999931335449,train,5271,True
CC(=N)OCC#CC#N,2.801800012588501,train,5272,True
CCCCC1(C=O)CN1,2.884999990463257,train,5273,True
C#CC1C2CCCC12C,0.9315999746322632,train,5274,True
CC12CC(C=O)(C1)O2,2.731100082397461,valid,-1,False
CC1CC1n1nnnn1,5.159800052642822,train,5275,True
N#CCCOCCCO,4.247600078582764,train,5276,True
CC(O)C(C)C(=O)CO,4.239699840545654,train,5277,True
OC1CC2C3C=CC12O3,3.2511000633239746,train,5278,True
O=C1COCC2CC12O,2.69729995727539,train,5279,True
COC(C=O)CCCO,1.4119000434875488,train,5280,True
C#CC(C=O)CC#N,4.993800163269043,train,5281,True
OC1Cc2nc[nH]c2C1,3.638099908828736,train,5282,True
CC1C2C3OC1(C#N)C32,4.6230998039245605,train,5283,True
CCn1nnc(N)c1O,3.1085000038146973,train,5284,True
N=c1nc[nH]c(=O)[nH]1,3.5420000553131104,valid,-1,False
CC1(C=O)CCCC1O,2.9953999519348145,train,5285,True
[NH2+]=C1CC(C(=O)[O-])N1,6.130199909210205,train,-1,False
CC1NC(=O)OC1=N,3.3770999908447266,valid,5286,True
O=CC#CC1=CCOC1,2.5197999477386475,train,5287,True
CCC(C)C(C)C(C)O,1.3914999961853027,train,5288,True
COCCn1cccc1,1.8710999488830569,test,5289,True
C1=CC2CC23CCCC13,0.3379999995231628,train,5290,True
CC1CN2C3C(O)C2C13,2.4526000022888184,train,-1,False
CC1(C)C=CC2CC1O2,1.6190999746322632,train,5291,True
N=c1cn[nH]c(O)c1,3.321899890899658,train,-1,False
CC(O)c1c[nH]cc1O,1.8942999839782717,train,5292,True
N=c1oc(N)c(N)o1,4.269700050354004,train,5293,True
CC1NC(=O)C1C1CC1,3.65339994430542,train,5294,True
Nc1cnc2n1CC2O,3.972100019454956,train,5295,True
c1nc(CC2CO2)co1,1.039800047874451,valid,5296,True
CC(=O)CC#CC1CN1,3.534600019454956,train,5297,True
N=COC12CC(C1)C2O,4.45580005645752,train,-1,False
CC1C([NH3+])C1(C)C(=O)[O-],14.53439998626709,test,5298,True
O=C1C=CCOC1,3.338900089263916,train,5299,True
CC12C=CC3CC1(C)N32,1.5917999744415283,train,-1,False
C1=NC2CCC(CO1)C2,2.288300037384033,test,5300,True
OCC12C3CC1(O)CN32,3.407900094985962,train,-1,False
c1nc2c(o1)C1CC1N2,2.108099937438965,test,5301,True
Nc1ocnc(=O)c1N,5.512700080871582,train,5302,True
CC1C2CC2C1NC=O,3.670300006866455,train,5303,True
CCC(C)(O)C(C)C,1.3356000185012815,train,5304,True
OCc1ccc(F)nc1,4.573500156402588,train,5305,True
C#Cc1cc(=O)cn[nH]1,5.371099948883057,train,5306,True
Nc1cc[nH]c1O,0.4918999969959259,train,5307,True
C1C2C3OCC4C2C4C13,1.4773999452590942,train,5308,True
CC1COC1(C=O)C=O,3.2537999153137207,train,5309,True
C#CC1CC1C1CC1C,0.8863999843597412,train,5310,True
CC1CN2CC2(C=O)C1,3.0804998874664307,train,-1,False
CCN=C1COC(=O)N1,2.7734999656677246,train,5311,True
CC1(C)CC2COC21C,1.555500030517578,train,5312,True
O=C1C=CC2NC2CC1,4.665999889373779,train,5313,True
OC1CCC=CC12CO2,2.0074000358581543,train,5314,True
COc1c(N)nnn1C,3.628999948501587,train,5315,True
O=CCC(=O)OCCO,1.368000030517578,train,5316,True
CC1OC(=N)C2C(O)C12,3.0906999111175537,train,-1,False
Nc1ncc(=O)[nH]n1,3.419300079345703,train,5317,True
CCCC1NCC1=O,2.544300079345703,train,5318,True
CCCC1(C)CN2CC21,1.698199987411499,test,-1,False
CC12C=CC3C1C=CC32,0.0846000015735626,train,5319,True
CC1CC2OC(=N)C12N,1.7146999835968018,train,-1,False
N=C1OC2CC3C1N3C2,3.5078999996185303,train,-1,False
CC1C(C)C(C)(C)C1O,1.4838000535964966,train,5320,True
CC(C)c1[nH]ncc1N,2.175100088119507,train,5321,True
CC(C)(C)C(=O)NC=N,1.7802000045776367,valid,5322,True
CC1(C(O)C2CO2)CO1,2.675100088119507,train,5323,True
C#CC1C(=O)C2OC12C,3.27810001373291,train,5324,True
CC(=O)NC(C#N)CO,3.27839994430542,train,5325,True
CC1CN1CC1CN1C,2.183199882507324,valid,-1,False
OCC1CCCC(O)C1,0.3720000088214874,train,5326,True
C1CC23C1C1C2C2C3N12,1.9585000276565552,train,5327,True
O=C1C2C3C4C1C2(O)C34,1.922600030899048,train,5328,True
Oc1cc2n(c1)CCN2,2.765300035476685,train,5329,True
N#CC1CNCC2NC12,5.704699993133545,train,5330,True
C1CC23CN4C(CC42)C13,1.6030000448226929,train,-1,False
CC1(OC=O)CCC1O,2.9879000186920166,test,5331,True
OCCC(O)C(O)CO,2.131500005722046,train,5332,True
CC1(O)CCC1(C)CO,1.388800024986267,train,5333,True
C1=CC2OC(C1)C21CN1,2.321500062942505,train,5334,True
NC(=O)C(C[NH3+])C(=O)[O-],3.5550999641418457,train,-1,False
O=C1C=C2NC3CC1C23,4.338799953460693,train,-1,False
COCC(=O)C(O)C#N,3.795000076293945,train,5335,True
CC1CNC(C)C(=N)O1,2.93530011177063,test,-1,False
CCC12C3CC1(C)C2O3,1.999699950218201,train,5336,True
OCC12CC(O)(C1)C2,2.361599922180176,train,5337,True
OC1C2C3CN2C13,1.420199990272522,train,5338,True
CC12CC(N)C1(C#N)O2,5.280300140380859,train,5339,True
CC(=O)c1cnoc1N,1.016700029373169,train,5340,True
Cc1cc(NC=O)on1,5.953199863433838,train,5341,True
C#CCCC1=NCCO1,1.8131999969482424,train,5342,True
CC(CCO)C1CC1O,2.980600118637085,train,5343,True
C1=NC2C(O1)C21CCO1,1.6090999841690063,train,5344,True
CC1=CCC2C3OC1C23,1.6230000257492063,valid,5345,True
C#CC(O)CC(O)CO,1.176300048828125,train,5346,True
O=CNCCOCCO,2.4342000484466557,train,5347,True
COC12CCC1C1NC12,1.4593000411987305,train,5348,True
CC1(O)CC2C1C2(C)O,2.129300117492676,train,5349,True
O=CC(=O)c1ncc[nH]1,5.416500091552734,train,5350,True
CC1(C=O)CC(=O)O1,3.482899904251098,train,5351,True
N#CC12CN1CC2C=O,2.294300079345703,train,5352,True
C#CC1(CO)OCC1=O,1.513800024986267,train,5353,True
CCC12CN1CC2(C)C,1.6104999780654907,test,-1,False
O=C1C=CNC1=O,5.7017998695373535,train,5354,True
CC(C)(O)C1NCC1=O,3.7246999740600586,valid,5355,True
C#CC1COC(CC)C1,0.8334000110626221,train,5356,True
CC1(C=O)CCC(=O)C1,2.1802000999450684,train,5357,True
CCC1C(O)C1OC=O,3.23009991645813,train,5358,True
OC12CN3C1C1NC1C32,2.553999900817871,train,-1,False
C#CCNC1(C=O)CC1,2.996900081634521,valid,5359,True
CC1=CCC(C)C=CC1,0.1829999983310699,train,5360,True
O=CC1C2CC(=O)OC12,4.338900089263916,train,5361,True
CCC1(CO)COC=N1,1.2369999885559082,train,5362,True
CCC(C)C1=CCCC1,0.2085999995470047,train,5363,True
OCC1C2CC1N1CC21,2.5908000469207764,train,-1,False
CN1C2C3C4=CCC31C42,0.8183000087738037,train,-1,False
CC(C)OC1CC1(C)C,0.9308000206947328,train,5364,True
CC1CN=COC(C)O1,1.7942999601364136,train,5365,True
OC1(C2(O)COC2)CC1,1.5434000492095947,train,5366,True
O=CC12CC=CC1CO2,2.5713999271392822,test,5367,True
C#CC1C2OCC2N1C,2.2890000343322754,test,-1,False
C#CC1(C#C)NC1C,1.4306999444961548,train,5368,True
c1cc2c(o1)NCCN2,1.7240999937057495,train,5369,True
C1CC2COC(CO2)O1,1.3035999536514282,train,5370,True
C1CC(C23CCC2N3)O1,1.6308000087738037,train,5371,True
CN=C1OCCCC1O,3.040299892425537,train,-1,False
C#CC12C(=O)NC1C2O,3.467600107192993,train,5372,True
CCCC1C2COC12C,1.553500056266785,train,5373,True
CCC1C2N1CC21CC1,1.414800047874451,train,-1,False
CC1C2OC1(C)C1CC21,1.5342999696731567,train,5374,True
CC1(C=O)CCC1C=O,2.401900053024292,valid,5375,True
C1NC2C13OC21CNC31,3.996999979019165,train,-1,False
OCC12CN1C1CC12,1.7170000076293943,test,-1,False
OC1CC1(O)C1CCC1,2.2218000888824463,train,5376,True
N#CC1CC2C(O)C12N,5.110599994659424,valid,5377,True
N=c1cnoc(C=O)c1,2.452699899673462,train,-1,False
C#CC(O)CCC(C)C,1.3322999477386477,train,5378,True
CC1C(=O)C2(C)NC12C,3.845599889755249,train,5379,True
CCNC1(C#N)CC1N,5.10920000076294,train,5380,True
O=C1C=CC2CC1C2O,4.38040018081665,train,5381,True
CC1=CC2C(C)CC2C1,0.2730999886989593,valid,5382,True
CN(C)c1cc(N)co1,1.841099977493286,train,5383,True
CC1C(O)C1C(N)=O,4.551300048828125,train,5384,True
CC12CC(CO1)C21CO1,0.8877000212669373,train,5385,True
O=c1onc(O)o1,3.973099946975708,train,5386,True
C#CCC(C)C(C)OC,1.50600004196167,train,5387,True
Cc1ccc(=O)oc1C,4.874899864196777,train,5388,True
CNc1oc(=O)oc1N,5.251599788665772,test,5389,True
NC1=NCC(=O)C1=NO,3.428100109100342,train,5390,True
COCCc1ncco1,0.564300000667572,train,5391,True
CC(NC=O)C(F)(F)F,3.2853000164031982,train,5392,True
CCCCC(CC)CO,1.4945000410079956,valid,5393,True
CCc1cc(=O)[nH]nn1,1.8726999759674072,train,5394,True
CC(O)C1COCOC1,1.6230000257492063,test,5395,True
O=CC12CC(CO1)C2,2.769700050354004,train,5396,True
CC1=CCc2nocc21,3.479599952697754,train,5397,True
CC1C2CCC(=O)C1O2,2.9642999172210693,test,5398,True
CC1CC2(CC2C=O)O1,3.5708000659942627,train,5399,True
C1C2C3C4C3C23COC143,1.73389995098114,train,5400,True
ON=c1ccccnc1,1.360700011253357,train,-1,False
CCC(C)C(=O)N(C)C,3.256200075149536,train,5401,True
CNC(=O)C1=CNCC1,4.074900150299072,train,5402,True
C#CC(C)C1OC1CC,1.757200002670288,train,5403,True
CC(O)C(=O)C1(C)CC1,3.226300001144409,train,5404,True
CC1CNC(=O)C1(C)O,3.5833001136779785,train,5405,True
OC1CCCOC1,0.3203000128269195,train,5406,True
CC1CC1(C#N)OC=N,3.760400056838989,train,-1,False
C#CC1COC1(C)C=O,1.7218999862670898,train,5407,True
CC1(C2CC2)COC1=O,3.8729000091552734,train,5408,True
CCC1(O)C=C(C)CC1,1.481899976730347,test,5409,True
C1=CC2C3C4OC3C24C1,1.9795000553131104,train,-1,False
CC(O)C12CCC1C2O,0.9975000023841858,train,5410,True
N#CC1C2CC2C2CN12,4.244500160217285,train,-1,False
CC(O)(C=O)C(O)C=O,2.294600009918213,train,5411,True
CC1CC2(CC2O)C1O,1.7479000091552734,train,5412,True
CCC1(C)CN(C=O)C1,4.461900234222412,train,5413,True
O=C1CNCC(CO)N1,4.581600189208984,train,5414,True
CC1CCc2cnnn21,5.2195000648498535,test,5415,True
CC#CCC1CC1,0.1748999953269958,train,5416,True
CC1(C)C2CC1(C)C2O,1.2412999868392944,train,5417,True
CC1(NC=O)CC1O,2.5027999877929688,train,5418,True
CC1=CCCC2CC12O,1.1658999919891355,train,5419,True
CCOC1CC2(C)CC12,1.0335999727249146,train,5420,True
CC1(C2CN2)CN1,2.7411000728607178,train,5421,True
C#Cc1nnoc1C#C,3.922100067138672,train,5422,True
CC1C2CC3CC3C12C,0.1805000007152557,train,5423,True
CC(C)CC#CC=O,4.053599834442139,train,5424,True
CC1(C2=CCOC2)CN1,2.389699935913086,train,5425,True
CC(C)(O)CCC(N)=O,2.446500062942505,valid,5426,True
CCCOC1CCC1,0.879800021648407,train,5427,True
CC1C(CO)C2COC12,1.704800009727478,valid,5428,True
C#CC1CC(C(C)C)O1,1.6756000518798828,test,5429,True
C1=CC2CC(C1)O2,1.6920000314712524,train,5430,True
C#CC1C2C3C(C)N1C32,1.9228999614715576,test,-1,False
Oc1[nH]nc2c1NCC2,2.20009994506836,train,5431,True
O=C1CCCC1,2.845099925994873,train,5432,True
CCC1CCCC(C)C1,0.0817999988794326,train,5433,True
CC1(C2CO2)COC1=O,4.090400218963623,train,5434,True
CCOC(C)CCCO,1.283400058746338,train,5435,True
CCC12CC1C1NC12,1.6513999700546265,train,5436,True
CC(=O)N1CC1(C)CO,3.937299966812134,train,5437,True
N#CC1NC1C1COC1,4.027100086212158,train,5438,True
CCC(C)C1CC2OC21,1.731600046157837,train,5439,True
CCc1ncncc1F,1.4917000532150269,valid,5440,True
N#CC12CCC1C2,4.316400051116943,test,5441,True
COC1CC1OC=O,3.802500009536743,valid,5442,True
CC1C2CC3OCC3N12,0.5424000024795532,train,-1,False
CC1=C(C)C(C)CCC1,0.0597999989986419,test,5443,True
O=C1CCC(O)C1,2.2376999855041504,train,5444,True
CC(C)C12C=CC(C1)O2,1.5782999992370603,test,5445,True
CC1OC12COC1CC12,2.1986000537872314,train,5446,True
CCC12OC1(C)C1CC12,1.7440999746322632,valid,5447,True
C#Cc1ncoc(=O)n1,3.779799938201904,valid,5448,True
C1NC12C1OC3C1C32,0.8628000020980835,train,5449,True
C#CC1C(CC=O)N1C,2.08240008354187,train,5450,True
O=C1CC2(C3CO3)OC12,3.1438000202178955,train,5451,True
N#CC(N)C(N)C1CC1,4.318699836730957,train,5452,True
NC(=O)CCC(=O)C=O,4.206500053405762,train,5453,True
CC1CCC2CC2CC1,0.1800000071525573,train,5454,True
[NH3+]C(CCO)CC(=O)[O-],6.842100143432617,train,-1,False
CC1OCC(=O)N2CC12,3.835200071334839,train,5455,True
O=CNC12CN3C1CC32,3.763099908828736,train,-1,False
CC12CC3(C)N1CC23O,1.5986000299453735,train,-1,False
COC1CC(=O)C2NC12,2.8050999641418457,train,5456,True
COC1(C)CC2OC2C1,2.5183000564575195,train,5457,True
CCCc1coc(N)n1,1.5449999570846558,train,5458,True
C#CC1OC(=N)OC1C,4.216700077056885,valid,5459,True
CCOC1CC1NC=O,4.563300132751465,train,5460,True
C#CC12CC3C(=O)N1C32,4.059599876403809,test,5461,True
OC12CC3C4NC4C1C32,1.836899995803833,train,5462,True
CCCCC(=O)NC,3.354599952697754,train,5463,True
OCC12CC3OC1C3N2,1.614199995994568,train,5464,True
N=C1Cc2cc[nH]c2O1,2.9563000202178955,train,-1,False
CC1OC2COC12C=O,1.815999984741211,valid,5465,True
CCCC1CC2CC1C2,0.0632999986410141,train,5466,True
CC1=CC(C)C2CC2C1,0.3472999930381775,train,5467,True
CC#CCCC1CO1,1.794100046157837,valid,5468,True
N#CC1(O)C2C=CCC21,5.39739990234375,train,5469,True
CCC(C)C#CC1CC1,0.1363999992609024,train,5470,True
O=C1CC23CC12N=CN3,5.349800109863281,train,-1,False
N#CCCCNC(N)=O,4.561699867248535,train,5471,True
CC#CC1(CC#N)CN1,4.732600212097168,train,5472,True
c1cc2c(o1)CC1CN21,1.1694999933242798,train,5473,True
COC1COC1(C)C,1.9767999649047847,train,5474,True
CC(CC1CC1)N1CC1,1.1485999822616575,train,-1,False
C#CC1OC2(C)COC12,1.587499976158142,train,5475,True
COC(=O)C1COC=N1,1.4079999923706057,train,5476,True
N=C1OC2C3NC3C12N,4.495399951934815,train,5477,True
CCOCCC(O)CO,2.170399904251098,test,5478,True
CC#CC1(O)CC1CC,1.4235999584197998,train,5479,True
N=C1OC2COC1CO2,2.131599903106689,train,5480,True
CNC1CCCOC1=O,4.668799877166748,test,5481,True
OC1C2CC13OCCC23,2.7221999168396,train,5482,True
C#CC1OC(=N)C1C=O,1.4914000034332275,train,-1,False
C#CC(CO)C(C)CO,2.0871999263763428,train,5483,True
CC(C)c1noc(=N)o1,2.880800008773804,train,-1,False
c1cc2n(c1)C1CN2C1,2.803800106048584,train,5484,True
CC(C)OC1(C)CCC1,0.9983999729156494,train,5485,True
C1=CC2CC2C1,0.2073000073432922,train,5486,True
CCc1ccnoc1=O,4.927499771118164,train,5487,True
CN1C2C3NC(C3O)C21,3.423500061035156,train,-1,False
CC(C)OCC1(O)CC1,2.0281999111175537,train,5488,True
CC1CC2(C=O)OC12C,3.0148000717163086,train,5489,True
N#CC1COC2CC2N1,3.451900005340576,test,5490,True
CCCCC(O)C1CO1,1.4846999645233154,train,5491,True
O=CC1CN1C1CC1O,2.2716000080108643,valid,-1,False
CCC1=CC(=NO)CN1,2.899199962615967,train,5492,True
CN1C(=O)OC2CCC21,4.7829999923706055,train,5493,True
N=c1ccc(=N)onc1,1.3631999492645264,train,-1,False
OCC1C(O)CC2OC21,3.057499885559082,train,5494,True
CCC1CC12CN=CO2,1.919999957084656,train,-1,False
C1CC1N1CC2(CO2)C1,2.239500045776367,train,5495,True
CC1OC1(C)C1CCO1,3.207099914550781,valid,5496,True
CC1NC1C1NC1C=O,3.3071000576019287,valid,5497,True
C1=C2CC3(CO3)C2CC1,1.7200000286102295,train,5498,True
CC12OC1C(N)=CC2=O,5.520400047302246,valid,5499,True
CC1C=CC2NC2(C)C1,1.5636999607086182,train,5500,True
C1=CC2C3COC2C1C3,1.48389995098114,test,5501,True
CC1C(O)C2NC12C=O,1.3614000082015991,train,5502,True
CC1=C2CC3C2C3C1C,0.8669000267982483,test,5503,True
CC12CC3CN1CC32O,1.9496999979019165,test,-1,False
CN=C1OCC1N(C)C,1.9457000494003296,train,5504,True
CC1OC2(C)CC1CO2,2.121000051498413,test,5505,True
CC1NCC1=O,2.555999994277954,train,5506,True
COC1(C)CC(C)C1O,2.519399881362915,train,5507,True
CC1CC1C(O)C1CO1,1.4057999849319458,train,5508,True
OCCC(O)C1CN1,1.501099944114685,train,5509,True
OC1C2CC1C21CCO1,0.7989000082015991,train,5510,True
C1OC2C3CC4C1C2N43,1.214900016784668,train,-1,False
O=CCN1C2CC(O)C21,2.465100049972534,train,-1,False
CC1CC(=NO)C(C)O1,1.0609999895095823,train,5511,True
N=C1OC2C3C=CC12N3,2.648900032043457,train,-1,False
CCC1OC1C1CO1,1.8102999925613403,train,5512,True
C1C2OC2C2C3CC2C13,1.7656999826431274,train,5513,True
CC12CC1CCCCO2,1.2036999464035034,train,5514,True
N=CN1C(=O)C2C(O)C21,4.573999881744385,train,5515,True
C1CC2CCC(CO1)O2,0.8212000131607056,train,5516,True
c1nnn2c1NCCC2,6.21560001373291,train,5517,True
CC1CC2=CCC(=O)N21,3.751399993896485,valid,5518,True
CC1C(C(=O)CO)N1C,4.345699787139893,train,-1,False
CC1=CC2OC2C1=O,3.129499912261963,train,5519,True
CC1C(=N)OC1C(N)=O,1.9155000448226929,valid,5520,True
COC1(C)C=C(C)CC1,1.196300029754639,train,5521,True
O=C1NC2CC1C2O,4.18120002746582,valid,5522,True
O=CC1NC1C#CCO,2.4042999744415283,train,5523,True
N#CC1(O)COC(=N)C1,3.749099969863892,train,5524,True
COCc1cnn(C)c1,1.8624000549316408,train,5525,True
C#CC(C)C(C)C1CO1,1.5087000131607056,valid,5526,True
C#CC1C(=O)NC1CO,3.964099884033203,valid,5527,True
COC1CC(=O)C12CO2,3.637399911880493,train,5528,True
Cc1[nH]c(C#N)cc1N,5.196199893951416,train,5529,True
C1=CCC2COC2CC1,1.576799988746643,train,5530,True
OCCCCO,0.0001999999949475,train,5531,True
Nc1coc(O)n1,2.34470009803772,train,5532,True
Nc1ocnc1O,0.9286999702453612,train,5533,True
O=c1ncnc2n1CC2,5.295100212097168,valid,5534,True
CCn1cc(C)c(O)c1,1.7979999780654907,train,5535,True
OCC1(O)CCOCC1,3.0850000381469727,train,5536,True
CC1OC1CC(O)C=O,2.4133999347686768,test,5537,True
CNC(=O)n1cnnc1,5.985099792480469,valid,5538,True
CCc1cc(=O)[nH]cn1,2.486000061035156,train,5539,True
CCCC(=O)C(=O)C#N,4.10830020904541,train,5540,True
O=CCC(=O)C1CN1,1.200700044631958,train,5541,True
CC12CC3C1C3(C)CO2,1.5073000192642212,train,5542,True
COC1=NC(CO)CN1,3.001699924468994,train,5543,True
CCC12NC3C1NC32C,1.5317000150680542,train,5544,True
C1OC2CC1CC1CC12,1.6167999505996704,train,5545,True
CC1(CCC=O)COC1,1.611299991607666,train,5546,True
CC#CCn1ccnn1,5.192299842834473,test,5547,True
N=C1OC2CC1C1CC21,3.07699990272522,train,-1,False
CC1(O)COC2CC2C1,1.6009000539779663,valid,5548,True
CC(=O)C1C2C3CN3C12,1.826200008392334,test,-1,False
N=c1cnoc(N)n1,3.834100008010864,train,-1,False
CC(=O)NC(=N)C1CN1,3.825000047683716,train,5549,True
CN1C(C#N)CC1C#N,1.5123000144958496,train,-1,False
C1CC23CC1CC2CO3,1.8488999605178835,train,5550,True
CC(C#N)C1CCC1C,3.9267001152038574,train,5551,True
CC(C)(CO)C(O)C#N,3.889699935913086,valid,5552,True
CC12NC1C1CC2CO1,2.978199958801269,valid,5553,True
C#Cc1cnc(F)nn1,3.4988999366760254,train,5554,True
Nc1cc(O)c(=O)on1,4.515399932861328,test,5555,True
CCC1Cc2ccnn21,2.8348000049591064,train,5556,True
N=C1OC(=O)C2OCC12,2.75,train,5557,True
Cc1cc(NC=O)no1,0.2533000111579895,train,5558,True
C#CC1(C)C2CC(C)C21,0.9257000088691713,train,5559,True
NC1=CC(=O)C=CCC1,5.782299995422363,train,5560,True
CC(C)OC(=O)C=O,2.0643999576568604,train,5561,True
C#CC1(N)CCC1C#N,4.165900230407715,train,5562,True
CCOC1CC(C)(C)C1,0.9377999901771544,train,5563,True
C1=CC2NC2CCOC1,2.5996999740600586,train,5564,True
O=CC1=CCC2CN2C1,3.769700050354004,train,5565,True
CC12OC1(C)C1NC12,1.258999943733215,train,5566,True
O=CC1C=CC2COC12,3.4542999267578125,train,5567,True
COCC(O)C1(C)CN1,2.638499975204468,train,5568,True
c1cc2cn[nH]c2cn1,0.8960000276565552,train,5569,True
Cn1c(CN)noc1=N,2.655600070953369,train,-1,False
CCn1nnccc1=N,1.7257000207901,train,-1,False
COC(=O)C(C)OC=N,2.6196000576019287,test,5570,True
CC12CC1C1CC12,0.3711999952793121,train,5571,True
N#CC1C=CNC(=O)C1,4.1956000328063965,train,5572,True
COC(C)C1CNC1=O,3.000499963760376,train,5573,True
CC1(C(C#N)C#N)CC1,4.3917999267578125,train,5574,True
C#CC1(CC)OC1C#N,3.694600105285645,train,5575,True
C#CC1COC1C(C)=O,3.3861000537872314,train,5576,True
CC12NC3C1OC32C,1.7029000520706177,train,-1,False
COCc1ccnn1C,3.1677000522613525,train,5577,True
CN1C2C3NC2C31C,1.1188000440597534,train,-1,False
C1OCC2CC12,1.5611000061035156,valid,5578,True
CC1C(O)CC1(C)CO,1.5720000267028809,train,5579,True
Cc1cc(O)n(C)n1,2.519200086593628,train,5580,True
O=CCNC(=O)C1CC1,3.7483999729156494,train,5581,True
O=C1CC2C3CC3C2O1,4.487400054931641,train,5582,True
CCC1OCC2CCC21,1.3300000429153442,test,5583,True
CC(C)CCC=O,2.851300001144409,train,5584,True
CC(=O)C(CO)C(N)=O,4.201700210571289,train,5585,True
O=C1CC23CCCC12C3,3.4576001167297363,train,5586,True
OC12CC1OC1CC12O,1.7062000036239624,train,5587,True
O=CC12CC3C(C1O)N32,1.368299961090088,train,-1,False
CCC1(O)CC(C=O)C1,3.444000005722046,train,5588,True
O=Cc1nonc1CO,1.6864999532699585,train,5589,True
CC1N2CC(=O)C1(O)C2,1.1477999687194824,train,-1,False
CC12N=C(N)OC1C2O,2.226300001144409,train,-1,False
OCC1(O)CC2NC21,1.086300015449524,train,5590,True
CC1CN1c1nn[nH]n1,2.4677000045776367,train,5591,True
OCC(=NO)C1CCC1,1.4888999462127686,valid,5592,True
N#C[C-](N=CN)C(N)=[NH2+],4.366600036621094,valid,5593,True
C1OC1CC12CC1CO2,2.5053999423980717,train,5594,True
CC12CNC(C#N)(C1)C2,4.803500175476074,train,5595,True
O=CNc1c[nH]cc1O,4.190599918365479,train,5596,True
COC(=O)N(C)C=O,3.793100118637085,train,5597,True
CCCC12OC1C1NC12,3.392400026321411,train,5598,True
N#CC1CNC2CC2N1,3.825900077819824,train,5599,True
Cc1nc(CCO)n[nH]1,3.787300109863281,train,5600,True
C#Cc1nc(O)nn1C,2.9851999282836914,train,5601,True
N=c1[nH]nnc(F)c1N,2.6396000385284424,test,-1,False
COC(C)(C)C(C)=NO,1.136299967765808,valid,5602,True
C1C2C3C4C(C5C4N35)N12,1.006600022315979,train,-1,False
CC1NC(=O)C2NC12,4.265600204467773,train,5603,True
N#CC#Cc1cnoc1,2.6085000038146973,train,5604,True
OC1C2CN2C2CC12O,2.155900001525879,test,-1,False
C#CC1C2OC(=O)C12C,4.0046000480651855,valid,5605,True
O=C1CC23CNC12CO3,2.3863000869750977,test,5606,True
Cc1nc(O)c(C=O)[nH]1,5.726900100708008,train,5607,True
CCC1(C#N)OCC1C,4.3907999992370605,train,5608,True
C#Cc1nc(O)c(C)[nH]1,2.6552999019622803,train,5609,True
C1=NC2CC3OC2C3O1,1.1605000495910645,train,5610,True
CCn1nc(O)oc1=O,1.4809999465942385,train,5611,True
CC12CCC(CC1)C2,0.0483999997377395,train,5612,True
CC12CN3CC(C1=O)C32,1.4890999794006348,train,-1,False
C#CC1C(N)C1C#N,3.077399969100952,train,5613,True
CC1(C)OCC1N1CC1,2.4286000728607178,train,-1,False
CC12CC3C(=O)CN1C32,2.711899995803833,test,-1,False
OC12C=CCOC1CC2,1.6455999612808228,train,5614,True
C1OC23COCC2C1C3,1.9665000438690183,train,5615,True
NC=[NH+]c1coc([O-])n1,14.715100288391112,train,-1,False
O=C1NCC2OCOC12,3.706399917602539,train,5616,True
N#CC(=O)c1ncco1,5.492599964141846,train,5617,True
OCC12CN1C1CC2C1,2.4382998943328857,train,5618,True
CC1(C)C(O)C2COC21,2.7606000900268555,train,5619,True
CC1N=C(N)C(=O)C1O,1.5513999462127686,train,5620,True
CC1C2CC1(O)C(=N)O2,2.195499897003174,train,-1,False
O=CC1C2C3CCC2C13,3.3264000415802,train,5621,True
O=CC12OC1CC2O,3.265899896621704,train,5622,True
CC1C2CC3(CC3)CN12,1.521299958229065,train,-1,False
CC12C(=O)N3C4C3C1C42,4.216800212860107,train,5623,True
CN(CC#N)C(=O)C#N,3.828700065612793,train,5624,True
OCC12CC3(O)CN1C32,2.1902999877929688,train,-1,False
O=C1NCCCOC1=O,6.349999904632568,valid,5625,True
Cc1occ(O)c1CO,2.6094000339508057,train,5626,True
C#CCC1(O)CN2CC21,1.3905999660491943,valid,-1,False
CN(C)Cc1cn[nH]n1,0.5713000297546387,test,-1,False
O=CC(C=O)CN1CC1,2.674099922180176,train,5627,True
COC(C#N)CCO,2.865600109100342,train,5628,True
OC12CC3OC1CCC32,0.975600004196167,valid,5629,True
N#CC12CC1C1(CC1)N2,4.946800231933594,train,5630,True
CC(O)c1cncn1C,2.4068000316619877,train,5631,True
C#CC1(C)C(C=O)N1C,1.1045000553131104,train,5632,True
CC1(N2CC2)CCC1=O,3.374500036239624,train,-1,False
COC1(C(N)=O)CCC1,3.868799924850464,train,5633,True
CC(C)(C)COC(N)=O,2.451499938964844,test,5634,True
CC1(C#N)C=CCN1,3.3473000526428223,test,5635,True
OCC1C2CN1C2CO,2.6117000579833984,train,-1,False
N=C1CCNCC(=O)O1,2.421600103378296,train,5636,True
CCC1(OC)C=CCO1,2.137700080871582,valid,5637,True
CCC1CC2(CCC2)O1,1.3954999446868896,train,5638,True
COC(=O)CCC(N)=O,2.4814999103546143,train,5639,True
CC1=CC(=O)C2(C)OC12,3.824100017547608,test,5640,True
COC1C2NC2C12CN2,1.4319000244140625,train,5641,True
ON=C1CC2CC2(O)C1,1.219599962234497,train,5642,True
NC(=O)C1CNC(=O)N1,6.9980998039245605,train,5643,True
N=C1OCC(=O)C2OC12,0.4695000052452087,valid,-1,False
OC12C=CCC1N1CC12,0.7454000115394592,train,-1,False
OC1C(O)C2(O)CC12,2.323499917984009,train,5644,True
CC12CCC3(CN3)C1N2,2.941699981689453,train,5645,True
N=c1onc(F)nc1O,2.049000024795532,train,-1,False
CCN1C2COCC21,0.6697999835014343,train,-1,False
CC(O)(C=O)C(=O)C#N,2.6335999965667725,valid,5646,True
CCc1nonc1C=O,4.429200172424316,train,5647,True
C1OC2CC3C1N3C2,0.8123999834060669,train,-1,False
CC1CC(C#CC#N)C1,5.8094000816345215,train,5648,True
C#CC1(N)C2OC1C2O,2.033900022506714,train,5649,True
CN1CC1C1CC(=O)O1,3.8396999835968018,train,-1,False
C1OCC23CC1CC2C3,1.1657999753952026,test,5650,True
CC12CN1C(C#N)C2N,3.2160000801086426,train,-1,False
CCC1CC1C#CCO,1.902899980545044,test,5651,True
CC12CCC3OC1C3O2,0.3264000117778778,train,5652,True
CC1C(=O)C2OCC12C,3.890300035476685,train,5653,True
Cc1cnn(CCO)n1,1.5901000499725342,train,5654,True
N#CC1NC12CNC2=O,7.884600162506103,train,5655,True
Cc1c(F)nc[nH]c1=O,2.374799966812134,test,5656,True
CCC12CCCC1CO2,1.656999945640564,valid,5657,True
N#CC1C=CCC2NC12,5.093999862670898,train,5658,True
C#CC1(C(C)(C)C)CN1,1.937199950218201,test,5659,True
C#CC(C)C1(CO)CO1,1.5404000282287598,train,5660,True
CCC(C#N)N(C)C,3.3691999912261963,train,-1,False
C1=CCC(CN2CC2)C1,1.0608999729156494,valid,5661,True
CC1(O)CCCOC1,1.787500023841858,valid,5662,True
COCC1N(C)C1(C)C,2.1422998905181885,train,-1,False
C#CC1=CC(CO)OC1,2.272599935531616,train,5663,True
O=CC1C2C=CCOC12,4.154399871826172,train,5664,True
CC1OC1CC1CCO1,2.5023000240325928,train,5665,True
CCCN1CC2(O)CC12,1.8827999830245967,train,-1,False
CCCn1nnc(C)n1,2.799799919128418,test,5666,True
O=CC1OC2CN3C1C23,2.7660999298095703,train,-1,False
Cn1nnc(=N)nc1O,5.032899856567383,train,-1,False
C1=NC2CC3CC3(C2)O1,1.7294000387191772,train,5667,True
C#CCC(C#N)N1CC1,3.901599884033203,train,-1,False
CC1C(O)C2C(C#N)C12,4.2733001708984375,train,5668,True
CC1=NC(CO)C(=O)O1,3.1466000080108643,train,5669,True
CC12C3=NCCC1C2O3,3.785000085830689,train,-1,False
N=C1NCCNCC1=O,3.4059998989105225,train,5670,True
CC12C=CC(C)(C=C1)C2,0.0116999996826052,train,5671,True
CCC1CC1CC1CC1,0.1876000016927719,train,5672,True
CC(=O)C12CC1C(C)O2,2.529400110244751,train,5673,True
O=C1NC2CC(C2)C1O,3.644799947738648,train,5674,True
COC1(C)CC(C)(C)C1,1.0228999853134155,train,5675,True
N=c1nc(N)cc(O)o1,4.547699928283691,test,-1,False
C#CC1(C#C)COC=N1,1.6069999933242798,train,5676,True
CC1CC1C1CC1C#N,4.269199848175049,train,5677,True
O=CN1C2CC1C2=NO,3.344099998474121,train,5678,True
NC1=C(C=O)CN2CC12,5.57390022277832,train,5679,True
N#CC1CC(=O)OC1=N,2.378000020980835,train,5680,True
C1C2OCC(O2)C2NC12,2.4456000328063965,train,5681,True
CC1C2CC(O2)C1CO,1.2617000341415403,train,5682,True
C#CC12C(O)CN1C2C,1.6962000131607056,train,-1,False
CNc1ocnc1OC,1.1721999645233154,train,5683,True
O=C1NC2COC1OC2,4.950500011444092,train,5684,True
C#CC1OCC2NC21C,3.218899965286255,train,5685,True
C#CC1CCC1(C)OC,1.76010000705719,train,5686,True
N=C(N)C(=O)CC(N)=O,5.122200012207031,train,5687,True
C1CC12C1C3C1C1C3N12,1.4966000318527222,train,-1,False
C#CC1(C)C(C)OC1C,1.1030999422073364,train,5688,True
CC1C(C2(C)CN2)N1C,2.714200019836426,train,-1,False
COCC(C)C(O)C#N,3.737299919128418,train,5689,True
N#Cc1ocnc1N,3.72760009765625,train,5690,True
CNc1nc(=N)cco1,5.2494001388549805,valid,-1,False
CC12C3CC1(C#N)C2N3,3.856800079345703,train,5691,True
Cn1c(O)ccc1C=O,5.335299968719482,train,5692,True
C#CC(OC)C(=O)C#N,4.055500030517578,train,5693,True
COCC1OCC(C)O1,1.0980000495910645,train,5694,True
CC1OC2(CC2)C2CC12,1.3524999618530271,train,5695,True
O=C1CCCC1C1CC1,2.6084001064300537,train,5696,True
CC1CC(=NO)C1CO,2.113600015640259,train,5697,True
O=CCOc1ccc[nH]1,2.977799892425537,train,5698,True
CCn1ccnc1CO,2.699899911880493,train,5699,True
CCC1C2CC1OC=N2,2.1171998977661133,train,-1,False
COC(C)C1CN1C=O,3.351999998092652,test,5700,True
CC12OC(=O)C3OC1C32,4.803599834442139,train,5701,True
C#CC1=C(C)COC1=O,5.166600227355957,train,5702,True
COCC1(O)CC(C)C1,1.9845999479293823,train,5703,True
C#CC12CC1NC2C=O,3.1810998916625977,train,5704,True
CC12CC=CC1C(=O)N2,3.8606998920440674,train,5705,True
CC1OCC2CCC21,1.3646999597549438,valid,5706,True
CCC(C(N)=O)C1CN1,4.183499813079834,train,5707,True
CC1NC12CCC21CN1,1.8416999578475952,train,5708,True
CC12OCC1C1CC12,1.7537000179290771,train,5709,True
Nc1c[nH]c2c1CC=C2,1.5821000337600708,test,5710,True
Cc1nocc1OC=N,2.2044999599456787,train,-1,False
C1CC2(CCO2)CO1,2.3480000495910645,train,5711,True
O=C1C2CC2C2CN12,4.14870023727417,train,5712,True
OC1C=CC2COC1O2,2.481100082397461,train,5713,True
N#CCNC1C2COC21,2.643399953842163,train,5714,True
N#CC12CCC1N2,5.023200035095215,train,5715,True
C#CC1N=COCC1=O,2.024199962615967,train,5716,True
CC1C(C=O)OC2CC21,3.267800092697144,test,5717,True
OC12CN=C3NC(C1)C32,2.406100034713745,test,-1,False
O=C1C2C=CC=CC1O2,1.7761000394821167,train,5718,True
O=C1CC2NC12CCO,3.156500101089477,train,5719,True
C1COC2COC2C1,1.712399959564209,train,5720,True
O=Cc1cccc(F)c1,2.092600107192993,train,5721,True
CC(=O)C1CCC=C1C,2.5636000633239746,train,5722,True
NC1=NC(C=O)CC1=O,2.865799903869629,train,5723,True
OC12C3C=CCC1C2C3,1.2024999856948853,train,5724,True
CC1OC2(C)C3OC2C13,1.3707000017166138,train,-1,False
CC1(C)OC2COCC21,2.0559000968933105,test,5725,True
CCC(C)(CC)C1CO1,1.5996999740600586,test,5726,True
OC1C2NC13COCC23,2.437299966812134,test,5727,True
O=C1C(CO)CC2OC12,3.924599885940552,valid,5728,True
C#CC1C2C3CC2(C)N13,1.753100037574768,valid,-1,False
C1CC2(CC3(CN3)C2)O1,1.3812999725341797,train,5729,True
O=C1C(O)C2C3CN1C32,2.893899917602539,train,5730,True
C#CC1OC(C)C1=O,0.9381999969482422,test,5731,True
CC(C#N)C1CC(=N)O1,5.004799842834473,train,5732,True
CC1(C)CCOC2CC21,1.3759000301361084,train,5733,True
C#CC(C#C)CCOC,1.1403000354766846,train,5734,True
C#CC1(C)CC1(C)C=O,2.9147000312805176,train,5735,True
CCOCCC(C)(C)O,0.4180999994277954,train,5736,True
c1ncc2nonnc1-2,1.2998000383377075,train,-1,False
O=[N+]([O-])c1cnoc1,1.4565999507904053,test,5737,True
CCc1cc(O)[nH]c1O,0.5403000116348267,train,5738,True
CC1CC1(O)CC#N,3.213500022888184,valid,5739,True
CC1C2C3CC3C12C#N,4.537300109863281,train,5740,True
C#CCC(O)C1(C)CN1,2.501199960708618,train,5741,True
C#CC1(C)OCC12CN2,1.974799990653992,test,5742,True
CC(C#CC=O)OC=O,2.2941999435424805,train,5743,True
CC1=C2NCC2CC1=O,4.4959001541137695,train,5744,True
N#CC(CC=O)C1CO1,3.539499998092652,train,5745,True
Cc1cccnc1N,2.061000108718872,train,5746,True
C1OC2C3OC4CC12C43,2.192600011825561,train,5747,True
CC(=O)C(C)(C)C(N)=O,2.0713999271392822,train,5748,True
C1OC1C12COC1C2,2.000499963760376,valid,5749,True
COC(CO)C(C)=NO,2.177900075912476,train,5750,True
C#CCOC1CCC1O,2.352400064468384,train,5751,True
C#CC12NC3C1C(=O)C32,2.3310000896453857,train,5752,True
CC1(O)CC2(CO2)C1O,2.0985000133514404,train,5753,True
N=CNc1ncoc1N,1.5041999816894531,train,5754,True
COC1(C)CN2CC21,1.6454999446868896,train,-1,False
CC(CC=O)C(=O)C#N,1.343400001525879,valid,5755,True
O=CC1=CC(=O)C(O)C1,1.6855000257492063,train,5756,True
CC1CCC(C=O)C1C,2.888499975204468,train,5757,True
O=C1C=CCC12CCO2,3.510999917984009,train,5758,True
N=c1cncc(N)o1,4.845099925994873,valid,-1,False
CC1C=C2COC2CO1,1.8293999433517456,train,5759,True
O=CC12CN(CCO1)C2,2.651400089263916,train,5760,True
CC1(C)C([NH3+])C1C(=O)[O-],6.418600082397461,train,-1,False
CCN1CC=CNC1=O,2.94950008392334,train,5761,True
CC1CC=CC12CCO2,1.6305999755859375,train,5762,True
CC(=O)C1C=CC(O)C1,4.076099872589111,train,5763,True
c1cc2n(n1)C1(CC1)C2,2.854599952697754,train,5764,True
CC1CC2C(C)C2C1C,0.2161000072956085,valid,5765,True
CC1C(C)C1(O)CC=O,1.991000056266785,test,5766,True
CC1(O)CC2C(O)C21,0.8725000023841858,test,5767,True
CC1=C(C)C2OC2CC1,1.801699995994568,train,5768,True
CCC(CO)C(O)C#N,4.573200225830078,train,5769,True
O=C1CC=C2CCC2C1,2.973299980163574,test,5770,True
CC1CC2OC(=O)C1O2,3.745300054550171,train,5771,True
COc1cccc(C)n1,0.5929999947547913,test,5772,True
N#CC1(C#CC=O)CO1,2.446500062942505,test,5773,True
C#Cc1n[nH]nc1C#C,0.0597000010311603,train,5774,True
NC1=[NH+]CC(C(=O)[O-])C1,2.7156999111175537,train,-1,False
COC1COCCC1C,1.3811999559402466,train,5775,True
C#CC12CC3CC1(C)N32,1.7699999809265137,train,-1,False
O=CCCC(=O)C1CN1,1.95169997215271,test,5776,True
CC1(C)C2CCOC21,1.4120999574661257,train,5777,True
C1C2C1C1OC21,1.8603999614715576,train,5778,True
N#CC12CNC1C2N,3.606199979782105,train,5779,True
CC#CC1(C(C)C)CO1,1.9462000131607056,train,5780,True
Nc1nc(F)coc1=O,1.6234999895095823,train,5781,True
OC1CC2C3CC1CN23,0.6632999777793884,train,-1,False
C1=C2COC34CC(C13)C24,2.79229998588562,train,-1,False
OC1CC2OC3C1CC23,2.609800100326538,train,5782,True
C#CC(C#N)C(N)C#N,5.383200168609619,train,5783,True
CN=C1NC2CCOC12,3.7727999687194815,train,-1,False
N=COC1CC2OC12,4.860599994659424,valid,-1,False
COCC1COC1C#N,3.609299898147583,train,5784,True
OC1(C2CO2)C2CC1C2,1.549399971961975,train,5785,True
CC(O)C1C2C=CC1C2,1.3049999475479126,train,5786,True
Cn1nc2c(n1)NCC2,1.5038000345230105,train,5787,True
O=CCCn1nnnn1,3.237099885940552,train,5788,True
CNC1COC1=O,4.384399890899658,test,5789,True
O=C1CCCCOCO1,4.072800159454346,train,5790,True
C#CC1(OC)CC1C,0.9092000126838684,train,5791,True
c1noc(C2CC2)n1,2.271699905395508,train,5792,True
Cc1ncn2c1CC2C,3.962899923324585,test,5793,True
C#CC1(COCC)CN1,1.5256999731063845,test,5794,True
CC1CC2NC(=O)C2C1,3.8454999923706055,train,5795,True
CC12C=CCOCC1C2,1.089400053024292,train,5796,True
C#CC(CCOC)=NO,0.7598000168800354,train,5797,True
C[NH+]=c1nc(N)cc[n-]1,2.053400039672852,train,5798,True
O=C1CNC12C1CC2O1,1.4036999940872192,train,-1,False
Nc1cc2[nH]ccc2o1,2.359800100326538,train,5799,True
O=CC12C=CC3CC1C32,2.751699924468994,train,5800,True
CC1C2NC(=O)C1C2=O,3.669800043106079,train,5801,True
OC1CC2(CO2)C12CN2,1.1547000408172607,valid,5802,True
N=C1CC(C=O)N1C=O,5.118199825286865,test,5803,True
CC(O)C(O)C1OC1C,0.9377999901771544,train,5804,True
OC1CC2CCC=C12,1.434399962425232,train,5805,True
C1=NC23CC(CC2O1)C3,1.763200044631958,train,-1,False
CN1CC(C=O)CC1=O,2.90120005607605,train,5806,True
C1=CC2(CO2)C2OC2C1,1.1369999647140503,test,5807,True
CN1CC2C3C1C1C3N21,1.2030999660491943,train,-1,False
CC1(C)CC1CO,1.3945000171661377,test,5808,True
C#CCCC(C)C#C,0.6427000164985657,train,5809,True
CC1CC2C(C)C12C#N,4.453199863433838,train,5810,True
CC1OC2COC2C1C,0.8794000148773193,train,5811,True
CCOC1(C)C=CCC1,0.8716999888420105,train,5812,True
C#CC12OC3CC1C2C3,1.9217000007629397,train,5813,True
N#CC(=N)OCCC=O,1.811100006103516,train,5814,True
NC(=O)CCNC(N)=O,2.88759994506836,train,5815,True
C#CCOCC(O)CC,0.5727999806404114,test,5816,True
CCC(C)C1OC1C,1.6933000087738037,train,5817,True
CC1=CCCC1(C)C,0.1974000036716461,train,5818,True
CC(O)C1=CCN2CC12,0.421099990606308,train,-1,False
O=C1CN2CCC2C1O,1.2137000560760498,valid,-1,False
Cc1nc(=O)c(N)no1,2.0555999279022217,train,5819,True
CC12C3C4C3C1(C=O)C42,3.7385001182556152,test,5820,True
CC1=CCC2(CN2)C1O,2.736299991607666,train,5821,True
C1CC23COCC2(C1)N3,3.2251999378204346,test,5822,True
OCC1CC2(CC2)O1,2.4312000274658203,valid,5823,True
CCC1OC1(C)C(N)=O,2.4133999347686768,train,5824,True
CC#CC1(C)C2CC1O2,2.2047998905181885,train,-1,False
COCC#CC(O)CO,3.2790000438690186,train,5825,True
CC12NC3(C#N)CC1C32,4.431700229644775,valid,5826,True
CC1C(C#N)C2CN1C2,3.4096999168396,valid,-1,False
CC(=O)CC12CC1CO2,2.858099937438965,train,5827,True
O=CC12C=CCOC1C2,1.8733999729156492,train,5828,True
OCC12C3CC4C3N1C42,2.1440000534057617,train,-1,False
CC1OC2(C)CC1C2=O,2.3861000537872314,valid,5829,True
CC12C3CC4C3CC1C42,0.0879999995231628,train,5830,True
C#CC(C)C(O)CCO,0.9289000034332277,train,5831,True
N=C1OC(=O)C=C1CO,3.916899919509888,train,-1,False
CN1C2C3OC(C3=O)C21,3.930200099945069,train,-1,False
CC1CC2(O)C3OC2C13,1.697700023651123,train,-1,False
Nc1coc2c1OCO2,1.6852999925613403,train,5832,True
O=CC(O)c1cnco1,2.307699918746948,train,5833,True
CC1C(=O)C2CC1CO2,3.5864999294281006,test,5834,True
CC(=O)N1C2CC1C2=O,3.0924999713897705,train,5835,True
C#CC(C#N)C(C)C=O,4.941800117492676,train,5836,True
NC(=O)N1C2C3CC3C21,3.1770999431610107,train,5837,True
C#Cc1ncc(CO)o1,1.812100052833557,test,5838,True
O=C([O-])C12CC[NH+](C1)C2,13.037799835205078,test,5839,True
Cc1cncc(N)c1C,3.324199914932251,train,5840,True
OCC1C(O)C2CN12,3.3647000789642334,valid,5841,True
CCOCc1ccco1,0.991599977016449,train,5842,True
OC1C=CC(O)C12CN2,2.477299928665161,train,5843,True
C#Cc1nc[nH]c(=N)n1,2.302500009536743,train,-1,False
CC1(O)C2CCC3C2C31,1.2863999605178833,train,5844,True
OC1C2CCC3C1N3C2,2.1442999839782715,train,-1,False
COCC#CCC1CC1,0.9236999750137328,test,5845,True
CC(O)c1n[nH]cc1O,5.1757001876831055,train,5846,True
CCC1CC(=O)OC=N1,2.3649001121521,train,5847,True
CCC1OCC2C1N2C,0.7498999834060669,train,-1,False
CC#CCOCC(C)C,0.70660001039505,train,5848,True
CCC1CCN=C(C)O1,1.9048000574111936,train,5849,True
COC(C)(C=O)C(N)=O,1.82669997215271,test,5850,True
C#CC(C#C)C(=O)NC,3.3431999683380127,train,5851,True
OC1C2NC2C12CN2,1.649999976158142,test,5852,True
COC1C2CC(C)C21O,1.2037999629974363,train,5853,True
CCC1(C)COCC1=O,1.6914000511169434,valid,5854,True
N=CNc1nc[nH]c1O,4.913700103759766,train,5855,True
COCC12CC3CC1C32,0.9855999946594238,train,5856,True
COC1C2NC(C=O)C21,4.10830020904541,train,5857,True
N#CC12CC1C=CCN2,4.591800212860107,train,5858,True
N=C1OC(=O)C2OC12,2.1738998889923096,train,-1,False
CCCC1(O)CNC1=O,3.1006999015808105,train,5859,True
CC1CC2C(CCO)C12,1.440999984741211,valid,5860,True
Nc1ccoc1CCO,1.446300029754639,train,5861,True
C#CCC1OCC1CO,2.475100040435791,train,5862,True
CC(N)C1(C#N)OC1C,3.821899890899658,train,5863,True
CC1CCC2CC1(C)O2,1.5322999954223633,test,5864,True
CC(C)c1[nH]nnc1O,3.387399911880493,valid,5865,True
CNC(=O)OC1CC1C,2.2797000408172607,train,5866,True
CC(=O)N(C)CC1CN1,2.8891000747680664,valid,5867,True
CCCC12CC1OC=N2,1.253000020980835,train,-1,False
NC(=O)OC1COC1,3.283099889755249,train,5868,True
Oc1nc(C2CN2)c[nH]1,3.424599885940552,valid,5869,True
Nc1cc(C2CN2)c[nH]1,3.579400062561035,train,5870,True
CCC1C=C(C)NC1=O,3.509000062942505,train,5871,True
CCC12CC(C)(O1)C2C,1.5658999681472778,train,-1,False
CC1=CC2OC1C2CO,1.5664000511169434,train,5872,True
C#CC1NC1C(C)C#N,3.548500061035156,train,5873,True
CC(C=O)C(O)CO,2.9342000484466557,train,5874,True
OC1CCC12C1CCC12,1.485200047492981,valid,5875,True
CC1C=CC(=O)CN1C,3.8162999153137207,train,5876,True
CC#CC1(C)CN=CO1,2.2695000171661377,train,5877,True
OC1CC1CC(F)(F)F,2.746299982070923,train,5878,True
C#CC1N=CNC1C=O,1.920199990272522,train,-1,False
CNc1nc(=O)cno1,5.064300060272217,train,5879,True
Cn1cnc(=O)nc1,8.535099983215332,train,5880,True
CCOCC1(C=O)CN1,1.9139000177383425,train,5881,True
N=C1OCC2C3NC1C23,3.5827999114990234,train,-1,False
C#CCC1CC(C)O1,2.0929999351501465,train,5882,True
Cn1cc(O)c(N)c1O,3.207099914550781,test,5883,True
O=C1CCCC2CC2N1,3.639400005340576,train,5884,True
N#CC1CC(=O)C1,2.210700035095215,train,5885,True
O=CN1CCC=CC1=O,6.531400203704834,train,5886,True
CC1OCC1CN1CC1,1.5397000312805176,valid,-1,False
CN1CC1c1ccon1,2.1013998985290527,train,5887,True
CC1N(C)C12CCOC2,2.401700019836426,train,-1,False
CC12CCC1C1OC12C,1.76419997215271,train,5888,True
CC1=CCOC12CC2C,1.538699984550476,train,5889,True
CC#Cc1ncnnn1,4.237400054931641,valid,5890,True
OCCN1C2C3NC3C21,4.226399898529053,train,5891,True
O=CC1OCC1CCO,4.396699905395508,train,5892,True
C#CCC1C=C(C)CC1,0.9939000010490416,train,5893,True
COC(C)C(C#N)CO,4.728600025177002,train,5894,True
O=C1NC23CN4C2CC143,3.595400094985962,train,-1,False
Cc1cnoc1N(C)C,3.812900066375733,train,5895,True
CC12CC1C(C#N)CO2,3.931299924850464,train,5896,True
O=Cc1nnon1,1.4031000137329102,train,5897,True
O=CC1(O)CCCOC1,2.424299955368042,train,5898,True
CCC12C=CC(OC1)O2,1.7936999797821045,test,5899,True
CC1C2COC1(C)OC2,2.227099895477295,test,5900,True
N=CN(C(N)=O)C(N)=O,1.395400047302246,train,5901,True
CC12CC3C4OC(C31)C42,1.8531999588012693,valid,5902,True
C1CC12C1OC2C12CC2,1.888399958610535,test,-1,False
COC(=O)C(C)(O)C=O,2.165299892425537,train,5903,True
CC1(CC(=O)C#N)CC1,3.645699977874756,train,5904,True
C1OC12CC1C3OC1C32,2.103399991989136,train,-1,False
C#CC1C=CC2NC2C1,1.9185999631881716,train,5905,True
OC1C(O)C1OC1CC1,1.7882000207901,train,5906,True
CC(C#N)C1OCC1O,2.1563000679016118,train,5907,True
CC(=O)C1CC1OC=N,4.384900093078613,train,-1,False
CC(C)CCOCC=O,3.046999931335449,train,5908,True
C#CC1(C#N)C=CCO1,4.571700096130371,train,5909,True
CC1(CC2CO2)CC1,1.6023999452590942,test,5910,True
CC12OCC3OCC1C32,1.794100046157837,train,5911,True
COC12C=CC(CC1)O2,1.5772000551223757,test,5912,True
CC12C3CC1C3C21CC1,0.2249999940395355,valid,5913,True
Cc1cn2nc[nH]c2n1,2.6196999549865723,train,-1,False
CCC1=CC2C=CC1O2,1.8483999967575075,valid,5914,True
OC1CCC12C1CC2O1,1.2209999561309814,train,-1,False
CC1=CCC(C)N1C=O,3.463000059127808,valid,5915,True
C1CCC23CC2OC3C1,1.9200999736785889,train,5916,True
O=CC12CCC1C(=O)O2,2.2121999263763428,valid,5917,True
COCC(C)C1(C)CO1,1.1690000295639038,train,5918,True
O=CC1CC2CCC1C2,3.0151000022888184,valid,5919,True
CC1C2C(O)CC(O)C12,2.6013998985290527,valid,5920,True
C#CCC1CCC(=O)N1,3.7314999103546143,test,5921,True
O=C1C2CCC1(O)CO2,1.7625000476837158,valid,5922,True
CC1C2CC1(C)N1CC21,1.3974000215530396,train,-1,False
O=COc1ccc(O)[nH]1,4.2042999267578125,train,5923,True
Cc1coc2nc[nH]c12,4.416200160980225,train,5924,True
CCC1(C)C2C3NC3C21,1.78849995136261,train,5925,True
COC1CC=C(C)C1,0.84170001745224,train,5926,True
Nc1cc(OC=O)no1,5.839300155639648,train,5927,True
N=COc1nocc1N,2.0190999507904053,train,-1,False
O=CN1C=CC(=O)C1=O,2.5703999996185303,train,5928,True
CC(=O)OC=NC(C)C,0.4846000075340271,train,5929,True
CC1C=CC(C)OCO1,2.187000036239624,train,5930,True
CCCC(CC)OC=O,4.002900123596191,valid,5931,True
Nc1nncc(O)c1O,4.499100208282471,valid,5932,True
OCC12OC3CC1CC32,1.9687999486923216,train,5933,True
CN=COC,2.90910005569458,test,5934,True
O=CCC1OCC12CN2,2.535799980163574,valid,5935,True
CNC=O,3.707099914550781,train,5936,True
Nc1cc(OC=O)co1,4.74429988861084,train,5937,True
NC1COC1=NC1CC1,0.8511000275611877,train,-1,False
CCCC1CCN=CO1,2.294300079345703,train,5938,True
CN=C1COC(=N)CN1,2.196199893951416,train,-1,False
CC12CC(C1)C1COC12,1.6593999862670898,test,5939,True
C#CC1OC(C#N)C1N,3.486299991607666,train,5940,True
CCC1(C=O)OC1(C)C,2.4591000080108643,train,5941,True
c1ccn(C2CC2)c1,2.0297000408172607,train,5942,True
O=C1C2C=CC1(CO)O2,1.8942999839782717,valid,5943,True
O=CC1C2NC2C12CC2,3.983000040054321,train,5944,True
CC12CC3CC1C2O3,1.4867000579833984,train,5945,True
O=C1OC2COCC1O2,3.424099922180176,valid,5946,True
Cc1c[nH]nc1C=O,5.483399868011475,train,5947,True
COC1(C)OCCC1=O,2.419600009918213,train,5948,True
CNc1cnoc1N,3.7021000385284415,train,5949,True
Oc1[nH]nc2c1OCC2,1.625499963760376,test,5950,True
C#CC12CC1OCC2C,1.0799000263214111,train,5951,True
CC(C)(C)C1(C)CO1,1.673799991607666,train,5952,True
CC1(C)OC1C=O,3.3635001182556152,train,5953,True
CC(CO)C1C=CCC1,1.2884000539779663,train,5954,True
OCCNc1ccno1,4.721700191497803,train,5955,True
CN(C=O)C(=N)CO,4.019299983978272,test,5956,True
CN=c1cccc(F)[nH]1,2.0827999114990234,train,5957,True
CNc1cnoc1C=O,6.706399917602539,train,5958,True
CCC(O)(C=O)CCO,2.4930999279022217,train,5959,True
N#CCN1CC2(CO2)C1,4.69890022277832,train,5960,True
CC1NC12CC1OC12,1.054900050163269,train,5961,True
C#CC1C=CCC(=O)C1,2.78629994392395,train,5962,True
COc1cncc(C)c1,1.758999943733215,train,5963,True
Cc1coc(O)nc1=O,3.3742001056671143,train,5964,True
Nc1cnc(CO)cn1,1.270900011062622,train,5965,True
C#Cc1nc[nH]c(=O)n1,4.051000118255615,train,5966,True
C#CCC(=O)C(C)C#C,1.891700029373169,valid,5967,True
CC1CCCC12COC2,2.0160999298095703,train,5968,True
CC(O)C1C2OCC21C,2.557499885559082,valid,5969,True
CC#CC1(C(N)=O)CC1,3.6863999366760254,train,5970,True
CCC1CC=CC1=NO,1.1597000360488892,valid,5971,True
CC(=NO)C1OC1(C)C,1.4575999975204468,train,5972,True
OC1C2CCOC1CO2,1.049100041389465,train,5973,True
CC12C=CC3C(C1)C32C,0.5322999954223633,train,5974,True
CN1C=CCCOC1=O,3.95770001411438,train,5975,True
OC1C=CCCC2CC12,1.4946000576019287,valid,5976,True
C#CC1CC2CCC=C12,0.715399980545044,train,5977,True
O=CC12NC3C(=O)C1C32,3.293800115585327,test,5978,True
CNC(=O)CCOC=N,2.9407999515533447,train,5979,True
CC(=O)C12C3C4C3C1C42,3.0546000003814697,train,5980,True
CC1CC2(CO1)OC2C,2.2934999465942383,train,5981,True
CC#CC1(C)OCCO1,1.6299999952316284,test,5982,True
CC(=O)CO,2.9514000415802,train,5983,True
CC(O)C(C)C(O)C=O,3.0689001083374023,test,5984,True
Cc1cc([N+](=O)[O-])c[nH]1,6.696100234985352,train,5985,True
CC1N=COC2CC12O,1.9610999822616575,train,5986,True
C1CC1C1(C2CO2)CN1,2.371500015258789,train,5987,True
CC1(C=O)C2CC3C2C31,3.069200038909912,test,5988,True
Nc1noc2cnoc12,1.7777999639511108,train,5989,True
CC1C2CC(=O)NC12C,3.776599884033203,train,5990,True
CC1=NCC2(CC2)CO1,1.7353999614715576,train,5991,True
COCC1COC1(C)C,2.113100051879883,train,5992,True
CCCC1(O)CC(O)C1,0.4149999916553497,train,5993,True
C1COC(C2CN2)O1,1.3143999576568604,train,5994,True
O=C1C=CNCCCN1,5.547100067138672,train,5995,True
COC1(C#N)C(N)C1O,3.751899957656861,train,5996,True
O=CC1=C2NC3C(C1)C23,4.725100040435791,train,5997,True
CCC1CC(=O)C2OC12,3.066400051116944,test,5998,True
CC12CC(=O)N1C1CC12,3.767800092697144,train,5999,True
CCC1=CCC(CO)C1,1.3974000215530396,test,6000,True
CC12CCN1C(C#N)C2,5.161099910736084,train,-1,False
OCC1CC2NC12CO,2.0185999870300293,train,6001,True
C(#CC1CN1)C1COC1,2.164900064468384,train,6002,True
c1cc(OC2CC2)on1,2.378200054168701,train,6003,True
CC12CCC1C2C=O,3.531599998474121,train,6004,True
OCC12CC1C(O)CO2,2.7881999015808105,valid,6005,True
Cc1nc(=N)c(O)c[nH]1,5.154399871826172,test,-1,False
CN1C2CC(=O)C21C,2.2018001079559326,train,-1,False
CC#CCOCC1CC1,0.666700005531311,train,6006,True
O=C1CC=C(CO)CC1,3.9330999851226807,valid,6007,True
CC#CC12CC(=O)C1N2,2.9068000316619877,train,6008,True
CC#CC1C2CN1C2,1.7625999450683594,train,-1,False
N=c1cnocn1,1.440999984741211,valid,-1,False
C#CC12OCOC1C2O,1.7888000011444092,train,6009,True
O=C1C=CCC2OC12,3.9274001121521,train,6010,True
Cc1nc(O)ncc1O,2.360300064086914,train,6011,True
CN1C2C3CC(O)C3C21,2.962100028991699,train,-1,False
C1=C2COCCC2CC1,1.1224000453948977,train,6012,True
CC1C2C3OCC3(C)C12,1.8518999814987185,valid,6013,True
N=C(N)n1ccoc1=O,1.5915000438690186,train,6014,True
CC1OC1C(C)(O)CO,1.8446999788284304,train,6015,True
N#CC1C(N)C2OC12,4.281799793243408,train,6016,True
C#CC1(C(N)=O)CO1,2.38949990272522,train,6017,True
CN1CC1C1CCCC1,1.304900050163269,valid,-1,False
CNC(=O)OCC(N)=O,4.343699932098389,train,6018,True
C1CC23OC(C4OC42)C13,3.192300081253052,train,6019,True
OCC1NC1C1CC1O,3.0099000930786133,train,6020,True
Cc1[nH]nc(C#N)c1N,6.568600177764893,train,6021,True
CC(C)(C)c1cnc[nH]1,3.706799983978272,train,6022,True
N#Cc1oc(N)nc1N,5.246399879455566,train,6023,True
CCCC1CC(O)C1,1.5432000160217283,test,6024,True
Cn1cncc1[N+](=O)[O-],4.054699897766113,test,6025,True
CC12CC34CCC(C13)C24,0.0399999991059303,test,6026,True
CC(=O)C1C(O)C1(C)O,2.1277999877929688,train,6027,True
CC#CC12C3C4C3N1C42,1.8348000049591064,train,6028,True
C1COC23CCC2(C1)C3,1.5044000148773191,train,6029,True
C[NH2+]CC(C#N)C(=O)[O-],4.478400230407715,test,-1,False
CN=C1NC=NC1CO,4.8368000984191895,train,-1,False
CC1CC12COC2(C)C,1.7454999685287476,train,6030,True
CC1C(C)C2C(C)C12,0.0847999975085258,train,6031,True
Cc1cn2c(n1)CCC2,3.5030999183654785,train,6032,True
CC12COCC1(C#N)O2,3.2660000324249268,train,6033,True
C#CC12CC1C(O)C2=O,2.0432000160217285,train,6034,True
O=C1C2CC3OC3C1C2,4.162899971008301,train,6035,True
CC1(C=O)C2C3OC3C21,3.661400079727173,test,6036,True
CCN(C)c1ccno1,4.018499851226807,train,6037,True
N#CC1CCCC2OC12,5.202300071716309,train,6038,True
CC1(C)CC2(C)OCC12,1.6574000120162964,train,6039,True
CC(C)C(CO)CC=O,3.618200063705444,train,6040,True
COCCCC1CN1C,2.120300054550171,train,-1,False
CCc1ncoc(=N)n1,2.975600004196167,train,-1,False
CC12OC=NC1C1OC12,2.9200000762939453,train,6041,True
C#CC1CCCCC1O,1.5472999811172483,train,6042,True
Cc1cnccn1,0.5824999809265137,train,6043,True
CC1(CCCC=O)CO1,3.021199941635132,train,6044,True
CC1(C)C(=O)NC1C=O,3.727400064468384,train,6045,True
C#CC12C3CC1N1C3C12,1.408400058746338,train,-1,False
C1CC2C(=N1)OC1CC12,3.608099937438965,test,-1,False
CC#CC1OCCC1O,1.9157999753952024,train,6046,True
CC1=CC(C)C(=O)C1=O,4.879199981689453,train,6047,True
COC1C2NC1C2O,2.841399908065796,train,6048,True
Cc1n[nH]cc1CC#N,4.639999866485596,test,6049,True
CCC1NC(=O)C12CO2,4.363999843597412,train,6050,True
CC12CC(CO1)CO2,2.2090001106262207,train,6051,True
Cc1nnoc(=N)c1N,4.470600128173828,train,-1,False
OC1CCC(O)C12CC2,2.883500099182129,valid,6052,True
O=c1cccc(O)o1,3.0826001167297363,train,6053,True
N#CC12CC1OCCO2,4.0980000495910645,train,6054,True
O=C1NCCCC1O,4.155099868774414,train,6055,True
COC12C=CC3C1NC32,1.45169997215271,train,6056,True
Cc1ncoc1C1CN1,1.030900001525879,train,6057,True
C#CC12OCC1C1OC12,2.8306000232696533,test,6058,True
CCC1C(C)C1O,1.2561999559402466,train,6059,True
C1NC1C1OCC12CC2,1.6669000387191772,train,6060,True
O=CC1C2C3NC3C12O,3.3143999576568604,train,6061,True
CC12CC(C)(O1)C1NC12,2.877500057220459,train,6062,True
CC1=CC(C)OCC1=O,3.1059999465942383,valid,6063,True
NC12C3C4=NCC1N4C32,4.198999881744385,train,-1,False
CCCC(N)C#N,2.9388999938964844,valid,6064,True
CNC(=N)C1OCCO1,2.992300033569336,train,6065,True
C#CC1=CC(C)C(=O)N1,2.984100103378296,train,6066,True
Oc1nc2c(o1)OCC2,2.104599952697754,train,6067,True
NC(=O)Nc1ccn[nH]1,5.312900066375732,valid,6068,True
C1CC2OC2C2CC12,1.778599977493286,train,6069,True
COC(CO)C1CC1C,2.411400079727173,train,6070,True
C#CC(C#C)NC(N)=O,3.4758999347686768,valid,6071,True
CCC1CC=CC12CC2,0.1985000073909759,train,6072,True
O=C1CCCCCN1,3.860300064086914,train,6073,True
CC1COCC2CC2C1,1.2028000354766846,train,6074,True
CNC(C#N)C1OC1C,3.79800009727478,train,6075,True
c1nc2nconc-2n1,2.0302999019622803,train,-1,False
CC1CC(O)CCO1,1.6539000272750854,train,6076,True
ON=C1CC2CC1C2O,0.7233999967575073,train,6077,True
CC1(O)CC1(C)C#N,5.423999786376953,train,6078,True
O=CNc1ncncn1,3.031399965286255,train,6079,True
CC(C)CC1OC1C,1.6057000160217283,train,6080,True
OC1C2C=CC3CC3C12,1.4545999765396118,train,6081,True
CC1C2CN(C)C12C=O,3.641799926757813,train,-1,False
O=CC1(O)C2C3CC3C21,2.634200096130371,train,6082,True
N#CCC1CNC(=O)C1,1.6466000080108645,train,6083,True
N=C1OC(=O)C2CC1N2,3.817800045013428,train,-1,False
C1CC23CCC24OC3C14,2.019200086593628,train,-1,False
CC1C2CCC3CC3C12,0.2293000072240829,valid,6084,True
CN=C1OCOC1CO,2.392199993133545,test,6085,True
CCOC1(C#N)CC1C,3.766799926757813,train,6086,True
O=C1Cn2nccc2N1,2.1164000034332275,valid,6087,True
C#CC1(O)CCCCC1,1.2577999830245972,train,6088,True
COCC1NC1COC,1.8039000034332275,train,6089,True
Oc1coc(N2CC2)n1,2.1577999591827397,train,6090,True
C1CC2CC3CC3(C1)C2,0.2761000096797943,train,6091,True
CC(C)([NH+]=CN)C(=O)[O-],7.138700008392334,train,-1,False
Cc1nc(O)nn1C,3.5388998985290527,train,6092,True
CCC1C2COC12C#N,4.676300048828125,train,6093,True
OCC1Cn2nccc21,1.4420000314712524,train,6094,True
CC12COCC3C(O1)C32,2.54259991645813,train,6095,True
CCC1C(C=O)C2CN12,1.652999997138977,train,-1,False
N=C1OCC12CC2O,2.875600099563598,train,-1,False
Oc1ccon1,1.651900053024292,test,6096,True
O=Cc1nc(O)co1,2.845499992370605,valid,6097,True
C#CC(CC)CC(C)C,0.538100004196167,train,6098,True
CC12NC1CC2NC=O,4.00540018081665,train,6099,True
OCC1C2CC=CC12O,2.166300058364868,test,6100,True
OCC1CN1C1COC1,3.634000062942505,train,-1,False
C#CC12C(O)C3C1CC32,1.6160999536514282,train,6101,True
NC1=NC2CC2OCO1,1.822800040245056,train,6102,True
N#CC12CCNC1CN2,4.482200145721436,train,6103,True
O=CNC1=NCC(O)C1,2.249300003051758,train,6104,True
CC1C(CCO)C2OC12,2.96560001373291,train,6105,True
C#CC1CC(CC)C1C,0.8406000137329102,train,6106,True
CC12CC(O)C(O)C1N2,1.8495999574661253,train,6107,True
CC1(C)C2C3OC2(C)C31,1.866199970245361,test,-1,False
CC(CO)C1=CCCC1,1.3424999713897705,valid,6108,True
CN=c1ccoc(=O)[nH]1,1.761299967765808,train,-1,False
COC(C)C(=O)C(C)O,3.705300092697144,train,6109,True
O=C1C=CC2NC12CO,3.2111001014709477,test,6110,True
O=C(CO)N1CC1,3.8155999183654794,train,6111,True
CC12OC3C4C1N4CC32,1.207800030708313,train,-1,False
CNC(=O)n1cccc1,3.254800081253052,train,6112,True
CCC1(C)CC1C=O,3.4054999351501465,train,6113,True
C#CC12C3CC1(C)C2O3,1.621999979019165,train,6114,True
C1OC1C1COC2CC21,0.7610999941825867,train,6115,True
O=CCC1=CC(=O)CC1,2.2304999828338623,test,6116,True
CC(=O)C(O)C#CC#N,4.3979997634887695,valid,6117,True
O=Cc1cncc(F)c1,2.527400016784668,train,6118,True
C#CC(C)C1CC1,0.65420001745224,train,6119,True
C#CC12CN1CC1CC12,1.7552000284194946,train,-1,False
n1nnon1,0.6581000089645386,train,6120,True
CC(=O)C1CCC(=O)N1,5.221099853515625,train,6121,True
Cc1nc(O)c(C)o1,0.8877999782562256,test,6122,True
Cc1cc(O)c(C)[nH]1,1.6953999996185305,train,6123,True
CC12OCC(C1=O)C2O,3.055299997329712,train,6124,True
CN(C)c1cnoc1,4.009799957275391,train,6125,True
CC(=O)C12CC(O1)C2O,1.9292999505996704,train,-1,False
NC=[NH+]C1CC1C(=O)[O-],7.529600143432617,train,-1,False
CNc1cnc(=O)on1,7.225599765777588,train,6126,True
CC1(O)CC1(C)OC=N,4.68179988861084,train,6127,True
C1=Nc2[nH]cnc2CO1,1.537500023841858,train,6128,True
CC#CC1C2OC(C)C12,1.396299958229065,train,6129,True
CC1C=C(C#N)CC1C,4.691800117492676,train,6130,True
CC(C)C(=O)CCC#N,4.014699935913086,valid,6131,True
O=CC1=CCC2COC12,4.819499969482422,train,6132,True
COCC(=O)C1CC1,3.5322999954223637,train,6133,True
CC1=C(C)C(C)OC1=O,4.979400157928467,train,6134,True
OC12CC1OCC21CN1,1.204300045967102,train,6135,True
C#CC1OC1C(O)CC,0.7098000049591064,valid,6136,True
Cc1c[nH]c(C(C)C)c1,1.5994999408721924,train,6137,True
CCCN1C2C3OC3C21,1.5464999675750732,train,6138,True
C#CC#CC#CCC#N,3.5794999599456787,train,6139,True
CCC1CC(CC)C1C,0.1569000035524368,train,6140,True
O=C1OC2COCC12,4.276000022888184,train,6141,True
Nc1c[nH+]c(C(=O)[O-])[nH]1,4.440499782562256,train,-1,False
COC(C)C1(C=O)CO1,1.7544000148773191,valid,6142,True
CCN=c1ccocn1,2.517800092697144,train,-1,False
CC1=CC(C)NC1C#N,4.614500045776367,train,6143,True
CC12CC(N=CN1)C2=O,4.313799858093262,train,-1,False
N=C1OCC1CC1CO1,2.8357999324798584,train,6144,True
CC1NC2CC2CC1=O,2.822200059890747,test,6145,True
C#CC1CC2(C#C)CC12,0.2728999853134155,train,6146,True
N=C1NCC=CCC1=O,4.230199813842773,train,-1,False
OC1C2C=CC3CC1N32,1.645300030708313,train,-1,False
OC1(C2CN2)C2CC1O2,2.4433999061584477,train,-1,False
CC1(C#CCCO)CN1,1.3184000253677368,test,6147,True
CC(=N)NC(C)=O,5.081099987030029,train,6148,True
CCC12C3CN1CC32O,1.947800040245056,test,6149,True
OC12C3CC1C1(O)C3C21,2.322000026702881,train,6150,True
O=Cc1nccc(=O)o1,1.7985999584197998,valid,6151,True
CN=c1cc[nH]nc1,3.406500101089477,train,-1,False
OCC(O)C#CC1CC1,3.293100118637085,train,6152,True
Nc1nc(O)c[nH]1,3.1171998977661133,valid,6153,True
C#CC1CC1C#C,0.8669000267982483,train,6154,True
CC(=O)C1C2N=COC21,3.2713000774383545,train,6155,True
O=CC(O)C12CCC1C2,2.1561999320983887,test,6156,True
OC12C3C=CC1CC2C3,1.0615999698638916,train,6157,True
CCN1C2CC(=O)CC21,1.6434999704360962,train,-1,False
O=C1OCCC1(O)CO,3.4242000579833984,train,6158,True
OC1CCC2OCC=C12,0.2675000131130218,test,6159,True
CC(C)C(C)(C#N)CO,3.1730000972747803,train,6160,True
O=C1CC2CC2C(=O)N1,3.331199884414673,train,6161,True
N#CC1=CCC(O)C1,5.513899803161621,train,6162,True
CC12OC1CNC2=O,3.81060004234314,test,6163,True
CCOc1nnn(C)n1,0.9854999780654908,test,6164,True
OCCCCC1(O)CC1,2.1819000244140625,train,6165,True
Cn1nnc(=O)nc1F,6.375100135803223,train,6166,True
N#CCC=O,2.171999931335449,train,6167,True
N#CC(N)=NCC1CC1,5.283100128173828,train,6168,True
CC1CC2CCC3C1C23,0.222800001502037,train,6169,True
CC(C)n1nnc(O)n1,1.813099980354309,train,6170,True
CC12CC1C1COC12,1.783400058746338,train,6171,True
Cc1ccnc(C)c1,2.187000036239624,train,6172,True
CC(=O)C1CC2CC21C,2.8410000801086426,test,6173,True
CC(=N)N(C=N)C(C)=O,1.0809999704360962,test,6174,True
CC1OC2C(C)OC12,1.0126999616622925,train,6175,True
CC1CC=CC1CO,1.4045000076293943,test,6176,True
CC1C=CC2(CN2)C1O,2.060100078582764,train,6177,True
CC1(CCO)NC1C#N,6.1427001953125,train,6178,True
CC1COC1CCC#N,4.8871002197265625,valid,6179,True
CN=C1CCNC(=O)O1,3.828200101852417,train,6180,True
ON=C1CN2CCC12,1.1582000255584717,valid,-1,False
O=C1NC2CC=CCC12,3.6131999492645264,train,6181,True
CCOC1=NC2CC2C1,0.8593999743461609,train,-1,False
CC1(C)NCC1=NO,1.1979999542236328,train,6182,True
C#CC1OCC1(C)CO,2.32450008392334,train,6183,True
CC(O)c1cnccn1,1.5224000215530396,train,6184,True
OCC1OCC2CC1C2,2.858599901199341,train,6185,True
C#CC(C)(C#CC)C=O,2.5624001026153564,train,6186,True
CCN(C=O)C1CC1O,2.4140000343322754,train,6187,True
Nc1ncc(=O)[nH]c1O,4.277699947357178,train,6188,True
C1OC2C3CN4C3C1C24,0.6735000014305115,train,-1,False
CC1OC2CC=CC1C2,1.283400058746338,valid,6189,True
O=CCCC1OCCO1,3.8685998916625977,train,6190,True
CC1CC1C1C2CC1O2,2.1142001152038574,train,-1,False
N=c1cc(CO)onn1,1.2382999658584597,train,-1,False
COC(C1CN1)C1CO1,3.585599899291992,train,6191,True
CC1CC2CC12C,0.3242999911308288,train,6192,True
N=C1CNCC2(CC2)O1,2.814500093460083,train,6193,True
CCC1CC(C)C1CO,1.264799952507019,train,6194,True
OCC12CC1(O)CCO2,1.628600001335144,train,6195,True
N#CC1C2NC1C21CO1,4.894100189208984,valid,6196,True
CN=c1nc[nH]cc1F,5.717100143432617,train,-1,False
C#CC1CC2CC2CO1,1.60099995136261,train,6197,True
CC1(C)COC(=N)C1=O,4.406899929046631,test,6198,True
CCC1NC1(C=O)CC,2.233299970626831,train,6199,True
CCCCCC(=O)OC,1.5175000429153442,valid,6200,True
CCCC1CCC1C#N,4.09499979019165,train,6201,True
CC(=N)Nc1cnon1,5.594600200653076,train,6202,True
COC12CC3C1CC32C,0.8780999779701233,train,6203,True
CN(CC#N)C(=N)C#N,3.342900037765503,test,6204,True
CC12C3C4=CC1N2C3C4,0.859000027179718,train,-1,False
CC1Cc2cccn21,2.2363998889923096,train,6205,True
OC1CN2C3C=CC12C3,1.7878999710083008,train,-1,False
C#CC(=O)C(C)(C)CC,2.6577999591827397,train,6206,True
O=CC1(OCCO)CC1,2.759999990463257,train,6207,True
CC12C(O)C1C1CC12O,0.9052000045776368,train,6208,True
C1CC2(O1)C1CC3C2N31,3.2251999378204346,train,-1,False
CC1C2CC1(C)OC2=N,3.406100034713745,train,-1,False
O=CCCC(C=O)C=O,1.6490999460220337,train,6209,True
CCOC1C(=O)NC1C,2.796499967575073,train,6210,True
CC(C=O)C1OC1C#N,4.57889986038208,train,6211,True
O=c1[nH]cc(O)nc1F,3.678100109100342,train,6212,True
CC1(C)CO1,1.8235000371932983,train,6213,True
COc1cc[nH]n1,1.785599946975708,train,6214,True
O1C2C3C1C1C4C3C2N14,2.783900022506714,train,-1,False
CC1C2CC2C1(O)C=O,2.438199996948242,train,6215,True
CC(C#N)C(O)C=O,3.973999977111816,train,6216,True
N#CC(N)CO,4.57450008392334,valid,6217,True
C1OCC(C2COC2)O1,1.580299973487854,train,6218,True
CNC12COC1C2C#N,5.302700042724609,train,6219,True
C1=C2C(CN3CC23)OC1,1.8939000368118288,train,-1,False
O=CC1CCCC(=O)N1,5.068299770355225,train,6220,True
O=CC1CCC(O)C1,3.532599925994873,train,6221,True
CCC(C)C(C)COC,0.9391999840736388,valid,6222,True
N#CC12CNC3C1NC32,5.226099967956543,train,6223,True
CC(N)(C[NH3+])C(=O)[O-],4.928400039672852,train,-1,False
CC1C2CC2C1OC=O,4.151299953460693,train,6224,True
COC1CC12COC2,1.489300012588501,test,6225,True
CCC12C(O)C1N1CC12,1.4437999725341797,train,-1,False
O=c1onc2n1C=CC2,5.818399906158447,train,6226,True
C1CC2CC2C2CC1C2,0.1273999959230423,valid,6227,True
CN1C2C(=O)C1C1OC12,1.4962999820709229,train,-1,False
CN1CC2CC1C(=O)N2,3.4235999584198,train,-1,False
CCC1CC=CC12CN2,1.7971999645233154,test,6228,True
OCc1ncc(O)[nH]1,2.336800098419189,valid,6229,True
CN1C2C(O)C1C1OC12,0.4966000020503998,valid,-1,False
O=CC12CC(O)C1CO2,1.962499976158142,train,6230,True
CC1(C)CCC1(N)C#N,4.198299884796143,train,6231,True
CCc1cnc(OC)[nH]1,2.229399919509888,test,6232,True
NC=Nc1cc(N)no1,3.335400104522705,train,6233,True
CC(=O)C(C)CC(C)O,2.5295000076293945,train,6234,True
O=C1C2CC3C(CC13)O2,3.22160005569458,train,6235,True
CC(C)CC(O)CCO,0.2689999938011169,train,6236,True
N=C1CC2CC2O1,2.982599973678589,train,-1,False
Nc1nnn(C=O)c1N,5.749499797821045,train,6237,True
CCC1(C#N)NCC1O,3.155100107192993,train,6238,True
C1NC1COC1CC1,2.483999967575073,train,6239,True
Nc1coc2[nH]cnc12,2.087500095367432,train,6240,True
CC1NC1C(=O)C=O,2.210099935531616,train,6241,True
NCC(=O)NC(N)=O,5.22629976272583,train,6242,True
CC1C=CC(O)(C#N)C1,3.41510009765625,train,6243,True
CCC1CC(CC=O)C1,2.8160998821258545,train,6244,True
COc1[nH]nc(N)c1O,1.587399959564209,train,6245,True
CCC1NCC(=O)C1O,2.1939001083374023,test,6246,True
N#CCCC(=N)OC=O,3.2225000858306885,train,6247,True
O=CCOCC(=O)C=O,2.385200023651123,valid,6248,True
O=CNCC12CCC1N2,2.53439998626709,train,6249,True
CC1(C(N)=O)C2CCC21,3.1686999797821045,test,6250,True
CC1C(=O)C(=O)N2CC12,5.03879976272583,train,6251,True
C#CCc1ncco1,1.2805999517440796,train,6252,True
CC1=CC2COC1C2C,1.3360999822616575,train,6253,True
O=CN1CC(O)C2CC21,3.1528000831604004,train,6254,True
O=CC1C2C3C(=O)N1C32,6.05049991607666,train,6255,True
CC1(C)COCC1O,1.580399990081787,valid,6256,True
C#CC12C3=CCN1C2C3,1.4006999731063845,train,6257,True
C#CC1C2COC1OC2,2.27209997177124,train,6258,True
COCCC12CCC1C2,0.7904999852180481,train,6259,True
CCCc1coc(C)c1,0.6491000056266785,train,6260,True
CC12CN3C1C3(C=O)C2,3.6558001041412354,train,-1,False
CC1OC2C3C1CC23C,1.490399956703186,train,6261,True
CC(O)c1nc[nH]c1N,3.54229998588562,test,6262,True
C#CCOCC1CN1C,2.166699886322021,train,6263,True
CCC1CO1,1.7467999458312988,train,6264,True
c1coc(N2CCC2)n1,2.131500005722046,train,6265,True
O=C1C=C(CCO)CN1,4.611000061035156,train,6266,True
CC12CC1(C#N)OC2=N,2.976999998092652,train,-1,False
CNc1oc(C)nc1C,2.1960999965667725,train,6267,True
CC12CC(N)(C#N)C1N2,3.237600088119507,train,6268,True
N#CCc1cnc(O)[nH]1,2.533600091934204,train,6269,True
OC1C2CCCCC12O,1.0542999505996704,train,6270,True
CC1CC=C(C=O)C1O,3.5508999824523926,train,6271,True
OC12CC3CCC1OC32,2.522700071334839,train,6272,True
CCC1=NCCOCO1,1.0769000053405762,train,6273,True
[NH3+]C1Cn2ncc([O-])c21,4.132400035858154,train,-1,False
C#CC(N)(C#N)C1CO1,5.209199905395508,train,6274,True
CN=C1CN=C(OC)N1,2.9310998916625977,train,6275,True
C#CC(O)C(C)=O,2.911799907684326,train,6276,True
N#CC1CC(C2CO2)O1,4.197999954223633,test,6277,True
CC1C2C(=O)NCCN12,3.2702999114990234,train,-1,False
O=C1C2C3C4CN(C13)C42,3.9052000045776367,train,-1,False
CC1C2(C)C3CN3C12C,1.547600030899048,test,-1,False
C#CC12CC3C1CCC32,0.6736000180244446,train,6278,True
C1=CC2OCCC=C2C1,1.2005000114440918,train,6279,True
OC12CC1C1CC=CC12,1.1239999532699585,train,6280,True
N#CC1C2OC3CN1C32,4.385499954223633,train,-1,False
N#CCOC(=O)CO,2.9549999237060547,train,6281,True
OC1CCc2nocc21,1.7940000295639038,train,6282,True
N#CCOCC(O)CO,3.114799976348877,train,6283,True
C1=Cc2nc[nH]c2CC1,3.827500104904175,test,6284,True
CC1(C)C(=O)C=CC1O,3.850500106811523,test,6285,True
OCC1C2C=CC3C1N23,2.8004000186920166,train,-1,False
O=C1OC2OCC3C1C23,4.551599979400635,train,6286,True
CC1=CC(O)C(=O)NC1,4.440700054168701,train,6287,True
CC1NC1C12CC(C1)O2,1.6026999950408936,train,-1,False
CN(C)c1c[nH]nn1,3.964999914169312,test,6288,True
CCC1(COC=N)CO1,3.6849000453948975,test,6289,True
OC12CCC3(COC13)C2,2.543800115585327,train,6290,True
CC1OC2C(C=O)OC12,2.1796000003814697,train,6291,True
CN1C(=O)C2CC(O)C21,4.09689998626709,valid,6292,True
CC1(C)OC2CCC1C2,1.4003000259399414,train,6293,True
O=C1C2CC3C1C1C2C31,3.049799919128418,train,6294,True
O=C1C=C2NCC2C1O,3.8794000148773193,train,6295,True
O=C1C2CC3C1C(O)C23,2.0390000343322754,train,6296,True
N=C1OCC12C1COC12,3.459399938583374,train,6297,True
CN1CCN=C1C#N,5.00629997253418,test,6298,True
CC12COC1COC=N2,1.723099946975708,train,6299,True
C#CC12OC1C1(C)OC12,3.289999961853028,train,6300,True
OCC12C3C=CC1N2C3,1.36080002784729,train,-1,False
C#CCC1=CCC2OC12,1.5958000421524048,test,6301,True
Cc1cc(=N)c(F)n[nH]1,4.907199859619141,test,-1,False
C1OC2CN3C4CC23C14,2.6466000080108643,test,-1,False
C1CCC(CN2CC2)C1,0.9972000122070312,test,6302,True
CCCC(C)O,1.3758000135421753,train,6303,True
CCC1=C(CC)COC1,1.9688999652862549,train,6304,True
CCN1C2CC(C=O)C21,2.7959001064300537,train,-1,False
Cc1nccnc(=N)n1,4.161099910736084,train,-1,False
C1=CCC2C(C1)C1CC21,0.4138000011444092,train,6305,True
OCC1OCC2OCC12,1.8909000158309937,train,6306,True
OCC1C2CC3OC2C31,0.459199994802475,train,6307,True
CC12C=CC3CC(O1)C32,1.666599988937378,train,6308,True
CC1OC1C(=O)C#N,3.435800075531006,train,6309,True
CC1(C)CC2NC21C,1.6799999475479126,test,6310,True
Nc1nc(F)noc1=O,4.636600017547607,train,6311,True
COC1C(C#N)N2CC12,3.796000003814697,train,-1,False
CC1CC2CNC12C#N,3.416899919509888,train,6312,True
OCCC1C2CC3C1C23,1.4580999612808228,train,6313,True
C#CC(CO)OC=O,3.060800075531006,train,6314,True
N=c1nccc[nH]c1=O,5.597899913787842,train,-1,False
C#CC1C(O)C12CCO2,1.4156999588012695,train,6315,True
CC(O)C1COC1=O,3.225600004196167,valid,6316,True
Cc1n[nH]c(O)c1CO,1.720900058746338,train,6317,True
Cc1cc(C(N)=O)c[nH]1,5.2621002197265625,train,6318,True
CCC12C=CC(=O)C1C2,3.847399950027466,train,6319,True
C#CC12CC3CC1C32O,2.078900098800659,train,6320,True
Cn1c(O)n[nH]c1=O,2.9751999378204346,train,6321,True
CCOC1CC(O)CO1,1.247099995613098,train,6322,True
O=C1OC2(CC2)C1O,3.238600015640259,train,6323,True
Cn1cc2nn[nH]c2n1,4.120999813079834,train,6324,True
CC#CC(C)NC(C)=O,3.776400089263916,train,6325,True
CC(C)CC1OC1C#N,3.7479000091552734,train,6326,True
N=C(N)c1cnc(O)o1,2.8608999252319336,train,6327,True
CC1OC2COC1(C)C2,1.3004000186920166,train,6328,True
CC12CC=CC1(CO)C2,1.467900037765503,train,6329,True
C#CCOCC#CC=O,3.5625,train,6330,True
N=c1ncc(F)c(O)[nH]1,3.999300003051758,train,-1,False
O=CN1CC2CC3C2C31,4.305900096893311,train,6331,True
O=C1CC=CC=CC1,2.531100034713745,train,6332,True
O=CC1CCOC1C=O,3.342400074005127,train,6333,True
OC12CCOCC1(O)C2,2.56820011138916,train,6334,True
O=C1C=CC2(COC2)C1,1.8769999742507932,train,6335,True
CCOc1cc(C)on1,1.7841999530792236,train,6336,True
CC1=CCC2=CCCC12,0.3431999981403351,valid,6337,True
CCC(=O)C1C2CCC21,2.459399938583374,train,6338,True
COCC1(C)OC1CO,2.399300098419189,train,6339,True
C#CC1CCC1C1CO1,1.8671000003814695,train,6340,True
CC1CCC2C(=O)CN12,2.4928998947143555,train,-1,False
O=CC1NCC12CO2,2.849299907684326,valid,6341,True
CCC1OC(=O)C2CC12,4.4720001220703125,train,6342,True
CC12C(=O)CC1C2O,4.261300086975098,train,6343,True
NC(=O)C1(N2CC2)CC1,3.434299945831299,train,6344,True
CC1N=COCC2CC21,2.095499992370605,train,6345,True
CCCNC(=O)CCC,3.2788000106811523,train,6346,True
O=CC12OC1CCC2=O,4.665299892425537,train,6347,True
O=C1C2NC3C2C13CO,3.692300081253052,test,6348,True
CN(C=O)C(=N)NC=O,5.000699996948242,train,6349,True
Cn1ncn2ncnc12,2.132999897003174,train,-1,False
CC1CCC12NCC2=O,2.463399887084961,train,6350,True
CCc1oc(N)cc1N,0.7390999794006348,train,6351,True
NC(=O)N1CC1C=O,3.853899955749512,train,6352,True
C#CC1(C)C=CC2CN21,1.6517000198364258,train,-1,False
O=C1OCC2CN3C1C23,4.754099845886231,train,-1,False
CC#CC1(C2CC2)CC1,0.2800999879837036,train,6353,True
COCC1N2CC1(C)C2,1.5191999673843384,valid,-1,False
CC(C)Cn1cnnn1,5.923600196838379,train,6354,True
CC12CC3N1C3(C=O)C2,3.960700035095215,train,-1,False
CC1(c2ccoc2)CN1,1.7396999597549438,test,6355,True
CCCC(O)C1CC1,1.431399941444397,train,6356,True
CC1(O)C=CC2NC21,0.3675999939441681,valid,6357,True
COC(C)c1ccno1,3.773400068283081,train,6358,True
CC#CC(=O)CC1CO1,4.353600025177002,train,6359,True
Cc1nc(C#N)c[nH]1,7.578199863433838,train,6360,True
CC12CC(OC=O)C1N2,4.129700183868408,train,6361,True
N#CC1C2CC1(C=O)O2,4.764800071716309,test,-1,False
CC1(C#N)CN2CC1C2,3.626199960708618,train,-1,False
N=c1ncc(F)c(F)o1,2.4825000762939453,train,-1,False
CC(=O)C1OCC(C)O1,1.8277000188827517,test,6362,True
COCCNC(=O)CO,4.853499889373779,train,6363,True
c1cc(C2CCC2)no1,2.8898000717163086,train,6364,True
C#CC(O)(C#N)C(N)=O,5.8196001052856445,train,6365,True
C1=CC2OCCC2C1,1.629899978637695,train,6366,True
O=C1C=CC2CCC2C1,3.7242000102996826,train,6367,True
OCC12CNC1CO2,2.5069000720977783,valid,6368,True
CCC(C)C12CC(C1)O2,1.6548999547958374,train,-1,False
O=C1COC(=O)C12CO2,2.5434000492095947,train,6369,True
Oc1cnc2n1C1CC21,2.60290002822876,train,6370,True
CCC1N=C(C)OC1=O,2.2660000324249268,train,-1,False
CC1(O)C(C=O)C2CC21,1.6171000003814695,train,6371,True
N=C1OC2CC1NC2=O,2.7018001079559326,train,-1,False
N#CC1=CC2CCC2C1,4.631899833679199,train,6372,True
C1CC2CC3CC1C2O3,1.4532999992370603,train,6373,True
OC1C2NC1C2N1CC1,2.6424999237060547,train,6374,True
C#CC1C2NC1C2O,2.1080000400543213,test,6375,True
C1OC1C1OCC12CN2,0.9943000078201294,test,6376,True
N#CC1CCC1C1CO1,4.835400104522705,train,6377,True
Cn1nccnc1=N,2.360300064086914,train,-1,False
C1=NC23COCC2(C3)N1,3.068000078201294,train,6378,True
CC1COC12CC(=O)C2,3.132200002670288,train,6379,True
N1C2C1C1OC3C2NC13,1.874699950218201,test,6380,True
N#CCN(C=O)C(=N)N,3.875900030136109,valid,6381,True
N=CN1CCN=C1C=O,6.059000015258789,train,6382,True
OC12CN3C4C3C1CC42,1.4739999771118164,train,-1,False
CCCNC(=O)N1CC1,2.775899887084961,train,6383,True
C#CC(C)C1(O)CCC1,1.6288000345230105,train,6384,True
C1C2C3C4C1C1C2C3N41,1.9616999626159668,test,-1,False
c1noc(NC2CC2)n1,3.353800058364868,train,6385,True
CC1(CO)CC1C#N,4.699299812316895,train,6386,True
Oc1cc2n(c1)CC=C2,1.6087000370025637,train,6387,True
CCC12NC1(C)C1NC12,2.029900074005127,test,6388,True
CC1CC(C2CCC2)C1,0.1142999976873397,train,6389,True
O=C1CN2CC1C21CC1,2.143699884414673,train,-1,False
N#CC12CC1CCCO2,5.244500160217285,valid,6390,True
N#CCN1CC1C(N)=O,6.76230001449585,test,6391,True
NC(=O)C(=O)NC=O,3.14520001411438,train,6392,True
CC1=CC(C)CNC1=O,3.7815001010894775,train,6393,True
C1=CC2C3C=CC1OC23,1.2275999784469604,train,6394,True
C#CCC(C)C1CC1C,0.8192999958992004,train,6395,True
O=Cc1coc(CO)c1,2.5357000827789307,train,6396,True
CC(N)=NC(C=O)C=O,3.948299884796143,valid,6397,True
CNC(C#N)C#CC#N,4.495399951934815,valid,6398,True
N#CC12CCC1(O)C2N,4.190100193023682,train,6399,True
Cc1cc(F)[nH]c(=O)c1,3.4835000038146973,train,6400,True
O=COC1CC1O,3.591900110244751,train,6401,True
C1CN2C1C21CC2NC21,2.650099992752075,train,-1,False
Nc1c([O-])coc1C[NH3+],12.236599922180176,train,6402,True
CC(O)C(C#N)N1CC1,5.115499973297119,train,-1,False
CC1(C=O)CCN1C=O,3.3236000537872314,train,6403,True
COC1CC2(OC)CC12,1.3141000270843506,train,6404,True
CC1C2CC1(O)C2C=O,2.966099977493286,train,6405,True
CC(=N)OCC(N)C#N,5.719900131225586,train,6406,True
O=C1C2CC3C=CC2C13,3.0562000274658203,valid,6407,True
COCC(=O)C(C)(C)C,3.436500072479248,train,6408,True
C1=CC23CC4C2C(C1)C43,0.2513999938964844,train,6409,True
N=c1cnc(F)c(N)o1,4.216300010681152,train,-1,False
CCOC1(C)CC1OC,1.4121999740600586,train,6410,True
CC1CCC(=O)CN1,2.643699884414673,train,6411,True
O=CCC(O)C1CO1,2.360300064086914,train,6412,True
C1C2C3C4C1C1C2C3C41,0.0958999991416931,train,6413,True
C1=CC2OC3C(C=C1)C23,1.6746000051498413,train,6414,True
CC(C#N)(C=O)C1CC1,2.736500024795532,test,6415,True
C#CC(N)C(C#N)CO,2.9059998989105225,valid,6416,True
C#CCC1OC(C)C1=O,0.8234999775886536,train,6417,True
O=c1ccnc[nH]c1=O,4.176499843597412,train,6418,True
CC(C)CC12CC(C1)O2,1.784500002861023,train,-1,False
N#CC1CCC2CC1O2,5.361599922180176,train,6419,True
OC1C2C3CN4C2C4C13,0.8400999903678894,train,-1,False
CC(=O)C1CC2C(C)C12,2.4879000186920166,test,6420,True
N=c1cnc(F)c(O)o1,3.288599967956543,train,-1,False
C#CC12CC1CC(=O)N2,3.352499961853028,test,6421,True
N=C1OCC2CC(=O)N12,5.488999843597412,train,6422,True
COCC12CCC1(C)N2,2.468100070953369,valid,6423,True
NC(=[NH2+])c1cnoc1[O-],8.563300132751465,train,-1,False
C1=CC2OCC3NC32C1,2.935100078582764,train,6424,True
N#CC1COC(CO)C1,2.018399953842163,train,6425,True
COC1C=C(C=O)CO1,2.73580002784729,train,6426,True
CC1C2OC(CC=O)C12,3.957600116729736,test,6427,True
OC12CC3C1C1CN1C32,1.555400013923645,train,-1,False
CC(=O)CC1CC1C=O,2.608099937438965,train,6428,True
N#CC12CCC1C2C=O,2.960900068283081,train,6429,True
CC#CCCCC#CC,0.2820000052452087,test,6430,True
CC1CC(=O)C2C(C)N12,2.54229998588562,train,-1,False
CN1CCC1(C#N)C=O,3.152100086212158,train,-1,False
CCC1(OC)CC2OC21,1.318600058555603,train,6431,True
CC1COCC2(C)CC12,1.187999963760376,train,6432,True
CC(C)(C#N)CN1CC1,4.011199951171875,train,6433,True
OCC1(CO)CCO1,2.030100107192993,train,6434,True
CCC12CCC1(C=O)O2,3.0316998958587646,train,6435,True
CC1(C)C2CC(O)C1C2,1.3293999433517456,train,6436,True
CC12OC1C1OC(=O)C12,5.353400230407715,train,6437,True
OCC12CC3CCC1C32,1.5815999507904053,train,6438,True
C#CC1CC(O)C2OC12,1.5434000492095947,train,6439,True
CC12CC3N(C1)C32CO,2.756799936294556,train,-1,False
CC12CCC(C1)N=CO2,2.29040002822876,train,6440,True
CC1C(=O)COC1=O,1.7107000350952148,train,6441,True
C#CCC1C2C3CN1C32,2.135900020599365,train,-1,False
Cc1ccc(F)cc1O,2.841099977493286,train,6442,True
CC1OC2(CC2C)C1=O,1.4424999952316284,train,6443,True
Cn1cc(N)c(C#N)n1,6.528800010681152,train,6444,True
C#CCC12C3CC1C2C3,0.4744000136852264,train,6445,True
CC12C=CC(O)C1OC2,2.941999912261963,train,6446,True
CC1C2C(C=O)OC12C,3.1143999099731445,train,6447,True
CC(O)CNC(=N)C#N,4.617000102996826,train,6448,True
O=CC(=O)CC1COC1,1.3121000528335571,train,6449,True
C#CC1=NC2CCC2O1,1.3967000246047974,valid,6450,True
CC#Cc1cnnn1C,5.303500175476074,train,6451,True
CC1OC2C3C1OC23C,1.990900039672852,train,6452,True
O=c1[nH]c2ncoc2[nH]1,2.427000045776367,valid,6453,True
CN=C1CCC(=O)N1,1.0326000452041626,train,6454,True
CCC1(O)CNC1=NC,2.316200017929077,train,6455,True
C#CC1CC(C#N)C1C,3.5713999271392822,train,6456,True
C#CC1CNC1C#N,4.654699802398682,train,6457,True
Oc1ccc(F)c(O)n1,1.4485000371932983,train,6458,True
C1=NCC2(O1)C1COC12,2.13949990272522,train,-1,False
CC1OCC2(C)OC12,2.2499001026153564,train,6459,True
C#CC1=C(C)CC2OC12,2.1106998920440674,train,6460,True
COCC(=O)CC(C)C,3.304800033569336,train,6461,True
Nc1nnoc1NC=O,5.986199855804443,train,6462,True
CCc1cc2n(c1)CC2,1.950500011444092,train,6463,True
CCC1C=C(C#N)CO1,3.484100103378296,train,6464,True
CC#CCCOCCO,2.348599910736084,train,6465,True
CCc1cnoc1N,3.848099946975708,train,6466,True
C#CC(CO)C1CCO1,2.407700061798096,valid,6467,True
[NH3+]CC#Cc1cnn[n-]1,8.981900215148926,test,-1,False
NC(=O)Cc1ccc[nH]1,3.38919997215271,train,6468,True
N#CC1CN=C2OCC21,4.568900108337402,train,6469,True
CC(CO)c1cn[nH]n1,1.2889000177383425,train,6470,True
CNC(=O)C1COC=N1,2.087100028991699,train,6471,True
O=CCCOCCO,1.517899990081787,train,6472,True
O=CNC1CCOCC1,2.767400026321411,test,6473,True
CC#CC(O)C1(O)CC1,2.4800000190734863,train,6474,True
CC12C3CN1CC(=O)C32,2.8694000244140625,train,-1,False
C1=Nc2cocc2CO1,2.0908000469207764,train,6475,True
OCC12CCC1C1CC12,1.356600046157837,train,6476,True
CC(=O)NC(=N)C(C)O,3.888099908828736,train,6477,True
N#CC1CC(C2CN2)O1,2.6361000537872314,train,6478,True
CC12CC1C(=O)C(=O)O2,5.598199844360352,test,6479,True
CC12CC1(CCO)CO2,1.8478000164031985,train,6480,True
CCC1(C)OCC(C)O1,0.8899000287055969,train,6481,True
CC#CCCC1CCC1,0.1339000016450882,train,6482,True
CC1=CCC(C)C(O)C1,1.5789999961853027,train,6483,True
CC1CC12CC(C#N)O2,4.483699798583984,train,6484,True
CC1(C=O)C=CC2OC21,0.8895000219345093,train,6485,True
C1CC2OC1C1CCC21,1.4225000143051147,train,6486,True
CC(=O)C1COC(=O)C1,4.610199928283691,train,6487,True
CC1C(O)CCC12CC2,1.3737000226974487,train,6488,True
CC(CO)C1CC2CC21,1.5262999534606934,train,6489,True
C#CC1CC1(C)C(C)O,2.1812000274658203,train,6490,True
CC1C(=O)CC1(C)C#N,2.209399938583374,train,6491,True
N#CCOC(=O)C1CN1,2.5352001190185547,train,6492,True
O=C1CC2OC13CCC23,2.864000082015991,test,6493,True
CC12CC1C=CC2C=O,2.9423999786376958,test,6494,True
CCC1CCCC2CC12,0.1518999934196472,test,6495,True
OC1C2CC1C1CC2C1,1.5693999528884888,train,6496,True
Cc1cnc(O)nn1,3.799000024795532,train,6497,True
Nc1ccc(C2CO2)o1,2.006500005722046,train,6498,True
COC1OC(=O)CC1C,3.7430999279022217,train,6499,True
O=C1CC2(CCN1)CN2,2.797499895095825,train,6500,True
CCC(C)c1cnon1,3.92930006980896,train,6501,True
CCC1Cc2cncn21,4.325900077819824,valid,6502,True
N=c1oc(O)cnc1O,2.365499973297119,train,-1,False
C#CC(C)(C)OC(C)C,1.426699995994568,train,6503,True
O=CCCc1ncon1,2.942199945449829,train,6504,True
CNc1onnc1CN,4.572500228881836,train,6505,True
COC12CC(=O)C1(C)C2,3.549299955368042,train,6506,True
CCCC1C(=O)CC1C,2.666199922561645,train,6507,True
C#CCC(C#C)CCO,1.1823999881744385,train,6508,True
C#Cc1[nH]cnc1O,2.4837000370025635,train,6509,True
CNC(=O)C1OC1(C)C,4.29610013961792,train,6510,True
O=C1NC(C2CN2)C1O,2.2795000076293945,train,6511,True
C1C2OC3C4CC13C4O2,2.101099967956543,train,6512,True
O=CC1CC2C(O)CN12,4.077000141143799,train,-1,False
CC1C2CC3C1C(O)C23,1.5825999975204468,train,6513,True
C1CC1C1C2CC1C2,0.1509999930858612,valid,6514,True
CC1CC(O)C(=O)C1C,2.7769999504089355,train,6515,True
CC#CC(=NC)OC=O,5.308700084686279,train,6516,True
NC(=O)OC1CCC1=O,2.318000078201294,test,6517,True
CCOC(C#N)CCO,3.0274999141693115,train,6518,True
CC1C2N1C1CC12C=O,2.851599931716919,valid,-1,False
C1C2OC3CC4C3C4C12,1.3739999532699585,valid,6519,True
N#CC1CC2NC1C2O,3.9137001037597656,train,6520,True
CCC12CC=C(C)C1C2,0.2257000058889389,train,6521,True
CCC(C)N=C(N)C#N,4.84089994430542,train,6522,True
C#CC1C2CC2C2CC12,0.9294999837875366,train,6523,True
N=C1OCC1CC=O,3.327699899673462,train,6524,True
Cn1nnc(C#N)n1,5.771699905395508,train,6525,True
CC(C)(C)n1ncnn1,3.097399950027466,train,6526,True
N#Cc1cccnc1O,4.58080005645752,train,6527,True
CC1CC1CN1CC1,0.994599997997284,valid,-1,False
OCC1CC2CC1C2,1.2977999448776243,valid,6528,True
C#CC(=O)CCOC,1.7144999504089355,train,6529,True
C#CC(CC#N)OC=O,5.621799945831299,train,6530,True
CCC(=O)NCCO,3.5999999046325684,train,6531,True
CCNCC(=O)C#N,3.657399892807007,train,6532,True
C#CC(C#C)(C#N)NC,4.137199878692627,valid,6533,True
CCNc1cc(O)co1,2.8513998985290527,test,6534,True
C#CCOC1CCC1=O,2.2730000019073486,train,6535,True
Oc1nnn2c1NCC2,4.422800064086914,train,6536,True
C#CC(O)(C#N)C(C)C,3.2936999797821045,train,6537,True
CC12CC34CCN(C13)C24,1.3919999599456787,train,-1,False
CCN1C(=O)CC1CO,5.178800106048584,train,6538,True
NC(=O)CCCCC=O,4.248799800872803,train,6539,True
C#Cc1ccoc1C=O,3.918299913406372,train,6540,True
COc1nc(N)c(N)o1,1.0490000247955322,valid,6541,True
C#CC(C)N(C=O)C=O,5.7118000984191895,test,6542,True
CC1C(CCO)N1C=O,3.664299964904785,train,6543,True
Cc1cn(C)c(O)c1N,0.4223000109195709,test,6544,True
N#CCC1OC12COC2,3.281899929046631,train,6545,True
O=CC1NC2CCC=C12,2.993499994277954,train,6546,True
CCn1cc(C)nc1O,2.233599901199341,test,6547,True
O=CC12CC3CN3C1C2,2.7636001110076904,train,-1,False
CCC(=O)c1nnon1,2.8050999641418457,train,6548,True
CC1C2C3NC3CC12O,0.7850000262260437,train,6549,True
CCC12OC(C1C)C2C,1.787999987602234,valid,-1,False
Nc1c[nH]c(=O)cc1F,4.939099788665772,train,6550,True
CCC(C)OC(=O)CO,3.1700000762939453,test,6551,True
Nc1cnc(F)oc1=O,3.136899948120117,valid,6552,True
Cc1c[nH]c2ocnc12,3.009700059890747,train,6553,True
Cn1cnc2cnoc21,4.063700199127197,train,6554,True
CC(=O)C(O)C(O)C#N,4.333199977874756,train,6555,True
C#CC1=C(C)CCC1=O,4.042699813842773,train,6556,True
CC(CC#N)C1CN1,3.0429999828338623,train,6557,True
Nc1nc(=O)nco1,7.178999900817871,train,6558,True
CN1C2COCC(=O)C21,2.686599969863892,train,6559,True
CC(C#N)C1COCO1,3.482300043106079,valid,6560,True
COCCC(=O)C(C)C,1.4566999673843384,train,6561,True
CC1CC(C)C(O)CO1,1.8140000104904173,train,6562,True
N#CC#CC12COC1C2,4.312099933624268,train,6563,True
Nc1concc1=NO,3.210200071334839,train,6564,True
OCC1=CC2CCC2C1,1.5302000045776367,train,6565,True
N=COC(=O)C(N)=O,3.953000068664551,train,6566,True
O=CCN=C1OC2CC12,4.884099960327148,train,6567,True
Nc1c[nH]nc1CO,2.9391000270843506,train,6568,True
N#CC12OC1C1OC12,3.953999996185303,train,6569,True
O=CNC(=O)CC1CO1,6.176599979400635,train,6570,True
Nc1n[nH]c2ncoc12,1.320199966430664,train,6571,True
CC12C=CCCC1CO2,1.928699970245361,train,6572,True
C1CC23COC2CN13,2.296099901199341,test,-1,False
C#CC1(N)C(C)C1C#N,3.0380001068115234,test,6573,True
CCc1oc(C)nc1C,1.461899995803833,train,6574,True
C#CCC12CC(C)C1N2,1.760200023651123,train,6575,True
CC1OC2(CC2C)C1C,1.6083999872207642,train,6576,True
OC12C=CC(O)(C1)C2,1.4251999855041504,train,6577,True
OCCC1CC1N1CC1,1.6717000007629397,train,-1,False
O=C1CC23CC(CC12)C3,2.8854000568389893,valid,6578,True
O=c1[nH]c2ncoc2o1,2.7602999210357666,train,6579,True
CCC(O)C1(C)NC1C,2.1328001022338867,train,6580,True
Cn1cnc2nonc21,6.174099922180176,test,6581,True
CC1=CNC(C)C1=NO,1.958799958229065,train,-1,False
COc1nn(C)nc1N,1.1390999555587769,train,6582,True
CC1(OC=N)COC1=O,2.8613998889923096,valid,6583,True
C#CCCC(O)C#N,2.7374000549316406,train,6584,True
CC(C)C(O)C1CN1C,1.295799970626831,valid,-1,False
CC(C)C1CC2(C)OC12,1.700600028038025,train,6585,True
C1=CC23CC4C2OC43C1,1.7585999965667725,train,-1,False
CC(=O)C1C2CC1C2,2.535599946975708,train,6586,True
CC1CC2C(=N1)N1CC21,3.171099901199341,train,-1,False
CC12CCC(CO1)O2,1.448699951171875,train,6587,True
N#CC12CC1(O)C1OC12,4.57480001449585,train,6588,True
CC1OCC2NC2C1C,2.461199998855591,train,6589,True
C1C2C3CC4(CC4)C1N23,1.658900022506714,train,-1,False
CC1CC(C2CN2C)C1,1.2753000259399414,train,-1,False
Nc1oc(C=O)nc1O,5.402200222015381,test,6590,True
COC(C)C1CC2OC21,0.8898000121116638,train,6591,True
N#CC#CCC(=O)CO,7.741300106048584,train,6592,True
CC12C3CC1(C#N)CN32,2.9762001037597656,train,-1,False
CC1(C)C(=O)NC1CO,4.022799968719482,train,6593,True
CC(=O)C(CO)CC=O,2.3517000675201416,train,6594,True
CCC1C=C2CN3C2C13,1.0643999576568604,train,-1,False
Cc1[nH]c(CO)cc1O,0.6958000063896179,train,6595,True
NC(=O)C1CCCOC1,2.9209001064300537,train,6596,True
CC(O)c1ncc(N)[nH]1,3.0557000637054443,train,6597,True
OC1CC2C3CC2C13O,2.2295000553131104,train,6598,True
Cn1ccnc1NC=O,2.505300045013428,train,6599,True
CC1CC2CCC2C1,0.2099000066518783,train,6600,True
CCC1C(C)CC1C=O,2.824199914932251,train,6601,True
C1CC2C3C1C1OC1C23,1.791800022125244,train,6602,True
CC1C(O)CC1CCO,2.603100061416626,train,6603,True
N#CC12CC3C(C1O)C32,3.2392001152038574,train,6604,True
CC1(C2CO2)OC1C=O,2.827899932861328,train,6605,True
Nc1onc(O)c1CO,1.959400057792664,train,6606,True
CN1CCn2cccc21,2.5116000175476074,train,6607,True
CCCC(C#N)NC=O,3.857300043106079,train,6608,True
CC1C2CC1(C1CO1)O2,0.7178999781608582,train,-1,False
CC1(C2=NCCO2)CC1,1.125300049781799,train,6609,True
COc1nn(C)c(=N)[nH]1,3.29010009765625,test,-1,False
C#CC1=CC(C)CC1O,1.8335000276565552,train,6610,True
O=CC1OC2C3OC2C13,1.3317999839782717,test,-1,False
c1ncc2cocc2n1,2.465100049972534,train,6611,True
NC(C=O)=NC1CC1,2.819799900054932,test,6612,True
CCC12C3CC3N1C2C,1.4488999843597412,train,-1,False
CC(O)C(C)CCC=O,3.607700109481812,train,6613,True
CC(C)c1nn[nH]n1,1.924000024795532,train,6614,True
CC1C=C(C2CC2)CO1,1.81879997253418,train,6615,True
C1CC2CC23COCC13,1.6576000452041626,train,6616,True
O=CN1CC2(O)CC12,4.115499973297119,train,6617,True
CC1C2N=C3OCC3C12,3.4228999614715576,train,-1,False
CC12OC1(C#N)C1OC12,3.9860999584198,train,6618,True
N=c1nc(F)cn[nH]1,2.085599899291992,train,-1,False
CCC(C(C)O)C1CO1,1.350600004196167,train,6619,True
N=C(CCO)OC=O,2.7578001022338867,train,6620,True
O=C1C=CNC2C(O)C12,4.9359002113342285,train,6621,True
CC(=O)C1OCCC1=O,1.4873000383377075,test,6622,True
CC(C#N)CC1CCO1,4.691299915313721,train,6623,True
CC1CC2OC=NCC12,2.173099994659424,train,6624,True
CC1C2C3C2C2(C)C3N12,1.379899978637695,train,-1,False
CNc1cnc(O)[nH]1,2.017400026321411,train,6625,True
O=C1C=CC2CC(C2)N1,4.295899868011475,valid,6626,True
CCCC=O,2.755199909210205,train,6627,True
C#CC12C(C)CN1C2C,1.860700011253357,train,-1,False
O=CCC(CO)CO,4.064099788665772,train,6628,True
Cn1nc(O)c(N)c1O,0.8338000178337097,train,6629,True
CN=c1[nH]c(N)c(N)o1,3.3966000080108643,train,-1,False
CC(CC#N)COC=N,4.94890022277832,valid,6630,True
N=c1cc(O)[nH]cc1F,6.228600025177002,train,-1,False
CC(C#N)C1(N)CC1O,2.712899923324585,train,6631,True
C#CC#CC12CCC1N2,2.26419997215271,test,6632,True
CCc1cccc(N)c1,1.496999979019165,train,6633,True
CCc1n[nH]cc1N,2.504300117492676,train,6634,True
CC(C#N)C(O)C1CC1,5.5152997970581055,test,6635,True
C#CC(C#N)OCCC,3.243499994277954,train,6636,True
N#CC1C=CC(C=O)N1,2.199899911880493,train,6637,True
CN=COC1CCC1=O,3.2955000400543213,train,-1,False
CC1C=CC(=O)N1,4.306300163269043,train,6638,True
CN1CC1C1(O)CCC1,2.3015999794006348,train,-1,False
C#CC1C2NC(=O)C12O,2.87280011177063,valid,6639,True
CN=COc1nn[nH]n1,1.6592999696731567,valid,-1,False
CC1CC(O)CCCO1,1.1770000457763672,train,6640,True
CC12C3=CC4C(C1C3)C42,1.315000057220459,valid,-1,False
O=C1C=CC2N3CC12C3,1.7384999990463257,train,-1,False
O=C1NC=CC2NC12,3.0473999977111816,test,6641,True
CC1OC1C(N)C#N,4.500899791717529,train,6642,True
O=C([O-])C12C[NH2+]CC1C2,4.9893999099731445,train,-1,False
OCC12CC3C1CC32O,1.118000030517578,test,6643,True
CCC1OC2C(O)CC12,2.5018999576568604,train,6644,True
CCCNC(=O)NC=N,3.1075000762939453,test,6645,True
C1CN2CC2C2(C1)CC2,1.402400016784668,train,-1,False
CC1CC2C(OC=O)C12,4.038300037384033,train,6646,True
CC12CC(C#N)(N1)C2=O,5.618500232696533,test,6647,True
CN=COCC#CC=O,2.200599908828736,valid,6648,True
C1CC2OCC1C21CO1,2.7472000122070312,test,6649,True
COCCC(=O)OC,0.6697999835014343,train,6650,True
CC1=CCc2ccnn21,2.359499931335449,test,6651,True
CC(CO)C(=O)CO,2.5302000045776367,train,6652,True
O1C2C3C4C1C1C2C3N41,1.09089994430542,train,-1,False
CC(O)C1CC=CCO1,2.0645999908447266,train,6653,True
CC1C(CO)N1CC#N,4.859899997711182,train,6654,True
CC12C=CC(C=C1)CC2,0.3212000131607055,train,6655,True
CCOc1c[nH]c(C)n1,2.553299903869629,test,6656,True
C#CC(C#CCO)=NO,1.4625999927520752,train,6657,True
O=C1NCC2(CC2)CO1,5.320899963378906,test,6658,True
C#Cc1cnnn1C=O,5.347499847412109,train,6659,True
CC(O)CC1COC1C,2.5464000701904297,test,6660,True
CC1CC(O)C2(C)OC12,1.774799942970276,test,6661,True
C#CC(O)CC1OC1C,1.4312000274658203,train,6662,True
Cc1ncn2c1CC=C2,3.3947999477386475,train,6663,True
N#CC1C2OC(=N)C12N,4.480000019073486,test,6664,True
CC1C2C3CCC1(C)C32,0.1842000037431717,train,6665,True
CC(C)(C)C1C2CC1O2,2.001300096511841,train,-1,False
Cc1coc(C2CO2)c1,2.2030999660491943,train,6666,True
CC1(C#N)C=CC(=O)C1,3.3118999004364014,train,6667,True
CCC12CC3OC1C32C,2.0069000720977783,train,6668,True
C1C2CN3C2C2OC1C23,1.329699993133545,train,-1,False
OC1CC12NC1COC12,2.708199977874756,test,6669,True
C1=CC2OC=NC1CO2,1.8178999423980715,train,6670,True
Cn1cc(O)c(O)c1,2.9374001026153564,train,6671,True
CC1=NCC(C(C)C)O1,1.4538999795913696,train,-1,False
CC1=C(C)C(C)C(O)C1,1.749500036239624,train,6672,True
CCC(CO)C(N)=O,2.232599973678589,train,6673,True
Cc1cc(=N)[nH]c(O)n1,3.0404999256134038,train,-1,False
C#CC1=CCCC1C,0.7059000134468079,train,6674,True
CCOC1CCC1C,0.9010000228881836,train,6675,True
C1OC23CC4CC12OC43,2.130599975585937,train,6676,True
CC12OC1C1OC12C,3.399199962615967,train,6677,True
CC#CC1C2CC1(C)O2,2.237299919128418,train,-1,False
CC1C2C3CN4C2C4C13,1.7416000366210938,train,-1,False
C#CC1C(O)C1C(N)=O,3.712500095367432,train,6678,True
CCC1C=CCC=CC1,0.1686999946832656,train,6679,True
C[NH2+]C1CC1(C)C(=O)[O-],15.248000144958496,valid,6680,True
N#CC12C=CC3C1NC32,5.484099864959717,train,6681,True
OC1C2OC13COCC23,1.4244999885559082,train,-1,False
CC#CC1CCCCC1,0.099200002849102,train,6682,True
N#CC1CC(OC=N)C1,0.9828000068664552,train,6683,True
COC1CC1(C)N1CC1,1.503600001335144,train,-1,False
C1OC2CC1CC1OC21,1.5745999813079834,valid,6684,True
C1=CC2(CC2)C2(C1)CC2,0.0776999965310096,train,6685,True
C#CC(C#C)=NO,0.4679999947547912,train,6686,True
O=COC12COC1C2,2.441800117492676,valid,6687,True
COC1COC(C=O)C1,1.770400047302246,train,6688,True
COC1OC(=O)NC1C,4.3516998291015625,train,6689,True
O=C1C2OC3CC1C3O2,3.084199905395508,valid,6690,True
Cc1oc(N)c(C)c1C,0.6733999848365784,train,6691,True
O=C1C(O)CCC12CN2,3.95740008354187,train,6692,True
CC#CC(O)(C#N)CN,4.748000144958496,train,6693,True
COC12CC1C1CC12C,0.9047999978065492,train,6694,True
O=CN1C2CC3(O)C2C13,3.113600015640259,train,6695,True
CCc1occc1C=O,3.3238000869750977,test,6696,True
CCCCC#CCO,1.229099988937378,train,6697,True
CCCc1c[nH]cc1N,1.860200047492981,train,6698,True
CC1OC1c1nnon1,2.810400009155273,test,6699,True
CC1C2OCC13OCC23,1.2130000591278076,train,6700,True
CC#CC(C)OCC=O,3.32509994506836,train,6701,True
CC(C)(C)c1cc[nH]n1,2.0246999263763428,valid,6702,True
C#CC(C#CC)C=O,2.7063000202178955,train,6703,True
Cn1cnc2oncc21,6.336699962615967,valid,6704,True
C#CC1C2CC3OC1C32,1.9903000593185425,train,6705,True
C#CCN1CC1C(N)=O,3.3619000911712646,train,6706,True
C#CCC1CCOC=N1,2.5548999309539795,train,6707,True
CC1C=CC2CC2OC1,1.215399980545044,train,6708,True
O=Cn1cnc(CO)c1,2.9795000553131104,train,6709,True
CC1C2(C)OC(=N)C12N,1.8458000421524048,train,6710,True
N=C1NCCC=CC1=O,4.926499843597412,train,-1,False
CC1(C#N)CC1N1CC1,4.211400032043457,train,-1,False
CC1=CC(C#N)N2CC12,4.571599960327148,train,-1,False
C1CC2NCCOC2=N1,3.073199987411499,train,-1,False
O=CN1CC(=NO)C1,3.619199991226196,train,6711,True
CNc1[nH]nc(O)c1C,3.341399908065796,test,6712,True
CCC#CC1CC1C=O,3.221400022506714,train,6713,True
c1onc2c1CCC2,3.4809000492095947,train,6714,True
CCC1C2OC(C)(C)C12,1.4616999626159668,valid,6715,True
C#CC1N(CC)C1(C)C,0.9980000257492064,train,-1,False
CCOCC1NC1C=O,2.602299928665161,train,6716,True
CC(C)(CO)CC1CO1,2.688800096511841,train,6717,True
C#CC(C=O)C(F)(F)F,1.9175000190734863,train,6718,True
CC1CC(=O)NC(=O)O1,3.3129000663757324,train,6719,True
OC1C2CC(O2)C2NC12,2.5007998943328857,train,6720,True
C#CC1(C)CC=CC1C,0.5878999829292297,valid,6721,True
CC1OC1C(=N)NC=O,3.7363998889923096,train,6722,True
CC1=CC2(C)C(C)C2C1,0.2460999935865402,test,6723,True
COC1(C#N)C(C)C1C,3.795700073242188,train,6724,True
C#CC1CC(C=O)O1,1.7319999933242798,train,6725,True
CCOc1nn[nH]n1,0.5683000087738037,train,6726,True
O=CC12CC(N1)C1OC12,4.290900230407715,train,6727,True
OCC12C(O)C1N1CC12,2.4481000900268555,train,-1,False
CC#CC1OC1CC,2.019200086593628,train,6728,True
CCc1cocc1C,1.0164999961853027,train,6729,True
OC1CC2CC1C21CC1,1.7574000358581543,train,6730,True
N#CC12CC1C(=O)CO2,2.8505001068115234,train,6731,True
CC(=O)C1C2C=CC1C2,2.452399969100952,train,6732,True
CC1COC1C#CC=O,3.2239999771118164,train,6733,True
CN(C)c1ccoc1,1.4980000257492063,train,6734,True
Nc1oc(N)c(N)c1N,1.1152000427246094,train,6735,True
OC1C2OC1C2C1CC1,2.026099920272827,test,-1,False
CCOC(C)C(C)C#N,3.9760000705718994,train,6736,True
O=CC12CC(=O)CN1C2,2.6547999382019043,train,6737,True
OCC1CCN2CC12,2.160599946975708,train,-1,False
OC12C=CC(CC1)OC2,1.1532000303268433,train,6738,True
CC1=CCC(C)(O)C1C,1.0849000215530396,train,6739,True
N#CC1CC12OCC2O,2.1835999488830566,train,6740,True
N#CC12CNC1C(O)C2,3.0625,train,6741,True
N#CCC1C=CC2NC12,5.150000095367432,train,6742,True
CC1C2OCC1(C)C2O,0.9352999925613404,valid,6743,True
C#CC1NC1C1CCO1,1.1103999614715576,train,6744,True
CC1C2CC(=O)C1(O)C2,2.577199935913086,train,6745,True
C#CCC1NCC1=O,2.295799970626831,train,6746,True
C1C2OC3C1C2C31CO1,1.2339999675750732,train,6747,True
CNc1cc(NC)[nH]n1,2.8952999114990234,test,6748,True
CC(CO)c1ccoc1,1.3894000053405762,train,6749,True
CCc1n[nH]nnc1=N,2.746900081634521,train,-1,False
Cc1c[nH]c(F)cc1=O,5.4969000816345215,train,6750,True
COc1cnoc1OC,1.750499963760376,train,6751,True
O=CC1(O)CC1C1CC1,2.415299892425537,train,6752,True
COC(C)CC(O)C=O,2.1173999309539795,train,6753,True
OCCc1n[nH]cc1O,2.067300081253052,train,6754,True
CC1C=CC(O)C2CC12,1.7904000282287598,train,6755,True
O=C1CC23C=CC(O2)C13,0.8718000054359436,train,6756,True
CC1C2CCC1C2(C)C,0.0979000031948089,test,6757,True
N#CC1CC(C(N)=O)N1,6.396200180053711,train,6758,True
COCC1(C2CO2)CC1,2.6180999279022217,train,6759,True
O=C1C2COC3C1CC23,3.075900077819824,valid,6760,True
C#CC1CC2(O)COC12,1.986899971961975,train,6761,True
Cc1cc(N)oc(=N)n1,6.623700141906738,valid,-1,False
N=c1ccc(O)ccn1,4.591400146484375,train,-1,False
CC1C2CC3(O)CN2C13,2.3310999870300293,train,-1,False
C#CC1CC2CC(C1)C2,0.8623999953269958,train,6762,True
CC(C)(C)OC1(C)CC1,1.0252000093460083,train,6763,True
COC=NC(C)(C)C,2.67549991607666,test,6764,True
CC(=O)CCOC(C)C,1.639799952507019,train,6765,True
CCC(C=O)CCCO,3.917700052261353,train,6766,True
N=COC1(C2CC2)CC1,3.256799936294556,valid,6767,True
CCC(=O)NCC1CN1,2.3008999824523926,train,6768,True
CC1OC1CCNC=O,2.862499952316284,test,6769,True
N=c1c(O)c[nH]nc1N,4.33620023727417,train,-1,False
CC12C=CC(C)(CC1)C2,0.1844999939203262,train,6770,True
N=c1cc(C=O)[nH]cn1,2.6821999549865723,train,-1,False
CC(C)C(C)(C#N)C#N,4.666299819946289,train,6771,True
C#CCC1(C#C)CC1C,1.2383999824523926,train,6772,True
CC1=CC(C)C(C)C1C,0.3199999928474426,train,6773,True
OCC1(O)CCC1O,1.5943000316619873,train,6774,True
Cc1cnc(C=O)nc1,5.264699935913086,train,6775,True
c1cnn(C2CC2)c1,2.328200101852417,train,6776,True
O=CC1CN2CC(=O)C12,2.5866000652313232,train,-1,False
CC1(C#N)CC(=O)CN1,4.614099979400635,train,6777,True
O=C1C2CC3(O)CC2C13,3.828799962997437,train,6778,True
CCC1(C)OCC=C1C,1.563099980354309,train,6779,True
ON=C1C2CCOC1C2,1.3065999746322632,train,6780,True
Nc1nnoc1N1CC1,3.981199979782105,test,6781,True
Cn1c(F)ncnc1=O,3.189500093460083,train,6782,True
NC1(C(=O)[O-])C2C[NH2+]C21,12.56429958343506,test,6783,True
Nc1cnnc(F)n1,5.925600051879883,train,6784,True
CC1COCC(=O)CO1,2.86899995803833,test,6785,True
CNC(=O)CC(=O)NC,3.215399980545044,test,6786,True
CC(=O)C(=O)NC=N,2.408499956130981,train,6787,True
COC1(C)CC1CO,1.0211000442504885,train,6788,True
CC(=O)C1(C#N)CO1,5.020500183105469,train,6789,True
CN1C(=O)C2C=CCC21,3.648200035095215,train,6790,True
Cc1nonc1C1CN1,3.1675000190734863,train,6791,True
CC1(O)CCC1CC=O,3.2571001052856445,train,6792,True
O=C1C2C3C1C1C2C31,3.1175999641418457,test,6793,True
CC(O)C12OC1C1CC12,3.0332999229431152,train,6794,True
O=C1OC2C3C(O)C1C23,4.552000045776367,test,6795,True
CC1CC(C)C1=NO,0.7143999934196472,train,6796,True
CCCC1(O)CC1O,2.021399974822998,train,6797,True
N=C(N)c1ocnc1N,2.3668999671936035,train,6798,True
Cc1occ(CO)c1C,2.119999885559082,train,6799,True
O=Cc1cncc(O)c1,4.346199989318848,train,6800,True
C1OC2C3C(O1)C1C2C31,2.004699945449829,train,6801,True
N#CCC(O)(C#N)C#N,3.9516000747680655,train,6802,True
C#CCOC1C=CCC1,1.3690999746322632,test,6803,True
CC(=O)OC(C)CC=O,2.875,test,6804,True
CC1CC1C12CC1CO2,1.4747999906539917,train,6805,True
Cc1cc(N)[nH]c(=O)c1,5.452899932861328,test,6806,True
C#CC(=O)C#CC(N)=O,3.827899932861328,train,6807,True
O=C1COCC2CN12,3.6458001136779785,train,6808,True
CC12OCC34CN(C31)C42,1.259600043296814,train,6809,True
O=C1C2CN3CC2C13,2.9921000003814697,train,-1,False
CC12CN=COC1(C)C2,2.2585999965667725,train,6810,True
CC12CC=CC3C(C1)C32,0.3643999993801117,train,6811,True
CCC1OC2C3OC1C23,1.8912999629974363,train,6812,True
C#Cc1[nH]c(C)cc1O,2.243299961090088,train,6813,True
CC(C#N)CC(=O)C=O,3.212300062179565,train,6814,True
CN=C1CN2CC(C2)O1,2.474900007247925,train,6815,True
O=CC1(CO)CCO1,2.755100011825561,train,6816,True
CCC1NC1C1CN1,2.735100030899048,train,6817,True
O=C1CC2CCC3C1N23,2.593600034713745,train,-1,False
Cn1cnc(=O)c(O)c1,6.681900024414063,valid,6818,True
N#CC12N=COC1C2O,3.416199922561645,valid,-1,False
CC(C)CC(C)(C)CO,1.344499945640564,train,6819,True
OCC1(O)CC2CC2C1,2.5074000358581543,train,6820,True
CC12CN1C1C(O)CC12,2.841099977493286,train,-1,False
CCC(C)(C=O)OC=O,2.697499990463257,valid,6821,True
NC(=O)C1C2COC21,3.1150999069213867,test,6822,True
O=CC12CC3CC1C2O3,2.983299970626831,train,6823,True
COC(CC=O)C1CC1,2.8101999759674072,train,6824,True
N=c1occ(N)n1C=O,6.434999942779541,train,-1,False
COCC1(C(N)=O)CO1,4.6545000076293945,train,6825,True
CC1(C2(O)CCC2)CC1,1.4349000453948977,train,6826,True
O=CC1(C=O)CC2OC21,1.9703999757766724,train,6827,True
C#Cc1onc(N)c1N,3.802299976348877,valid,6828,True
COC1(C)C2COC21C,2.5251998901367188,train,6829,True
COC1COCC(=O)O1,3.491300106048584,train,6830,True
Fc1cncc(F)c1F,0.1121999993920326,train,6831,True
COC1C2CC1(C)C2C,0.944599986076355,train,6832,True
O=C([O-])C12CC3C([NH2+]1)C32,4.679299831390381,train,-1,False
CC1(O)C=CC(C=O)C1,3.357899904251098,test,6833,True
CCC([NH3+])C(C)C(=O)[O-],6.352799892425537,train,-1,False
OC1CN=C2OCC21,2.5996999740600586,train,6834,True
CC1OC2CCC12CO,2.3896000385284424,train,6835,True
C#CCOCCC1CC1,1.301900029182434,valid,6836,True
CC(=O)CCNC=O,3.361000061035156,valid,6837,True
O=COc1cnncn1,1.132699966430664,train,6838,True
OC1C=CC2(CO2)C1,1.3991999626159668,train,6839,True
O=C1CC=C2CCC12O,1.843400001525879,train,6840,True
C#Cc1c(C)c[nH]c1C,2.631599903106689,train,6841,True
CC1(O)CC=CC1O,1.6086000204086304,train,6842,True
C#CC(=NO)C(C)C,0.6097999811172485,valid,6843,True
CN=C1CCN1C(C)=O,3.460700035095215,valid,6844,True
C#CC(=O)C(C)OC,2.034899950027466,train,6845,True
CC1NC12COCOC2,2.666599988937378,train,6846,True
C#CCCCN(C)C=O,3.384999990463257,train,6847,True
CN=C(C#N)OC(N)=O,3.2302000522613525,train,6848,True
N#CC1=NCCCN1,5.553800106048584,train,6849,True
NCc1nc(CO)co1,1.9078999757766724,test,6850,True
C#CC(=N)N(C)C(C)=O,1.6548000574111938,valid,6851,True
COC1CCOC1=O,3.347899913787842,valid,6852,True
C1CC2CC3CC2(C3)O1,1.4359999895095823,train,6853,True
CC1(C)OCC1=NO,1.0785000324249268,valid,6854,True
NC(=O)NC1(CO)CC1,3.1328001022338867,train,6855,True
CC1=CC2C3OC1(C)C23,1.3209999799728394,valid,6856,True
O=C1C=CC2CC2CC1,3.958699941635132,train,6857,True
CC(=O)C(C)NCC=O,4.252799987792969,valid,6858,True
c1cc(N2CC2)on1,3.739799976348877,train,6859,True
CC(=O)C1C2CN1C2C,1.6341999769210815,train,-1,False
OC12COC3C(OC1)C32,1.7343000173568726,train,6860,True
CC1(OC(=O)CO)CC1,2.9121999740600586,valid,6861,True
O=C1NC=NCCO1,2.3958001136779785,train,6862,True
c1cc(C2CC2)ccn1,2.916100025177002,train,6863,True
C[NH2+]C(C(=O)[O-])C1CC1,5.0345001220703125,train,-1,False
CC1CCc2n[nH]cc21,1.9601000547409055,train,6864,True
COC12CC1NC2=O,3.259200096130371,train,6865,True
O=C1C2C=CC1C2CO,2.2337000370025635,train,6866,True
CCC1(C)CC2C(C)C21,0.1664000004529953,valid,6867,True
CC1(C)C2CC1C1OC12,1.799100041389465,train,6868,True
CC(C)(C=O)CO,2.685800075531006,train,6869,True
Cn1ncnc(F)c1=O,2.7772998809814453,train,6870,True
C#CCc1coc(=O)o1,4.526100158691406,train,6871,True
OCCC(CO)C1CN1,2.747100114822388,train,6872,True
CC1(CCC2CO2)CO1,0.2124000042676925,train,6873,True
CN1C2COC(C=O)C21,2.934900045394897,train,-1,False
CCCC12C3C4C3N1C42,1.6785999536514282,train,-1,False
C1=CC2CC1O2,1.7948999404907229,train,6874,True
C1OCC2COCC1C2,2.2976999282836914,train,6875,True
C#CC1OC1C(C)OC,1.5374000072479248,train,6876,True
CC1CCC=CC1(C)C,0.2208999991416931,train,6877,True
CCN(C)C(=O)NC=N,3.100300073623657,test,6878,True
CC1OC12CN1CCC12,2.584199905395508,train,-1,False
CC1CC(=O)OC1=N,2.5931999683380127,train,6879,True
C#CCCc1nc[nH]n1,3.1916000843048096,train,6880,True
OC1CNc2cn[nH]c21,3.283099889755249,train,6881,True
COC1OCC(=O)C1=O,3.934499979019165,train,6882,True
NC(=O)C1(O)CC2NC21,4.658599853515625,valid,6883,True
CC1CN2CC2CCO1,0.871999979019165,train,-1,False
COCC1OC1C#N,3.134700059890747,train,6884,True
CCNC(=O)C(C)=O,1.357800006866455,train,6885,True
COC(C)CC1CO1,2.8041999340057373,train,6886,True
CCCOC1(C=O)CC1,2.7249999046325684,train,6887,True
O=[N+]([O-])c1ccoc1,3.884900093078613,train,6888,True
C#CC(C#CC=O)CC,3.436100006103516,train,6889,True
CC12CCC(O1)C1OC12,2.739500045776367,train,6890,True
CC(O)C(=O)COC=N,3.3629000186920166,train,6891,True
N#CC1(O)CCC2OC21,2.3921000957489014,train,6892,True
N#CC1=CC2CC2(O)C1,4.684899806976318,train,6893,True
CCC#CC(C)OC,0.9817000031471252,train,6894,True
CC1COC(=O)C12CC2,4.345900058746338,train,6895,True
CC12CC(C1)C(=O)O2,4.456900119781494,train,6896,True
O=C1C=CCCOC1=O,6.076200008392334,train,6897,True
C1NC2CC3OC1OC23,1.833799958229065,train,6898,True
CC#CCn1cccn1,2.973299980163574,train,6899,True
C#CC1CCC1OC,1.700700044631958,train,6900,True
CC1C2C(C)C1N2C=O,4.173799991607666,train,6901,True
C#CC(OC)C(O)CC,1.808899998664856,train,6902,True
CC1(C2(C#N)CC2)CC1,4.070000171661377,train,6903,True
CC1OC(CCO)C1C,1.024399995803833,valid,6904,True
CC1CC1C1(O)CC1O,2.2523000240325928,train,6905,True
CC(C)C1=CCC2CC12,0.186599999666214,train,6906,True
C#CC1OC1(C)C1CN1,1.912700057029724,train,6907,True
OC1CC(O)C2CCC12,0.7257999777793884,train,6908,True
CC1=CC2(C)OC1C2C,1.7402000427246094,train,6909,True
N#CC1C2NC3CN1C32,5.176700115203857,train,-1,False
CCC1COCCC1C,1.378999948501587,train,6910,True
C#CC1=CC(OC)CC1,0.96069997549057,train,6911,True
C#CC(O)(CC)C(C)O,1.895300030708313,train,6912,True
CC#CC1CC2CC2O1,1.4611999988555908,train,6913,True
CC(=O)Cc1c[nH]nn1,2.3798999786376958,train,6914,True
CC1C2CC3C2C13C#N,4.5071001052856445,train,6915,True
CN1C2CC1C2(N)C#N,2.4493000507354736,train,-1,False
CCOc1ocnc1N,2.9609999656677246,train,6916,True
C1OCC23OCC2CC13,1.6035000085830688,train,6917,True
C#CC1(O)C(=N)NC1C,2.7346999645233154,train,6918,True
CC1CCCC2C(O)C12,1.378999948501587,train,6919,True
CN=C(NC=[NH2+])C(=O)[O-],6.981299877166748,train,-1,False
O=COC1C=CNC1=O,6.019400119781494,train,6920,True
OCC12C=CC(C1)O2,2.1449999809265137,test,6921,True
CC1(C)CCC1C1CO1,1.5995999574661257,train,6922,True
C#CC(OC=O)C1CN1,3.2704999446868896,test,6923,True
N=c1cc(N)nc(O)[nH]1,3.700900077819824,train,-1,False
CC#CCC1C=CCC1,0.1802999973297119,train,6924,True
CC12NC3C1NC32C,1.5506999492645264,test,6925,True
N=c1cnc(F)c(F)o1,1.1729999780654907,train,-1,False
COc1n[nH]c(N)n1,3.3947999477386475,train,6926,True
N=CN1C(=O)CC12CC2,5.323699951171875,train,6927,True
CC1C=CC2(CC2)C1C,0.1799000054597854,train,6928,True
CCC1C2CC3N2C13C,1.781599998474121,train,-1,False
CC1C(C=O)C1CC=O,5.08519983291626,train,6929,True
COC=NCC1CCC1,2.883699893951416,train,6930,True
C1=Cc2n[nH]cc2C1,2.280800104141236,test,6931,True
C#CC1(CO)CCCO1,2.8977999687194824,valid,6932,True
C1=CC2CCC(CC1)O2,1.5154999494552612,valid,6933,True
CC1CC=CCOC1=O,4.181399822235107,test,6934,True
CC#CC1CC1(C)O,1.5054999589920044,train,6935,True
c1cnn(CC2CO2)c1,2.0195000171661377,train,6936,True
CC1(C)NC1(C)C#N,3.1847000122070312,valid,6937,True
CNc1cnccc1O,3.3819000720977783,train,6938,True
CCCCC#CCOC,0.9047999978065492,train,6939,True
c1nnn(CC2CO2)n1,4.079100131988525,train,6940,True
CC1=Cc2occc2C1,1.2992000579833984,train,6941,True
Cc1cn[nH]c(=N)c1C,1.750300049781799,train,-1,False
CC12CC(C)(C1)C21CO1,1.6866999864578247,train,6942,True
CCC1CC1(N)C#N,5.251200199127197,train,6943,True
OCC1CCC2CC2O1,2.5387001037597656,train,6944,True
CC12CN3C4C(CC41)C32,1.658400058746338,train,-1,False
CC(O)C(C)(O)C(N)=O,2.8141000270843506,test,6945,True
O=CC12CN=C3OC1C32,1.3437999486923218,train,6946,True
C1OCC1C12CC(C1)O2,1.908400058746338,train,-1,False
C#CC1CN2CC2C1O,1.5399999618530271,test,-1,False
CCNC1COC1C#N,4.256800174713135,train,6947,True
CC1CC=CC12CC2,0.1853999942541122,valid,6948,True
CC1(C=O)CC(C#N)C1,2.558900117874145,train,6949,True
O=Cn1cccc1,2.327800035476685,train,6950,True
Cn1nnc(=N)[nH]c1=O,1.7698999643325806,train,-1,False
O=c1occ(F)nc1F,2.481100082397461,train,6951,True
CC(C=O)CCC1CO1,2.8921000957489014,train,6952,True
C#CC1CC2COC12,2.1321001052856445,train,6953,True
C#CC12CC1C(O)C2O,2.10479998588562,train,6954,True
C#CC1=C(C#C)CCC1,0.7526000142097473,train,6955,True
CC1(CC2CC2)CCC1,0.1119000017642974,train,6956,True
CC1=CC(=O)OC1C,5.337699890136719,train,6957,True
CCC(=NO)C1(C)CO1,1.958799958229065,train,6958,True
CCC1=C(C)COC1=O,4.880000114440918,test,6959,True
N#CC12OC3C1C=CC32,4.519999980926514,train,-1,False
ON=C1CNC1C1CC1,1.0169999599456787,train,6960,True
C#CCC(C#C)CC#C,0.6444000005722046,train,6961,True
CN1C2C(=O)C3C2C31,2.7844998836517334,valid,-1,False
C1C2CC3N2C1C31CN1,2.5415000915527344,valid,-1,False
N=C1NC2(CO1)CC2O,4.462600231170654,train,-1,False
CC1CC1OCC1CO1,2.278700113296509,train,6962,True
OCCC1C2CC3C1N23,1.662600040435791,train,-1,False
CCOc1ccncc1,3.3838000297546387,train,6963,True
CCN(C=O)CC,3.778800010681152,train,6964,True
CCC1CCN1C(C)=O,3.637399911880493,valid,6965,True
CCCC([NH3+])CC(=O)[O-],6.622099876403809,train,-1,False
CC1N2CC2C1(C)C#N,4.278299808502197,train,-1,False
O=COC1CCC1O,3.58459997177124,train,6966,True
O=CC1CCCOC=N1,2.86299991607666,train,6967,True
CC1=CC2OC(=O)C2C1,4.52839994430542,train,6968,True
CN1C(=O)C2CCC21,3.663000106811523,train,6969,True
OC12C3CCC14CC2C34,1.2022000551223757,train,6970,True
CC1(C#N)OC1CC#N,4.557499885559082,train,6971,True
O=COCC1CCC1=O,5.918000221252441,train,6972,True
COCC1(C)OC1C#N,3.4935998916625977,train,6973,True
COCC1CO1,2.4830000400543213,train,6974,True
C1=CC2(CCC1)CCO2,1.5147000551223757,train,6975,True
O=CCC1OCCC1=O,2.582099914550781,train,6976,True
CC1=CC(C=O)NC1=O,4.429500102996826,train,6977,True
CC(C=O)CC1COC1,1.1044000387191772,valid,6978,True
CC1C2CC(C)(C)C1O2,1.7168999910354614,train,6979,True
CC1=NC2CC2CO1,1.698199987411499,train,6980,True
O=CC#CC1C2CCC12,4.645500183105469,train,6981,True
N#CC(O)C(O)C(N)=O,4.978300094604492,train,6982,True
OC1C=CCCOC1,1.919100046157837,train,6983,True
CC1C2OC(C=O)OC12,3.52239990234375,train,6984,True
OC1COc2ccoc21,1.073199987411499,train,6985,True
CC1NC(=O)C1CO,4.535299777984619,train,6986,True
COCC(=O)C(C)CO,2.361500024795532,train,6987,True
Cn1nnc2nonc21,4.223100185394287,train,6988,True
CC1OC1C(C#N)C=O,3.6131999492645264,test,6989,True
N#CCC(O)(C=O)CO,3.4303998947143555,train,6990,True
C#CC12OC1C1OC12C,3.2585999965667725,train,6991,True
O=CC1CN=C(CO)N1,3.5392000675201416,test,6992,True
C1=C2CC3(CN3)C2OC1,1.3299000263214111,test,6993,True
COC1CC1CC(N)=O,4.876500129699707,train,6994,True
N#CCC1CN1CCO,5.001299858093262,train,-1,False
CC(=O)C1(C(C)C)CC1,2.7864999771118164,train,6995,True
C1CC12C1C3C1C1C3C12,0.1120999976992607,train,6996,True
CCC(=N)N1CCC1=O,3.1545000076293945,train,6997,True
O=C1NC=CCCO1,4.095200061798096,train,6998,True
Cc1nc(CC=O)no1,3.7618000507354736,train,6999,True
N=c1cc[nH]cnc1=O,6.952700138092041,train,-1,False
CC1N2CCC2C12CO2,2.313100099563598,train,-1,False
CC1CC(C(C)C)CO1,1.5634000301361084,train,7000,True
C#CC(=O)C(=N)NC=N,3.442600011825561,train,7001,True
N=C1CC(CC(N)=O)O1,1.3937000036239624,train,7002,True
CC1=C(N)CC(=O)C1=O,7.879300117492676,train,7003,True
CC12C=CC3C(CC1)C32,0.2754999995231628,valid,7004,True
CC1C(CC2CC2)N1C,1.2615000009536743,train,-1,False
Cc1ccc(N)nc1F,2.859999895095825,train,7005,True
C1=C2CN3C1C1CC3C21,0.6610999703407288,train,-1,False
CC1CN1C1(C)CC1C,1.1851999759674072,train,-1,False
O=C1C2CN3C(CN2)C13,3.4456000328063965,train,7006,True
CC1CC12CC(O)C2=O,2.1707000732421875,train,7007,True
Cc1cc(C#N)on1,4.504300117492676,train,7008,True
Cn1ncoc(=O)c1=O,4.217599868774414,test,7009,True
C#CC1(C#CC)CN1,2.247400045394897,train,7010,True
C#CC1(C)CCC1CO,1.434000015258789,train,7011,True
O=C1C=CC2CN3C1C23,4.165900230407715,train,-1,False
COC(=O)C12CC(C1)C2,1.7925000190734863,train,7012,True
CC#CC(=O)C(=O)NC,0.5113000273704529,train,7013,True
O=CC(O)C1CC1,2.1647000312805176,train,7014,True
CN(C)CC(O)C#N,5.629300117492676,train,-1,False
CC(=O)c1[nH]cnc1N,3.5460000038146973,train,7015,True
C1COC(C2CO2)=N1,2.38479995727539,train,7016,True
N#Cc1n[nH]c(O)n1,6.147299766540527,train,7017,True
Nc1ncoc1C1CN1,0.5504000186920166,train,7018,True
c1cc2n(n1)C1CC2C1,3.146699905395508,test,7019,True
O=CNC1CCC1C=O,3.870500087738037,valid,7020,True
C#CCC1COC(=O)O1,5.013999938964844,valid,7021,True
N=C(NC=O)NC=O,5.366799831390381,train,7022,True
C#CC1OCCC1=O,2.0374999046325684,train,7023,True
O=C1CC2CC2CO1,4.407899856567383,train,7024,True
CC12CC1(C#N)OC=N2,3.000999927520752,test,-1,False
CC1(C)C=CCOC1,1.1505999565124512,test,7025,True
N=C1C(=O)C2C3CN1C32,4.010300159454346,valid,7026,True
CC(C)C1(C)CC1C=O,3.3673999309539795,valid,7027,True
CCn1nc(N)[nH]c1=O,3.712199926376343,train,7028,True
CC1C2CC(C)(C)CN12,1.4847999811172483,train,-1,False
OCCC12OC1C1CC12,3.0666000843048096,train,7029,True
CN(C)C1CNCC1=O,2.4261999130249023,train,-1,False
CCC1(O)C2CC(C)C21,1.2970999479293823,train,7030,True
NC(=O)C1C2C3OC2C31,4.679299831390381,valid,-1,False
C#CC(C#C)(C=O)NC,2.3362998962402344,train,7031,True
CC12CCC(=O)C(C1)O2,3.1798999309539795,train,7032,True
CCC(CC)(CC)CO,1.2613999843597412,test,7033,True
C#CC12CC1C1(C)CN12,2.0169999599456787,train,-1,False
OC12COC13CN(C2)C3,1.0082999467849731,train,-1,False
N#Cc1cc(=N)cn[nH]1,2.786799907684326,train,-1,False
CC(C)(C=O)OC=O,2.707200050354004,train,7034,True
CC1CC(C(C)(C)O)C1,1.312800049781799,train,7035,True
N#CC1(CC2CC2)CO1,3.65529990196228,train,7036,True
CC(O)C12CC(C1)C2O,0.0980999991297721,train,7037,True
CCOC1(C)COC1C,2.119499921798706,valid,7038,True
CC(=O)C1=CCC2CC12,3.0773000717163086,train,7039,True
CN1CCCC=CC1=O,4.222700119018555,train,7040,True
CCCC1(C)C2CC1C2,0.1202000007033348,train,7041,True
COC1(C=O)CC1CO,2.4205000400543213,train,7042,True
CC1C2CC(C2)N1C=O,4.142600059509277,train,7043,True
CC(CO)C(C#N)CO,2.7860000133514404,train,7044,True
O=CC12OCC1C1OC12,2.436199903488159,train,7045,True
N#CC12CC(C#N)(C1)O2,2.8673999309539795,train,-1,False
CC1NC1c1ccco1,1.6607999801635742,train,7046,True
CCOC(=N)OC,1.2128000259399414,train,7047,True
CCC1C2OCC3C2N13,0.4950999915599823,train,-1,False
CC1(C)NC(=N)NC1=O,0.932200014591217,valid,7048,True
CC12CCC3C1C3(O)C2,1.2073999643325806,train,7049,True
C1=C2C3C4CN(C3C1)C24,0.8669000267982483,valid,-1,False
C#CCN=COC(N)=O,1.9005999565124512,train,7050,True
Nc1nnc2ocnn12,4.5229997634887695,train,7051,True
COCC1(C2CN2)CO1,2.041100025177002,train,7052,True
N=c1cc(C=O)cno1,1.3831000328063965,train,-1,False
CNc1n[nH]nnc1=N,3.4626998901367188,test,-1,False
Cc1[nH]cc2c1C=CC2,1.809599995613098,train,7053,True
CC1OC2=NCC3C2C13,3.2109999656677246,train,-1,False
CCC12CC3(CN3)C1N2,2.546099901199341,train,7054,True
COC1C(=O)C2(C)NC12,3.17549991607666,valid,7055,True
O=Cc1cn(C=O)cn1,4.86460018157959,valid,7056,True
CC1CC12CCC2,0.0892999991774559,train,7057,True
N#CC1CCNC(=O)O1,5.557700157165527,train,7058,True
C#CCCN(C)C=O,3.166100025177002,train,7059,True
CN=C1CC2CC2(C)O1,2.644700050354004,train,-1,False
Nc1cc(O)c(F)cn1,1.4914000034332275,train,7060,True
O=C1C2CCC2C12CO2,3.5508999824523926,train,7061,True
OC1CC2CCC12,1.325600028038025,train,7062,True
C#CC1(O)CCOC1C,2.4428999423980717,train,7063,True
CC12CC(O)C1N2C=O,3.8022000789642334,train,7064,True
ON=C1C=CC2NC12,1.767199993133545,train,7065,True
N#CC(=O)OC1CC1,4.335400104522705,train,7066,True
CC1CC2(C(C)O)NC12,2.24180006980896,train,7067,True
N=c1onc(N)o1,3.5288000106811523,train,-1,False
CC(C#N)c1cnon1,2.750600099563598,train,7068,True
O=CC1(CO)CC(O)C1,1.9404000043869016,train,7069,True
CC1(C)CC12CN=CO2,1.8632999658584597,train,-1,False
O=C1Cc2ccoc2O1,3.5797998905181885,train,7070,True
CC12OC1C1OCC=C12,2.372400045394897,train,7071,True
COc1ocnc1O,1.5532000064849854,train,7072,True
O=c1cnoc(CO)n1,2.3642001152038574,train,7073,True
CC1COC2(C1)CC2O,2.9066998958587646,train,7074,True
Cn1cccc1CO,3.3125,train,7075,True
CC1CCC2OC(C)C12,1.6304999589920044,train,7076,True
CCn1cnc(O)n1,3.009399890899658,train,7077,True
Cc1ncncc(=N)n1,2.2950000762939453,valid,-1,False
C1CC1CC12CCC1O2,1.6758999824523926,valid,7078,True
COC(=O)C(C)(C)CO,0.4408999979496002,train,7079,True
CC1OC(CC=O)C1=O,2.84689998626709,train,7080,True
Nc1cn(C2CC2)cn1,3.1830999851226807,train,7081,True
CN1C2COCC21C=O,2.569700002670288,train,7082,True
CC1(C2CC=CC2)CO1,1.6633000373840332,valid,7083,True
OCC1CCCN=CO1,1.8870999813079836,train,7084,True
CCN=C1OC2C(O)C12,1.850299954414368,train,-1,False
C1NC1C1CC2CN21,2.836400032043457,train,7085,True
CC1=CCC(=O)C(C)C1,2.8043999671936035,test,7086,True
C#CC1C(C)COC1C,1.451200008392334,train,7087,True
CN=C1CN=C2CCN12,1.5377999544143677,train,7088,True
CC12CC(=O)C=CC1O2,3.743000030517578,train,7089,True
CC(CC=O)CCC=O,0.6583999991416931,train,7090,True
CC(O)C12CC(O)C1C2,1.8629000186920168,train,7091,True
CC1Cn2c1cnc2O,2.694200038909912,train,7092,True
C#CC1COC(=NC)C1,2.0239999294281006,valid,7093,True
C#CC(C#C)C1NC1C,1.6237000226974487,train,7094,True
N#CC#Cc1ccco1,5.98859977722168,train,7095,True
O=CC(C1CN1)C1CO1,3.175299882888794,train,7096,True
CC(C)C1C2CCC1O2,1.815000057220459,train,7097,True
C#CC(C(C)=O)C1CC1,2.1542999744415283,train,7098,True
CC#CCC(C)(O)CO,2.08459997177124,train,7099,True
c1[nH]nc2c1C1CN2C1,3.4923999309539795,train,7100,True
Cc1nc(=N)[nH]nc1F,2.3060998916625977,test,-1,False
N#CC1C2NC1C2=O,2.313499927520752,train,7101,True
Cc1cnccc(=O)c1,3.160399913787842,test,7102,True
COC1(C)CC(=O)C1O,4.253200054168701,train,7103,True
CC(C)C1(C)CO1,1.7245999574661257,train,7104,True
C#CCC(=O)C1OC1C,2.93969988822937,train,7105,True
C#CCN1CC(C#N)C1,3.272200107574463,valid,7106,True
C#CC1CC(C#C)O1,1.8388999700546265,train,7107,True
CC(=O)n1cnc(O)c1,2.8394999504089355,train,7108,True
OC12C=CCC1COC2,2.2792999744415283,train,7109,True
CN=COCC(=O)CO,5.080399990081787,train,7110,True
C#CC1Cn2ccnc21,3.6005001068115234,train,7111,True
CCc1ccc[nH]c1=O,3.559600114822388,train,7112,True
c1ncon1,1.1260000467300415,train,7113,True
O=CC12CC3OC1C32,2.512200117111206,train,7114,True
CC1NC1(CO)CCO,1.1447999477386477,train,7115,True
N=C1NC=NC2CC12O,3.645100116729736,train,-1,False
C#CC(=O)C#CC(C)O,3.282700061798096,train,7116,True
CN=C1NC2C(C)OC12,3.6084001064300537,train,-1,False
CCC(O)c1nnon1,2.1754000186920166,train,7117,True
CCC1(CO)CC1CO,1.871899962425232,train,7118,True
NC1=NC2CCC2O1,1.4460999965667725,train,7119,True
OCC12CC(C1)C1CN12,0.7480999827384949,test,-1,False
O=C1OC23CCN(C2)C13,3.381799936294556,train,-1,False
Nc1cc(C=O)on1,5.451900005340576,train,7120,True
Cn1c(N)cnc1O,2.1184000968933105,train,7121,True
O=C1CC2C3CC3N2C1,2.5836000442504883,train,-1,False
C#CC1(C(C)O)CN1C,1.301800012588501,test,7122,True
CN1CC2OCCC21C,1.7041000127792358,valid,-1,False
CC(C)Nc1conn1,4.5295000076293945,train,7123,True
CC(C)C12CC(C1)C2O,1.396399974822998,train,7124,True
COc1ccncc1F,3.4198999404907227,train,7125,True
N#CC#CC(=O)OC=N,3.599600076675415,train,7126,True
CC1=CC2NC2(C=O)C1,2.861599922180176,train,7127,True
N=c1nc(O)occ1F,4.927499771118164,train,-1,False
CCC1=CCC2(CC2)C1,0.3111999928951263,train,7128,True
O=C1NC=CCC12CC2,2.818099975585937,train,7129,True
OC12COC3C(C1)OC32,0.7107999920845032,valid,7130,True
CC(O)c1cc(O)[nH]n1,4.310699939727783,train,7131,True
CC1C(CO)=CC2CN21,2.265000104904175,train,-1,False
CN=c1cc(F)nn[nH]1,2.2177999019622803,test,-1,False
CC(C)(O)C1OCCO1,2.569700002670288,train,7132,True
O=C1NCC2C(O)C2N1,3.8401999473571777,train,7133,True
O=C([O-])C12C[NH2+]C1C2,13.176600456237791,train,7134,True
N=COCCC1(O)CC1,4.169000148773193,test,7135,True
C#Cc1nc(C)c(N)o1,3.125099897384644,train,7136,True
CC1C(O)C2C3C1CN23,3.0924999713897705,train,-1,False
COc1nccc(=N)[nH]1,2.2720000743865967,train,-1,False
CC1OCCCOC1C,1.555799961090088,train,7137,True
C1=C2C3C(C1)C1CN3C21,2.38070011138916,train,-1,False
CC12CC(C)(C1)N1CC12,1.409999966621399,test,-1,False
C#CC12CC(=N)OC1C2,2.4453001022338867,train,-1,False
N#CC1C(O)CCC1O,2.64739990234375,train,7138,True
CC(=O)Nc1ccc[nH]1,5.072400093078613,test,7139,True
C#CCC(O)CC#N,4.676199913024902,train,7140,True
CC1COC(C(C)C)C1,1.5293999910354614,train,7141,True
C1=CC2C3C(=CC1)CN23,1.7598999738693235,train,-1,False
C1CC2CC3CC3C2O1,1.532099962234497,train,7142,True
C1=CC2(CCC2)C2NC12,1.4246000051498413,train,7143,True
C#CC12CC1N(C)C2=O,3.7363998889923096,valid,7144,True
CC1CCC2C(O)C12O,1.1226999759674072,train,7145,True
CC1COCOC2CC12,1.926699995994568,train,7146,True
C#CC1NC2C(C)OC12,2.100399971008301,train,7147,True
CC1=CCOCOC1=O,4.469200134277344,train,7148,True
O=C1C2COC13CCC23,2.815700054168701,valid,7149,True
C1CC2(C1)CC1CC12,0.2207999974489212,valid,7150,True
CC(C)(O)CCCCO,0.1211000010371208,train,7151,True
CCC1OCC(=O)O1,2.916199922561645,train,7152,True
CC1OC23CN(C2C)C13,0.4875000119209289,valid,-1,False
CCC12NC1C1(C)NC12,2.9814000129699707,train,7153,True
Cc1nc(CO)c[nH]1,1.910099983215332,valid,7154,True
Nc1conc1C1CN1,3.664400100708008,train,7155,True
CC1(C)C2OC(=O)C21N,3.4899001121521,train,7156,True
CC1OCOC(C)C1O,1.791200041770935,train,7157,True
N=C1NC(=O)C=C1CO,2.801300048828125,valid,-1,False
C1C2C3COC34C1CC24,1.54639995098114,train,7158,True
C#CC1(C=O)CC1C#N,5.327600002288818,train,7159,True
OC1COC=NC2CC12,1.9520000219345093,train,7160,True
C#CC1(C#CC)OC1C,2.1559998989105225,train,7161,True
O=C1C2(CC2)CC12CC2,2.865299940109253,train,7162,True
OC1CC2COC(C1)C2,0.5091999769210815,train,7163,True
CCC1CCC2(C)OC12,1.7245999574661257,train,7164,True
CC(C#N)C1CC1(C)O,4.827099800109863,test,7165,True
C#CC12CC(CC1=O)O2,2.810100078582764,train,7166,True
CN1CC2C3C4C1C4N23,1.7884000539779663,train,-1,False
C1=CC2(C=CCO2)OC1,1.3861000537872314,train,7167,True
CC(=O)Cc1ncon1,2.628499984741211,train,7168,True
COCC1CC2CC2O1,1.0677000284194946,train,7169,True
Cc1nnoc1N1CC1,4.792300224304199,train,7170,True
CCCC12COCC1O2,2.354300022125244,valid,7171,True
CC12CC(CCO)(C1)O2,1.8587000370025637,train,-1,False
N=c1oc(O)nn1C=O,5.734300136566162,train,-1,False
C1=CC2(C3CN3)CC1O2,0.9271000027656556,valid,7172,True
Cc1nc(CO)c(N)o1,2.339600086212158,train,7173,True
O=C1CC2C3OC1OC23,3.587300062179565,train,7174,True
O=CNc1ccncc1,3.998199939727783,train,7175,True
CC1OCC2(CC2)C1O,1.462499976158142,valid,7176,True
CC1CC(O)(C(N)=O)C1,2.9235999584198,train,7177,True
OC12CCC3(CCC13)C2,1.260200023651123,train,7178,True
CC1(C)OC2C3OC2C31,1.7335000038146973,train,-1,False
CCCC1NC1(C)CO,1.6483999490737915,train,7179,True
O=C1CCN2C3CC12C3,2.720900058746338,train,7180,True
CNc1ncc(N)cn1,1.326799988746643,train,7181,True
CC12OCC1CC21CO1,1.635699987411499,train,7182,True
CC1(O)C2CCCC1O2,2.650099992752075,train,7183,True
CC1CC(=O)C12CCC2,2.755199909210205,valid,7184,True
CC12C=CC3C4C(C41)N32,1.687800049781799,valid,-1,False
CC1(O)C2(O)CCC12O,2.728899955749512,train,7185,True
Cn1cnc2c1CCC2,3.7397000789642334,train,7186,True
COC1CC2OC2C1C,2.537899971008301,valid,7187,True
Cc1[nH]nnc1C(C)C,4.422100067138672,train,7188,True
O=C1CN(CC2CC2)C1,2.726900100708008,train,7189,True
CNC1=CC(=N)OC1C,5.68209981918335,train,-1,False
CC1COC(CCO)O1,1.9255000352859497,train,7190,True
CC1N=C2NCC2C1O,1.6253999471664429,train,-1,False
OC1COCC1C1CN1,2.890300035476685,train,7191,True
N#CC1C(=O)C2CN1C2,5.092299938201904,train,-1,False
CC1=CCC(=N)N1C=O,4.923900127410889,train,-1,False
CC1C2C3COCC3C12,1.5228999853134155,train,7192,True
C#CC1OC1CCCC,1.6912000179290771,valid,7193,True
C1OCC12CO2,1.736299991607666,test,7194,True
OC1C=CC2CC3C1C23,1.9384000301361084,valid,7195,True
CC(=O)C12C=CC(C1)N2,1.7660000324249268,train,7196,True
CC1(C)CC(C#N)O1,4.461599826812744,train,7197,True
N#CCC(O)C1CC1O,4.17519998550415,train,7198,True
N#CC12CN1CC1NC12,4.960400104522705,train,-1,False
O=C1Cn2cccc2N1,1.444200038909912,train,7199,True
N#Cc1coc(=O)cn1,1.7216999530792236,train,7200,True
CC12CCCC1OC2=N,2.658900022506714,train,-1,False
N#CC12COCC1O2,3.170099973678589,valid,7201,True
CC1C=CC2(C1)OC2C,1.8472000360488887,train,7202,True
O=C1C=CC2CC(=O)N12,6.090000152587891,train,7203,True
C#CC(O)(C#C)C=O,2.807800054550171,test,7204,True
O=CC(O)CC(O)CO,2.848599910736084,train,7205,True
CC(C)C1C2C=CC1C2,0.2671000063419342,train,7206,True
C#CCN(C)CC(C)=O,2.374599933624268,test,7207,True
CC1C2N3CC3(C)C12C,1.6475000381469729,train,-1,False
CCC(CC)NC(C)=O,3.3564000129699707,train,7208,True
O=CC1=CNCC=CC1,5.769800186157227,train,7209,True
Cc1cc(C(C)O)no1,3.896199941635132,test,7210,True
CC12CC=CC1(C=O)N2,3.4291999340057373,train,7211,True
CC12CC(=O)C1(C)C2,3.375600099563598,train,7212,True
CC1C(CO)N1C(N)=O,5.0055999755859375,test,7213,True
C1OCC2C3OC2C3O1,1.7687000036239624,train,7214,True
O=CCc1nc(O)c[nH]1,2.4921998977661133,train,7215,True
Nc1cccnc1,3.142899990081787,train,7216,True
CC1OC(CC#N)C1=O,3.538300037384033,train,7217,True
CCC12CCN1CC2=O,1.8459999561309812,train,7218,True
CC1C=Cc2cnoc21,3.2011001110076904,train,7219,True
c1[nH]cc2[nH]nnc12,5.291299819946289,train,7220,True
CC1C2CC(C)(CO)N12,1.7138999700546265,train,-1,False
C#Cc1cnccc1O,2.2511000633239746,train,7221,True
N#CCC(N)COC=N,6.083700180053711,train,7222,True
CC(C)C1=CCC(O)C1,1.1620999574661257,test,7223,True
CCC(=O)C(C=O)OC,2.211699962615967,train,7224,True
C1CC2CC3CCC1=C23,0.7756999731063843,train,7225,True
N#CCNC(=O)C1CC1,4.154099941253662,train,7226,True
O=CC12OC1C1CC2C1,2.6247000694274902,test,7227,True
CCC#CC1C(C)C1O,1.5362999439239502,train,7228,True
C1CC2C3COC3C2O1,2.746500015258789,train,7229,True
CC12CC1CO2,1.6328999996185305,train,7230,True
CCNc1nc(C)no1,3.118499994277954,train,7231,True
CC(C)Oc1ncon1,0.6689000129699707,train,7232,True
O=C1CN=C2NCC12,2.1928999423980717,train,-1,False
O=CC1CC(=O)C=CN1,4.208600044250488,test,7233,True
CCC1(O)COC1=NC,0.7965999841690063,train,7234,True
c1nc2c([nH]1)C1NC1C2,4.013500213623047,train,7235,True
C#CCC1C(C)CC1O,1.4183000326156616,train,7236,True
C1CC2(CCC23CN3)O1,2.724800109863281,train,7237,True
Cc1[nH]cnc(=N)c1F,6.65339994430542,train,-1,False
CCC1OC(=N)C12CN2,4.011000156402588,train,-1,False
O=C1NC2C3OC1C23,4.360400199890137,train,7238,True
CC(CO)C(=O)C1CC1,1.2178000211715698,train,7239,True
O=C1NCC2C(CO)N12,5.163099765777588,train,7240,True
N=C1OC(=O)OC1CO,1.4284000396728516,train,7241,True
CC12CCC(=O)CN1C2,2.7360999584198,test,-1,False
CC1=CC(C)C(CO)C1,1.1232999563217163,train,7242,True
CC1C2CC3(CN3)C12O,1.055400013923645,train,7243,True
CCC1N=C(N)NC1=O,3.783699989318848,valid,-1,False
C#CCC1C2C3NC3C12,2.6819000244140625,train,7244,True
Nc1cc(F)ccn1,1.6172000169754028,valid,7245,True
CCC1(O)COC1=N,1.2683000564575195,train,7246,True
CCC(=O)COC=O,5.8007001876831055,train,7247,True
N#CC12CC1C1CC2O1,5.075900077819824,train,7248,True
CCCNC(=O)NC=O,6.509799957275391,valid,7249,True
CC(C=O)C(C)CO,1.6748000383377075,valid,7250,True
CC(CC#CC=O)=NO,3.5857999324798584,train,7251,True
C#CC#Cc1ncno1,2.1607000827789307,train,7252,True
CCCCc1c[nH]nn1,3.974600076675415,train,7253,True
NC1=CC(=O)NCC=C1,5.177299976348877,test,7254,True
CC1C(=O)C(O)C2NC12,4.323100090026856,test,7255,True
Cc1ncc(C)c(=O)o1,2.24180006980896,train,7256,True
CC1NC(=O)C1CCO,3.901099920272827,train,7257,True
CC12C=CC(CO)(C1)C2,1.350000023841858,train,7258,True
N#CC1CC2(COC2)O1,3.3986001014709477,train,7259,True
[NH3+]C1CC1C(=O)[O-],6.410600185394287,train,-1,False
NC(=O)CC1(C=O)CN1,2.074899911880493,train,7260,True
N=C1CCC(C=O)O1,4.24399995803833,train,-1,False
CNC1CC1(C#N)NC,5.203000068664551,train,7261,True
OCCN1CC1C1CN1,1.4758000373840332,train,-1,False
C#CC12NC1CC2C=O,3.845700025558472,train,7262,True
CN(C)C(C=O)C1CO1,3.8729000091552734,train,7263,True
OC1C2OC2C1C1CO1,1.6441999673843384,train,7264,True
COCCC1CN=CO1,2.0485999584198,train,-1,False
CC1CC(N)=CC1=O,5.817399978637695,train,7265,True
C#CC1(C)CC1C(N)=O,2.950400114059448,train,7266,True
CC1OC2CC3(CC3)C12,1.611299991607666,train,7267,True
COc1cc(O)ncn1,0.6327999830245972,valid,7268,True
C#CC1CC2(CC)OC12,2.138700008392334,train,7269,True
OC(C1CN1)C1CN1,3.187299966812134,train,7270,True
CCC1COC(=O)OC1,6.105199813842773,valid,7271,True
C1=CCN=COCCC1,2.499500036239624,train,7272,True
CC1C2C3C(C)C2(O)C13,1.2903000116348269,train,7273,True
Cc1nc(=O)c(F)co1,5.376599788665772,train,7274,True
N=C1OCC2OCC12,2.143899917602539,train,7275,True
CC1CN2C(=O)C=CC12,4.377099990844727,train,7276,True
CC1OC(C=O)C1CO,4.15399980545044,train,7277,True
C#Cc1occc1NC,2.335099935531616,train,7278,True
C#Cc1nc(C=O)c[nH]1,6.762800216674805,train,7279,True
NC(=O)CN1CC1C=O,3.389899969100952,train,7280,True
COc1nc(N)nn1C,1.91949999332428,train,7281,True
COC1CCCC1=NO,0.9254999756813048,train,7282,True
Cc1nonc1N1CC1,4.217899799346924,train,7283,True
C#CC(OCC)C(C)O,1.8878999948501587,train,7284,True
NC(=O)C1(C=O)CCO1,4.327000141143799,train,7285,True
OCC1(O)CC1N1CC1,1.4085999727249146,train,-1,False
Cc1cc(C[NH3+])c([O-])o1,3.398900032043457,train,-1,False
CC1=CC2CC(C)C1C2,0.241799995303154,test,7286,True
N#CC#CC1C2CC1C2,5.505899906158447,test,7287,True
CCC12CC3C(O1)C32C,1.729599952697754,train,7288,True
N=COC1C(O)C1C=O,4.756800174713135,train,7289,True
NC=Nc1noc(=O)o1,8.186100006103516,train,7290,True
CC1COCC1=O,1.781599998474121,train,7291,True
CC(C)OC(C)C=O,2.997900009155273,train,7292,True
C#CCC(C#N)C=O,2.4274001121521,train,7293,True
COC1(C)CC(=NO)C1,1.423799991607666,train,7294,True
COCC#CC1(O)CC1,1.3157000541687012,train,7295,True
Nc1cccc(F)n1,3.1363000869750977,train,7296,True
CN=C1OC(=O)C=C1N,4.973599910736084,train,-1,False
N#CC1NCC1CC=O,5.19789981842041,test,7297,True
CC1N=COC1=O,1.6931999921798706,train,7298,True
C#CC1=CCC(=O)CC1,2.2232000827789307,train,7299,True
CN=COC1COC1C,2.765199899673462,train,7300,True
CC1COC1C#CCO,1.7111999988555908,train,7301,True
CC(O)C(=O)CC(N)=O,3.8183999061584473,train,7302,True
NC(=O)Cn1cccc1,4.735499858856201,train,7303,True
CCC1(CC=O)CCO1,3.2950000762939453,train,7304,True
NC1=CC(=O)NCC1O,3.8603999614715576,train,7305,True
COC1CCCC2CC21,1.1287000179290771,train,7306,True
CC(C)C1CCOC1,1.7145999670028689,train,7307,True
C[NH2+]C(C)C#CC(=O)[O-],5.414899826049805,train,-1,False
C#CCC(C)CCC#N,3.6393001079559326,train,7308,True
O=COc1[nH]ncc1O,0.2935999929904938,train,7309,True
CC1C2OC3C(C)N1C23,0.4546999931335449,valid,-1,False
CC(O)COCC(C)O,2.515500068664551,train,7310,True
CC1=CC(C)C2OC12C,1.743299961090088,valid,7311,True
N#CC(N)C(O)CO,6.942500114440918,valid,7312,True
N#CCC1OC2CC12,5.444200038909912,train,7313,True
CC1CC1(C)C(O)C=O,2.246299982070923,valid,7314,True
[NH3+]CC(C(=O)[O-])C1CC1,5.984300136566162,train,-1,False
OC1(C2CO2)C2CCC21,1.7173000574111938,test,7315,True
CC1=CCC(C)COC1,1.09089994430542,train,7316,True
C#CC1(CO)CC(O)C1,1.7819000482559204,train,7317,True
COCC1(C)CC1(C)O,1.7085000276565552,train,7318,True
C#CC1(C)NC1C=O,2.7936999797821045,train,7319,True
C#CC1OCC2OCC12,1.4595999717712402,test,7320,True
CCCC1CC1C(N)=O,3.302799940109253,train,7321,True
C#C[C-](C#N)C(N)=[NH2+],6.215199947357178,train,7322,True
C#CC1(O)C2C3NC3C21,4.026100158691406,test,7323,True
CC12C=CC3CC1(C)C32,0.4767000079154968,train,7324,True
CNc1nc(C)oc1N,1.877699971199036,train,7325,True
CC1COC(CO)C1,2.6147000789642334,train,7326,True
OC12C3CC1N1C3C12,2.2948999404907227,train,-1,False
CC1CN2CC12C1CO1,2.67549991607666,test,-1,False
CC1C2CC1(CO)C2C,1.4077999591827393,valid,7327,True
CN1C(=O)C(O)C1C#N,3.20989990234375,train,7328,True
C1CC2NC2COCO1,1.6756000518798828,train,7329,True
CCC(C)NC(C)C#N,4.24399995803833,train,7330,True
Cn1cc(O)[nH]c1=O,3.2718000411987305,train,7331,True
OC1C2C=CC1C1OC21,3.0190000534057617,train,7332,True
C1=CC2COC1C1CN21,0.5389999747276306,train,-1,False
Cc1ccc(F)nc1N,3.358599901199341,test,7333,True
CCC(=N)N(C)C=O,0.8511999845504761,train,7334,True
CC12NC(=O)C3CC1C32,3.992500066757202,train,7335,True
O=C1CC=CCC=CC1,2.6647000312805176,train,7336,True
CN=C1OCOC1=O,4.317999839782715,train,7337,True
COC(=O)C1=CNCC1,3.1291000843048096,train,7338,True
CC1C=CC2(CC2)C1O,1.315500020980835,train,7339,True
CN=C1OCC1C#N,3.860300064086914,test,7340,True
CC#CC1C=CCC1=O,2.411799907684326,train,7341,True
CCCn1ccc(O)c1,1.8339999914169312,train,7342,True
CCC1C(C)CCC1C,0.123099997639656,train,7343,True
CC1(O)CCOC(=N)C1,2.702899932861328,train,-1,False
CC1COCC2NC12C,2.0543999671936035,valid,7344,True
CC12COC1C2C1CO1,3.107899904251098,train,7345,True
COCc1nn[nH]c1N,4.647900104522705,train,7346,True
O=CCC12CC1OC=N2,2.780900001525879,train,-1,False
CCc1cnc(=O)[nH]c1,6.082699775695801,train,7347,True
C1=CC2CC(CCC1)C2,0.3156000077724457,train,7348,True
COc1cncnc1,3.216399908065796,train,7349,True
CC1=CCCC2C(O)C12,1.5637999773025513,train,7350,True
CC(C#N)OC(C)(C)C,3.8594000339508057,train,7351,True
CN1C2C3NC2(C)C31C,1.3184000253677368,train,-1,False
CC1CC=C(NC=O)C1,3.0002999305725098,train,7352,True
C#CC1CCC=C1C#N,4.6031999588012695,train,7353,True
CN(C)C(=O)C#CCO,3.631999969482422,train,7354,True
CN(C=[NH2+])CC(=O)[O-],3.5215001106262207,train,-1,False
CC(OC=O)C1CN1,3.432800054550171,train,7355,True
CN(C)CC1OC1C#N,3.28629994392395,train,-1,False
CC1=CCC(=NO)C1,0.9160000085830688,train,7356,True
C#CC1=NC(C#C)CN1,2.9398000240325928,test,-1,False
Cc1nc(O)n[nH]1,3.4735000133514404,test,7357,True
C[NH2+]CC1CC1C(=O)[O-],6.771900177001953,train,-1,False
COCC1OC1(C)C#N,5.01669979095459,train,7358,True
CC(O)C1(C)COC=N1,1.1546000242233276,valid,-1,False
O=CN1CCC1C1CC1,4.338500022888184,train,7359,True
C#CC(C)(O)C#CC=O,3.01990008354187,train,7360,True
N#CC1=CC2OCC2C1,3.851099967956543,train,7361,True
Cc1c(O)c[nH]c1CO,2.845099925994873,train,7362,True
CC(C)(O)C(C)(O)CO,2.142199993133545,train,7363,True
CCCOC(C)(C)C=O,2.775500059127808,train,7364,True
Cc1nnoc(=N)n1,2.430000066757202,train,-1,False
N#CC1CC2(O)CCC12,5.1585001945495605,train,7365,True
C1CC1C12CC3OC1C32,1.895799994468689,train,7366,True
OC1CC1c1ncco1,2.4393999576568604,train,7367,True
CC1(C)C2C(=O)NC21C,4.102399826049805,train,7368,True
Cn1nnc(N2CC2)n1,2.67330002784729,valid,7369,True
C#CC1OC2C=CCC12,1.9972000122070312,train,7370,True
CC1OC=NCCO1,1.6311999559402466,train,7371,True
CC12CC1CCOCO2,2.006999969482422,train,7372,True
C#Cc1c[nH]c(C#N)c1,3.907099962234497,train,7373,True
CC1C=C(C#N)C(C)O1,3.3785998821258545,train,7374,True
COc1c(C)ncn1C,3.7390999794006343,train,7375,True
O=COCC1CCC1O,5.251200199127197,train,7376,True
C[NH2+]CC1OC1C(=O)[O-],6.302199840545654,train,-1,False
CC1C(O)C2(C)COC12,1.330199956893921,train,7377,True
CCC1=CCOC1(C)C,1.5994999408721924,train,7378,True
O=C1C=CC2NC=NC12,5.6392998695373535,train,-1,False
CC1COC(C)(C=O)O1,3.5127999782562256,test,7379,True
OC1(c2ccc[nH]2)CC1,0.995299994945526,train,7380,True
O=C1C=CN2CC2C1,3.5696001052856445,test,7381,True
C1CC23OCC2CC3O1,1.837000012397766,train,7382,True
Nc1[nH]nnc1C1CC1,4.736499786376953,train,7383,True
CC1(CO)C(O)C2CC21,2.6101999282836914,train,7384,True
COc1[nH]nc(O)c1N,1.259600043296814,train,7385,True
Cc1nc(C#N)[nH]c1O,6.218299865722656,train,7386,True
CC(C)C12CCC1(C)O2,1.7161999940872192,train,7387,True
C#CC1NC(C#C)C1=O,2.309600114822388,train,7388,True
CC(C)C1CC(=O)C1O,2.0806000232696533,train,7389,True
CCC1OC(C#N)C1=O,3.8993000984191895,train,7390,True
C#CC1CC(=N)N1C=O,4.363100051879883,train,7391,True
Nc1nc(=O)c(N)c[nH]1,6.935699939727783,train,7392,True
N=C1C=CC2OCC2O1,2.4286999702453613,train,7393,True
CC1=CC(CO)C(C)C1,1.990900039672852,train,7394,True
C#CC#CCC(C)(C)O,2.335900068283081,train,7395,True
C1=Cc2[nH]cnc2NC1,2.5374999046325684,train,7396,True
CCC(=O)OC(C)CO,1.3147000074386597,train,7397,True
COC12CC1OC2C,2.0771000385284424,valid,7398,True
[NH3+]CC1(C(=O)[O-])CC1O,5.767899990081787,train,-1,False
C#Cc1cnc(OC)[nH]1,1.963000059127808,train,7399,True
OCC1=CCC2CC1C2,1.4104000329971311,train,7400,True
CC1C2=CCC3(O)C2C13,0.628600001335144,train,-1,False
OCC1C=CC2CC2C1,1.3937000036239624,train,7401,True
OC1COCC2(CO2)C1,2.0968000888824463,train,7402,True
CC1=CC2OCC2(C)C1,2.21370005607605,train,7403,True
O=C1C(O)CC12CC2O,2.7116000652313232,train,7404,True
CC#CC(=O)C(N)=NC,1.57860004901886,train,7405,True
OC12CC3OC=NC1C32,1.2359999418258667,train,7406,True
C#CC(O)C#CCO,2.158900022506714,train,7407,True
NC1=NCC2(O)CC12O,1.7549999952316284,valid,-1,False
OCC(O)C#CC1CN1,1.354699969291687,train,7408,True
N#CC(O)C1NC2CC21,5.084799766540527,train,7409,True
CC1C=CCCCC1,0.2998999953269958,train,7410,True
CN(C=O)C(=N)C=O,2.662400007247925,train,7411,True
c1cnc2n[nH]nc2n1,0.0706999972462654,test,7412,True
OC1CN2CC3CCC132,1.333799958229065,train,-1,False
C#CC1=NCC(=O)N1C,3.000999927520752,train,7413,True
CC#CC(=O)CCCO,4.646299839019775,train,7414,True
CCCC(=O)C1COC1,3.2588999271392822,test,7415,True
CCCn1ccnc1O,2.6215999126434326,valid,7416,True
CN1C(=O)CCC12CC2,3.5571999549865723,valid,7417,True
CC(C=O)COC=N,1.1200000047683716,train,7418,True
C#CC(=O)C1CN2CC12,2.726999998092652,train,7419,True
CC12COCC1C1OC12,2.542200088500977,train,7420,True
N#CCCC1CC1CO,3.2402000427246094,train,7421,True
CC1C2NC(C#N)C12C,4.837299823760986,train,7422,True
CC(O)(C=O)C1CC1,1.3770999908447266,train,7423,True
N=COC1CC1,3.3987998962402344,valid,7424,True
OCC1C2CC2C12CO2,2.469599962234497,test,7425,True
CNCc1nc(O)n[nH]1,4.120200157165527,train,7426,True
CCOC=NCC#N,2.1768999099731445,train,7427,True
CN(C)c1nnoc1N,4.856900215148926,train,-1,False
CCC(C)OC(C)CO,2.303999900817871,train,7428,True
C#CC12CC1OC21CC1,0.9322999715805054,valid,7429,True
CC1C2C3CCC3C12,0.1481000036001205,train,7430,True
C1=CC2COC2CC1,1.6922999620437622,train,7431,True
CC1CC2CC3C1C23C,0.4137000143527984,train,7432,True
C#CC1C=CC2(CO2)C1,1.876700043678284,test,7433,True
O=C1C=CC(=O)C2NC12,1.37909996509552,train,7434,True
N=C1NC2C3NC3C12O,4.974100112915039,train,-1,False
CC1C=CC2OC12C=O,2.285900115966797,valid,7435,True
CC1C(O)C2(C=O)CN12,1.7389999628067017,train,7436,True
C#CC(C)C1C2CC1C2,0.6507999897003174,train,7437,True
CC(O)C1(C#N)CO1,2.561199903488159,valid,7438,True
C#CCC1(OCC)CC1,1.3105000257492063,train,7439,True
C#CC12CCC(O1)C2C,1.9291000366210935,test,7440,True
CC1(C2CO2)CCOC1,1.3223999738693235,train,7441,True
C#CC12CC1(C)NC=N2,3.4316000938415527,train,-1,False
CC1(C)OC2CC21,1.5844999551773071,train,7442,True
OCCCC1COCO1,2.490000009536743,train,7443,True
CC1OCC(C)(C#N)O1,3.1933999061584477,train,7444,True
CC(CO)OCCC#N,2.5023000240325928,train,7445,True
CC1OCC12COCO2,1.1948000192642212,train,7446,True
COC=NCC(C)(C)C,2.818599939346313,train,7447,True
CCOC1C2N=COC21,1.327399969100952,valid,7448,True
CC1C2C(=O)C(C#N)C12,5.813499927520752,valid,7449,True
CC1(NC=O)CC2OC21,3.363600015640259,train,7450,True
COC1CCCCC1C,0.9836000204086304,train,7451,True
Cc1c[nH]c(=O)c(N)c1,2.9742000102996826,test,7452,True
CC(C#N)(C#N)CC=O,2.071000099182129,valid,7453,True
CC1(O)CCC=CCC1,1.3457000255584717,train,7454,True
N#Cc1ncc(N)cn1,8.44379997253418,train,7455,True
N#CC12CN3C4C3C1C42,3.525700092315674,train,-1,False
C#CCC1(C2CO2)CO1,2.445499897003174,train,7456,True
Cc1ccco1,0.5221999883651733,train,7457,True
CC12CC(C#N)(N1)C2N,3.752599954605103,train,7458,True
CC#CC12CC=CC1O2,1.9991999864578247,train,7459,True
CC1OC=NCC1CO,3.5239999294281006,valid,7460,True
CCCC1(O)CC2OC21,1.853800058364868,train,7461,True
Cn1nnc2c1CCN2,4.929900169372559,train,7462,True
CC1C=CC2(O)COC12,2.3066000938415527,train,7463,True
O=C([O-])CC1CNC=[NH+]1,7.873499870300293,test,-1,False
O=CC1=CCOCC1=O,3.2392001152038574,train,7464,True
C#CC#CCNCC#N,3.826499938964844,train,7465,True
COC(=O)NCCCO,1.9319000244140625,train,7466,True
N=c1ncoc(=O)o1,1.5437999963760376,train,-1,False
CC1(C23CN(C2)C3)CC1,1.9667999744415283,train,7467,True
C#CC12CN3CC1(C)C32,1.4149999618530271,train,-1,False
CN=C(N)C(=O)CCO,1.8668999671936035,train,7468,True
OC12CC3CC1OC3C2,2.3838000297546387,valid,7469,True
Cc1cncc(O)c1F,2.527899980545044,test,7470,True
CC1OC(=N)C(C)C1=O,1.569499969482422,train,7471,True
N=c1occ(O)oc1=N,3.680500030517578,train,-1,False
CC1Cc2ncoc2C1,1.9450000524520876,train,7472,True
O=CC1CC(CO)CO1,1.4982000589370728,train,7473,True
NC1CCN(C=O)C1=O,4.875999927520752,train,7474,True
CCC12CC(C)C(C1)C2,0.09009999781847,train,7475,True
CC1(C)OC(=O)NC1=N,2.406100034713745,train,7476,True
CNC(CC#N)COC,4.307400226593018,train,7477,True
CC(O)C1NC2COC21,3.5497000217437744,train,7478,True
CCc1[nH]c(O)nc1O,1.555299997329712,train,7479,True
C#CC1C(=O)CN1C=O,2.0552000999450684,train,7480,True
CC1C2C3CC(C3)C12,0.0608999989926815,train,7481,True
CC1OC12C1OC3C1C32,1.180400013923645,valid,7482,True
CCOC(C#N)C(C)C,3.317800045013428,train,7483,True
N#CC1=NCCN1C=O,6.918600082397461,train,7484,True
N=CNC(=O)C(F)(F)F,4.80810022354126,train,7485,True
C#CC#CCC(C)CC,1.351699948310852,valid,7486,True
Cc1conc1C1CC1,3.0353000164031982,train,7487,True
CC1C=CC2(C#N)CN12,5.088699817657471,train,7488,True
CC(CN1CC1)C1CO1,1.924100041389465,valid,-1,False
CC#CCC(C)CCO,1.4814000129699707,train,7489,True
O=CC(=O)C1OCC1O,0.4433000087738037,test,7490,True
NC(=O)C(C=O)C1CO1,0.9413999915122986,train,7491,True
CCCC(C)C1CC1O,1.3675999641418457,train,7492,True
CC12CC=CC(O)C1N2,2.973299980163574,train,7493,True
C#CC(O)(C#C)CCC,1.4104000329971311,train,7494,True
CC1CC(CCO)CO1,1.3380000591278076,train,7495,True
Cc1connc1=N,2.098700046539306,train,-1,False
CN=c1[nH]ccc(=O)[nH]1,5.178800106048584,test,-1,False
Cc1coc(=O)c(N)c1,4.1006999015808105,train,7496,True
CCC12CC3C1C(O)C32,1.7651000022888184,train,7497,True
OCC(O)c1ccco1,2.708899974822998,train,7498,True
COCC(C)N1CC1,0.8460999727249146,train,-1,False
CN1CC2(C)CN2C1=O,4.728899955749512,train,7499,True
O=CN1CC1(C=O)C=O,2.4416000843048096,train,7500,True
OC12CC3C1N3C2,2.186500072479248,train,-1,False
CC1OC2C1C2C1CO1,2.7239999771118164,train,7501,True
C#CCC1(C(C)=O)CC1,2.4842000007629395,valid,7502,True
CNc1c(O)c[nH]c1O,1.3310999870300293,train,7503,True
N#CC1C2COC(=O)C12,6.26200008392334,test,7504,True
CCC1(C)N=CNC1=O,2.3066000938415527,train,7505,True
N#CC1CNC(=O)NC1,0.0564999990165233,train,7506,True
C1=CC2N3C1C3C21CO1,2.937000036239624,train,-1,False
C#CC12CC1C(C)CO2,1.9757000207901,valid,7507,True
CCc1oc(=N)oc1C,4.2829999923706055,train,7508,True
CC1CC2N=COC2O1,1.1018999814987185,valid,-1,False
C1=CC2(C=CCC1)CN2,1.5360000133514404,train,7509,True
CC1(C2CC(=O)O2)CC1,4.084799766540527,train,7510,True
CCOCC1OC1C,2.4265999794006348,train,7511,True
CN1C(=O)CC2(O)CC12,2.801500082015991,valid,7512,True
C#CC1NC1(C#C)C#C,1.4106999635696411,valid,7513,True
N#CCNCCC1CO1,4.218500137329102,train,7514,True
CCCN=COC1CC1,2.815700054168701,train,7515,True
O=COC1C=CC2NC21,5.536699771881104,train,7516,True
NC(=O)c1cnccn1,3.68149995803833,train,7517,True
N=c1[nH]ncn1C=O,2.946799993515014,train,-1,False
OC1C2OC(C3CN3)C12,2.875999927520752,train,7518,True
N=c1[nH]ncc(F)c1F,2.8053998947143555,train,-1,False
CC1OC1C(C)N1CC1,1.6797000169754028,train,-1,False
CC(C=O)c1ccc[nH]1,1.844599962234497,train,7519,True
CC(O)C1OCC1O,3.5127999782562256,train,7520,True
CN1C(=O)C2C(O)CC21,4.766200065612793,train,7521,True
CC12C3CC4(C)C1N4C32,1.7518999576568604,train,-1,False
O=C1OCCCOCO1,3.449899911880493,train,7522,True
C#CC12CC(C#N)C1O2,5.018899917602539,train,7523,True
CCCC1CC2OCC12,1.8270000219345093,train,7524,True
CC1(C2=CCCC2)CN1,1.611600041389465,train,7525,True
CC(C=O)c1ncco1,2.1647000312805176,train,7526,True
CC(C)C(=O)C(C)O,2.8835999965667725,train,7527,True
OC1Cn2nncc21,3.6486001014709473,train,7528,True
CC1NC1(C)C(N)C#N,3.521699905395508,train,7529,True
CN(C)C12CC3C1OC32,1.7408000230789185,train,-1,False
C#CC1C(O)C1N1CC1,2.9258999824523926,train,7530,True
Cc1occc(=O)c1O,3.333199977874756,valid,7531,True
C#CCNC(C=O)CO,3.5564000606536865,valid,7532,True
COc1cn[nH]c(=O)n1,3.3361001014709477,train,7533,True
Cn1nncc1N1CC1,5.154399871826172,train,7534,True
O=CC(O)CCC1CC1,2.1760001182556152,train,7535,True
CC12NC1CC21CN1,2.3845999240875244,train,7536,True
C#CC(=O)CCC#CC,2.889899969100952,valid,7537,True
O=C(CN1CC1)C1CO1,3.74810004234314,train,-1,False
OC1C2CCC3OC3C12,3.086699962615967,train,7538,True
N=c1[nH]c(N)[nH+][cH-]c1=O,8.445899963378906,train,-1,False
C#CCCCN1CC1,1.4180999994277954,train,7539,True
CC1C2C3C4C(N14)C23O,1.6929999589920044,train,-1,False
CC1C2CC1OCCO2,0.4814999997615814,train,7540,True
COC1CC1C(F)(F)F,2.335900068283081,train,7541,True
COC1CC1CCC=O,3.8410000801086426,train,7542,True
O=C(CCO)CC1CC1,1.1861000061035156,train,7543,True
O=C1CC=CCOCC1,1.938599944114685,train,7544,True
O=c1nc(F)nc[nH]1,4.98390007019043,train,7545,True
CC1Cc2nocc2N1,4.118400096893311,train,7546,True
CC(O)C(=O)C(O)CO,0.5461000204086304,train,7547,True
N#CC12CC(=NO)C1C2,3.502700090408325,train,7548,True
CC(C)C1C=CC(=O)N1,4.40500020980835,test,7549,True
C1C2C3N2CC1C31CO1,2.6477999687194824,train,-1,False
CCOC(C)(C)C=O,2.7455999851226807,test,7550,True
CC1C2OC2C2(C)CC12,1.8344999551773071,train,7551,True
N=c1ccc(N)c(F)o1,3.3696999549865723,train,-1,False
Cc1oc(N)c(C)c1O,0.9965999722480774,train,7552,True
Nc1cc(=O)[nH]cc1F,3.9605000019073486,train,7553,True
C#CC(=O)C1NCC1O,3.5532000064849854,train,7554,True
CN=C1OCC(C)=C1C,2.9210000038146973,train,7555,True
COC1CNC1(C)C=O,2.5429999828338623,train,7556,True
CC(C)(O)C1C=CCO1,1.006500005722046,train,7557,True
N#Cc1n[nH]cc1N,6.307199954986572,train,7558,True
CCC(C=O)CO,3.9072999954223633,valid,7559,True
CC1CNC=CC(=O)C1,2.728199958801269,train,7560,True
N#CC12C3CC1C1C3C12,4.407800197601318,valid,7561,True
c1[nH]cc2c1CCCC2,1.5404000282287598,valid,7562,True
COc1coc(OC)c1,1.6836999654769895,valid,7563,True
N=C1OCC12COC=N2,2.638999938964844,train,-1,False
CC12COC(=O)C1(C)C2,4.513999938964844,train,7564,True
OC12CCOC1C1OC12,2.05430006980896,train,7565,True
C#CC1(C2CN2C)CO1,1.485200047492981,train,-1,False
N=COC1C(=O)N2CC12,2.516900062561035,train,-1,False
CC1CCC(=O)C12CO2,3.402899980545044,train,7566,True
Cc1oc(=N)cnc1N,2.9677000045776367,train,-1,False
CCOC1C2CC1C2=O,3.105600118637085,test,7567,True
CCOc1cnn(C)c1,1.1449999809265137,test,7568,True
CC1C(O)C2OC3C1C23,2.348599910736084,train,7569,True
CC1(C)C2C(=O)N3C2C31,4.353700160980225,train,7570,True
N#CC1C2CC3CC2C31,4.184199810028076,train,7571,True
ON=C1CC=CC2OC12,1.799299955368042,test,7572,True
CC#Cc1ncc(O)[nH]1,2.7901999950408936,valid,7573,True
Cc1[nH]ncc1C(C)O,3.4228999614715576,test,7574,True
C#CC1CCC2CC2C1,0.810699999332428,valid,7575,True
CN=C1C(O)C2CN12,3.819799900054932,train,-1,False
CC12OC3C4CC1C2C43,1.1991000175476074,train,7576,True
Nc1nc(N)[nH]c(=O)n1,6.10230016708374,train,7577,True
N=c1cncn[nH]1,2.000600099563598,valid,-1,False
C#CC1COC(=N)O1,4.136600017547607,train,7578,True
OC12CC1n1nccc12,1.912799954414368,train,7579,True
N=c1occnc1CO,4.046299934387207,train,-1,False
Cc1cc(O)[nH]c1CO,1.7853000164031982,train,7580,True
Cc1c(N)cc(O)n1C,1.102300047874451,train,7581,True
O=C1NCC2CC=CN12,4.0177998542785645,train,7582,True
CCNc1oncc1C,4.10920000076294,valid,7583,True
[NH3+]C1CC1(O)CC(=O)[O-],5.753099918365479,valid,-1,False
CC(C#N)(C=O)CO,1.6823999881744385,train,7584,True
CCOC1CC1OC,1.6842000484466553,valid,7585,True
CCC1NC1C(O)C=O,2.398200035095215,valid,7586,True
OCC1CC1C(F)(F)F,1.2167999744415283,valid,7587,True
N#CC1=NC(C#N)CN1,5.113699913024902,test,-1,False
CC12CC=CN1C(=O)C2,3.5164999961853027,train,7588,True
CCC12CC(CC1=O)O2,2.553299903869629,train,7589,True
CC#CC1C2C3CN2C13,2.02239990234375,train,7590,True
CCOC1CC1C,0.9114999771118164,train,7591,True
O=C1CC(C(=O)CO)O1,2.426500082015991,train,7592,True
O=CCC(CCO)=NO,3.3687000274658203,train,7593,True
CC1CC2(C=O)CC1C2,2.838399887084961,train,7594,True
O=CC1COC(=O)CO1,2.431299924850464,train,7595,True
C#CC(C)(CO)C1CC1,1.3301000595092771,train,7596,True
OCCC1C2CCC1C2,1.308500051498413,train,7597,True
COC1C(C)NC1C=O,2.825900077819824,train,7598,True
CC(=N)Nc1cn[nH]n1,2.1809000968933105,train,7599,True
COC1C2NC1C2=NO,1.3003000020980835,train,7600,True
O=C1OC=NC2COC12,2.978600025177002,train,7601,True
CCC1CCC(=O)C1O,1.9092999696731567,valid,7602,True
C#CCC(C)(C=O)CC,2.275500059127808,valid,7603,True
C1C2C3CC4(CN1C24)O3,1.7490999698638916,train,-1,False
Nc1nc(=O)nno1,3.775199890136719,train,-1,False
C1CC23CC(CN2C3)O1,1.518399953842163,valid,7604,True
CC12NC1CC=CC2O,2.413800001144409,valid,7605,True
CC1C(O)C1(O)CO,3.0859999656677246,train,7606,True
C#Cc1n[nH]c(NC)n1,4.515100002288818,train,7607,True
O=C1CC=CCC(=O)N1,3.2320001125335693,train,7608,True
N=C1C=CCO1,3.3473000526428223,valid,-1,False
CC1C=CCCC(=O)C1,2.610599994659424,train,7609,True
N=C1NC2CNC2C1=O,5.131899833679199,train,-1,False
C#CC1CC2CC1(C)C2,0.6960999965667725,valid,7610,True
CCC(C=O)(C=O)OC,1.611899971961975,train,7611,True
CC1CC=CC(C=O)O1,2.649399995803833,train,7612,True
Cn1nc(O)cc1C=O,3.631999969482422,train,7613,True
OC1CNc2nc[nH]c21,3.1675000190734863,train,7614,True
O=COC1C2OC1C2O,2.689500093460083,train,7615,True
N=C1Cc2nnoc2O1,2.5132999420166016,train,-1,False
N#CC1CC2CC1O2,5.133800029754639,train,7616,True
[O-]c1occ2c1C[NH2+]C2,11.963500022888184,test,7617,True
C1OC2C1CC1CC2O1,2.924099922180176,train,7618,True
CC1C2OC1(CO)C2O,0.9735000133514404,train,-1,False
OC1C2CCN3C1C23,2.446000099182129,train,7619,True
C1CC1OC1CC2NC21,2.2227001190185547,train,7620,True
CCOCCC(C)C=O,3.167399883270264,test,7621,True
CN(C=O)CC=O,1.2395000457763672,train,7622,True
CC1CC2(C1)OC2(C)C,1.738800048828125,valid,7623,True
CC(=O)C(C)C1NC1C,2.5810000896453857,train,7624,True
CC12CC3C(OC=N1)C32,1.950000047683716,valid,7625,True
CC(=O)C12CC3C1CN32,2.1777000427246094,train,-1,False
O=C1CC2CCC1C2,3.0199999809265137,train,7626,True
OC1COc2occc21,0.6029000282287598,train,7627,True
CC#CC1CC1OC=N,3.1396000385284424,train,7628,True
CN1CC12CC1CC12C,1.079800009727478,valid,-1,False
CCC1(C#CC#N)CC1,5.689799785614014,train,7629,True
CCC12COC(=O)C1C2,4.818399906158447,train,7630,True
OCC12CC3CC1N3C2,2.476900100708008,test,-1,False
COC(C=O)CNC=O,5.064000129699707,train,7631,True
CCCCNC(=O)C=O,5.4028000831604,train,7632,True
CCOC1CC2CC21O,0.9110999703407288,train,7633,True
Oc1ncn2c1CC2,3.0720999240875244,test,7634,True
CCc1cc(C)n[nH]1,2.3722000122070312,train,7635,True
CC1C2CC(=O)CC1O2,2.57699990272522,train,7636,True
CC(C)(C)CC(O)CO,2.341599941253662,train,7637,True
N#CCC12CC(C1)C2,3.890399932861328,train,7638,True
O=C1Cn2cncc2O1,2.711899995803833,train,7639,True
CNc1c[nH]c(OC)n1,1.355299949645996,train,7640,True
N#CC12CCC3C1N3C2,3.8264000415802,train,-1,False
CCOC1(C=O)CCC1,2.6607000827789307,valid,7641,True
COC1(C2CCO2)CC1,1.147699952125549,train,7642,True
OC12CC3(O)C4C(C41)C23,1.902899980545044,train,7643,True
OC1C2CC2C2CC12O,1.5753999948501587,train,7644,True
CC1(C)CC2(O)CN1C2,0.633400022983551,valid,-1,False
Oc1ccc2n1CC=C2,0.9804999828338624,train,7645,True
CCCCOC=O,4.232699871063232,valid,7646,True
C#CCn1ccc(N)n1,1.638800024986267,train,7647,True
O=C1CC2(N1)C1CC2O1,3.210400104522705,test,-1,False
CCN1CC2(O)CC12,1.9205000400543213,test,-1,False
CCC1=NCCC(C)O1,1.9155000448226929,train,7648,True
C#CCCC(C)(C)C,0.8851000070571899,train,7649,True
C#CC1CCCC1OC,1.6176999807357788,train,7650,True
CCC1(C2(C)CC2)CO1,1.6828999519348145,train,7651,True
c1n[nH]c2c1CN1CC21,1.780500054359436,train,-1,False
CC1OCC2CCC21C,1.3516000509262085,train,7652,True
CC12CCC(CCO1)O2,1.8697999715805051,train,7653,True
CC#CC(CC)NC=O,3.8636999130249023,train,7654,True
CCC1=CCCOC1C,1.1203999519348145,train,7655,True
CC1(C23COC2C3)CO1,2.7081000804901123,train,7656,True
OCC12OC3C1CC32,2.0151000022888184,train,-1,False
C#CC1Cc2cccn21,1.7058000564575195,valid,7657,True
C1C2CN3CC3C1O2,2.3392999172210693,train,-1,False
O=CCC1(CO)CO1,2.424999952316284,train,7658,True
CC1(O)CCCN2CC21,2.6370999813079834,train,-1,False
C1CC23CCC12C1OC13,1.711899995803833,valid,7659,True
O=CC1C2C(O)C3C1N23,1.627900004386902,train,-1,False
CC(C#N)(C#N)CC#N,3.1603000164031982,train,7660,True
CC1C=CC2CC12CO,1.4729000329971311,train,7661,True
NC(=O)c1ccon1,1.2518999576568604,test,7662,True
C#CCC12CC(O1)C2=O,2.8798999786376958,train,7663,True
CC(O)CC#CC#N,6.3618998527526855,valid,7664,True
C1CC2CC2(C2CN2)O1,0.9997000098228456,test,7665,True
O=CC12CC3NC1C32O,3.6124000549316406,test,7666,True
N=COc1[nH]ccc1O,4.103600025177002,train,-1,False
CC1(O)CCC1C1CO1,0.6521000266075134,train,7667,True
CC1CC1(O)C#N,3.743499994277954,train,7668,True
C#CC(C)C1(C)CCC1,0.5764999985694885,train,7669,True
CC1NC1C1(C)CN1C,2.064500093460083,train,-1,False
N#Cc1ccccc1,4.55109977722168,train,7670,True
C#CC#CC#CC(C)=O,3.231100082397461,train,7671,True
CC1(C#N)C(=O)C2OC21,3.374799966812134,train,7672,True
CC12CN3CC1(CO)C32,3.166599988937378,train,7673,True
N#CC(O)C#CCO,2.5524001121521,valid,7674,True
NC=Nc1cnco1,4.899199962615967,train,7675,True
C1CC23OC4(CNC24)C13,3.3598999977111816,train,-1,False
O=C1C=CC2OCC1O2,1.9960999488830569,train,7676,True
COc1[nH]cc(N)c1N,1.407099962234497,train,7677,True
CC12CC3OC1COC32,2.006700038909912,valid,7678,True
CCCCC1OCCO1,0.9944000244140624,train,7679,True
CC(=O)C12CC1OC2C,2.1393001079559326,train,7680,True
Cn1cn[nH]c(=N)c1=N,2.644200086593628,train,-1,False
C#CC1=CCOC12CC2,1.135599970817566,valid,7681,True
Cc1cc2n(n1)C1CC21,2.479199886322021,train,7682,True
CCC1=C(C)CCOC1,1.3974000215530396,train,7683,True
N#CC1C=CC2CC2N1,4.68779993057251,train,7684,True
CC12CCC(O1)C21CC1,1.5642999410629272,train,7685,True
C#CC12C=CCN1C2C,1.83270001411438,train,7686,True
OCc1ccncn1,2.7839999198913574,train,7687,True
CC(=O)COC1CCC1,2.8350000381469727,train,7688,True
C1=CC2CC2N=COC1,1.3590999841690063,valid,7689,True
O=COC1CCC1=O,5.023900032043457,train,7690,True
O=C1NC2C3CCN1C32,4.246600151062012,train,7691,True
c1cnc2cnoc2c1,2.634700059890747,train,7692,True
CCC(=O)NC(=O)C=O,6.429599761962891,train,7693,True
CCC1=NC(C)CCO1,1.704200029373169,train,7694,True
CN=c1occ(O)o1,1.7753000259399414,train,7695,True
C#CC(C)C(C=O)C=O,1.722100019454956,train,7696,True
OC12C=CC3C1N3C2,2.312599897384644,train,-1,False
CC1(C=O)OCC1C=O,1.0382000207901,train,7697,True
COCC1COC(=O)C1,4.158599853515625,train,7698,True
Nc1ccc(N2CC2)o1,2.19350004196167,train,7699,True
COC(=O)C1CCN1,2.0660998821258545,train,7700,True
CC1COC12CC2C=O,3.644399881362915,train,7701,True
OC1CC2(CC2O)C1O,2.4303998947143555,train,7702,True
C#CCc1ncc(C)o1,1.841099977493286,train,7703,True
N#CC1OC=NCC1O,4.009399890899658,train,7704,True
CC([NH3+])c1nn[nH]c1[O-],4.154399871826172,train,-1,False
O=CC(O)c1nnon1,2.001699924468994,train,7705,True
CCC1(O)CCC12CO2,3.067600011825561,train,7706,True
COc1ncnoc1=O,4.660999774932861,train,7707,True
N#CCC#CC(O)C=O,1.5419000387191772,train,7708,True
N=C1NC(=O)C=CCO1,4.276000022888184,train,-1,False
C#CC#CC(C)C1CN1,1.455399990081787,train,7709,True
CC1C(C)C12C1CC2O1,1.919700026512146,train,-1,False
CC12CCC3C4C(C41)N32,1.5987000465393066,train,-1,False
CC1C=CC(C)(O)C1,1.35889995098114,train,7710,True
C1C2OC2C23COC12C3,1.2734999656677246,train,7711,True
CC1C2C3C1C2C3(C)C,0.008899999782443,train,7712,True
CC(=O)CC(=O)N1CC1,3.153899908065796,train,7713,True
CC(C)C(O)(C=O)C=O,3.50219988822937,train,7714,True
CCc1cc[nH]c1C#N,4.2621002197265625,train,7715,True
O=C1C=CNC2COC12,6.588600158691406,train,7716,True
CC1OCc2[nH]ncc21,1.3587000370025637,test,7717,True
CC1(C)OC1(C)C1CN1,2.1939001083374023,train,7718,True
CC1C2OC3(C#N)C1C23,5.062900066375732,train,7719,True
CN1CCC2CC21C#N,4.326700210571289,train,-1,False
CC#CC1=C(C)COC1,2.1737000942230225,train,7720,True
C#CC1(O)CCCC1O,0.8483999967575073,test,7721,True
CC(O)C12CC1C(=O)O2,4.295100212097168,test,7722,True
CCC1C(O)CC1C#N,2.6923999786376958,train,7723,True
CCC(C)C1CCCC1,0.0907000005245208,train,7724,True
C1CC2(C1)OC21COC1,2.0941998958587646,train,7725,True
O=CN1C2CC1C21CC1,3.849299907684326,train,7726,True
CCC12NC1C1COC12,2.9449000358581543,train,7727,True
C#CCOC(=O)CC#C,1.7759000062942505,train,7728,True
CC(O)C1COC1CO,3.653899908065796,train,7729,True
OC12COC1CC1CC12,2.372499942779541,train,7730,True
CCCOC1CC(O)C1,2.408400058746338,train,7731,True
CCC12CCCCC1O2,1.6576000452041626,train,7732,True
C#CCC1(CCO)CO1,1.1154999732971191,train,7733,True
OC1CCc2cocc21,1.3622000217437744,train,7734,True
N#CC(N)c1cnno1,3.862099885940552,train,7735,True
CCC12CCC1C2CO,1.912299990653992,train,7736,True
N#CC12OC1C1CC2C1,4.503900051116943,train,7737,True
CC#CC(CC)C(C)=O,2.7751998901367188,train,7738,True
NC(=O)C1COC1CO,4.44950008392334,train,7739,True
C1=CC2C3C=CCC23C1,0.2581000030040741,train,7740,True
CC1CN=C2OCC21,3.731800079345703,train,-1,False
CC1CC12CCCO2,1.3288999795913696,train,7741,True
CCCC1CCC1C,0.1265999972820282,train,7742,True
CCc1ccc(C#N)[nH]1,5.039599895477295,train,7743,True
CC#CC(C)(O)CCC,1.6764999628067017,train,7744,True
CC#CC12CCN1C2C,1.5973999500274658,train,-1,False
CC1C2CN3C1C3(C)C2,1.5990999937057495,valid,-1,False
OC1CC23COC2C1C3,1.3309999704360962,train,7745,True
CC1C(CO)CC12CO2,2.7492001056671143,train,7746,True
CC12CC3CC1(CO)C32,1.4021999835968018,train,7747,True
COCC(C=O)CCO,2.3155999183654785,train,7748,True
CN1C2C3C(O)C2(C)C31,1.2594000101089478,train,7749,True
CC1(C)C2OCC21CO,2.9804000854492188,train,7750,True
CNc1cc(N)n(C)c1,0.7605000138282776,train,7751,True
O=C1C2CCOC1C2O,1.837499976158142,train,7752,True
C#CC1(C#C)CC(=N)O1,2.443300008773804,train,7753,True
O=CCOC(C=O)C=O,1.8236000537872317,train,7754,True
CC([NH3+])C(O)C(=O)[O-],5.259300231933594,test,-1,False
C#CC1CC1(CC)OC,0.7545999884605408,train,7755,True
Cc1cnc(F)c(C)c1,3.229700088500977,valid,7756,True
CC(O)c1cnc[nH]1,2.4291999340057373,train,7757,True
OCC12OCC1C1CC12,1.3654999732971191,train,7758,True
C1COCCC2CC2C1,1.1624000072479248,train,7759,True
OCCOc1conn1,2.399600028991699,train,7760,True
N#CC1OC2CC1(O)C2,4.775899887084961,train,7761,True
CCC1(O)CCC2NC21,0.1615999937057495,train,7762,True
OCC12CCCC1CO2,2.4644999504089355,train,7763,True
CC1CCC(O)C1C,1.4316999912261963,train,7764,True
CC1(C)OC2CCC=C21,1.3768999576568604,train,7765,True
CC1CC(=O)C1N1CC1,1.6204999685287476,train,-1,False
CC(O)C1C2C3CC3C12,2.0155999660491943,valid,7766,True
C#CC1NC1CNC=O,3.226799964904785,train,7767,True
CCNC(C#N)C1CO1,3.216399908065796,valid,7768,True
O=C1NCC(O)C12CO2,5.090000152587891,train,7769,True
CC1CC2C(=O)C(O)C12,2.773400068283081,train,7770,True
O=CC#CC1CC2NC12,5.451900005340576,valid,7771,True
CC1OC2CC(C2)O1,1.3393000364303589,train,7772,True
C1CC23COC1C2CO3,1.448300004005432,train,7773,True
Cc1nc(CC#N)c[nH]1,4.764100074768066,test,7774,True
CC1C2C=CC13COC23,1.6480000019073486,train,7775,True
C#CC1NC(=O)N2CC12,4.542600154876709,test,7776,True
C#CC(C#C)NCC=O,2.510999917984009,train,7777,True
N#CC1C(O)C1CO,3.7535998821258554,train,7778,True
C1OC2CC1N1CC1C2,0.741100013256073,train,-1,False
N=C1CC2(O1)C1COC12,2.4470999240875244,test,7779,True
O=CCOCCCO,3.720999956130981,train,7780,True
CC1(C#N)CC(C=O)C1,2.5892999172210693,test,7781,True
CC1CC=CC(=O)O1,4.820799827575684,train,7782,True
Nc1occc1CC=O,1.960199952125549,train,7783,True
N#CC1CCC(O)C1,5.1407999992370605,train,7784,True
O=C1C(O)C23CC(C2)C13,2.6140999794006348,train,7785,True
COC1CNC(=O)C1=O,4.929100036621094,train,7786,True
CCC1CC(C2CN2)O1,2.106100082397461,train,7787,True
O=CC#CCC1COC1,2.748800039291382,train,7788,True
C#CCC1OCC1=NO,1.6081000566482544,test,7789,True
OCCC1CN1C1CC1,1.6469999551773071,test,-1,False
COC1C=C2COC2C1,2.2927000522613525,train,7790,True
ON=C1C2C=CCC1O2,1.4092999696731567,train,7791,True
O=COC12CCOC1C2,3.422800064086914,train,7792,True
COc1[n-]nnc1C[NH3+],4.154200077056885,test,-1,False
CC(=O)C1OC=NC1C,3.032700061798096,train,7793,True
N=C1OC2CC2(CO)O1,3.0936999320983887,train,-1,False
CC1CC2COC2=N1,3.526900053024292,train,7794,True
CC1=NC2CC(O1)C2C,1.6028000116348269,train,-1,False
C1=Cn2cccc2OC1,2.250200033187866,train,7795,True
CNC(=O)N1CC2CC21,3.5253000259399414,test,7796,True
C#CC1(O)CC(C)C1,1.1517000198364258,train,7797,True
N=C1OCC2OC2C1O,3.8601999282836914,train,-1,False
CC1OCC(C)(C)C1O,1.6562000513076782,test,7798,True
CCC(O)C1CCC1=O,2.276000022888184,train,7799,True
O=CC1OC2CC12,2.9333999156951904,train,7800,True
CC12C3C=CC1(O)CN32,2.2973999977111816,train,-1,False
Cc1nc(C)n(C=O)n1,3.3232998847961426,train,7801,True
CC1OC1CC=O,3.1647000312805176,train,7802,True
Oc1ccc(O)c(O)c1,1.403499960899353,train,7803,True
CC1NC1C(O)C=O,2.4261999130249023,train,7804,True
C#CC1CC(=O)C1(C)C,2.082099914550781,train,7805,True
N=C1CC2CCC2CO1,3.413300037384033,train,-1,False
CC1OCC2(C)CC2O1,1.626099944114685,train,7806,True
OC1CC2CC3CCC132,1.236799955368042,train,7807,True
CC(C#N)CC1(O)CC1,5.357399940490723,train,7808,True
O=COC1C2CCOC21,4.089700222015381,valid,7809,True
OC1CN2CC2C12CC2,1.4874000549316406,train,-1,False
CNc1cc(N)c(O)[nH]1,1.4830000400543213,train,7810,True
CCOC1C2CC1O2,1.9455000162124636,train,-1,False
C#CCC12OC1C1NC12,2.8584001064300537,train,7811,True
CC1CC2OC13COC23,0.6506999731063843,train,7812,True
CC1COC2(C)C(C)C12,1.319000005722046,train,7813,True
C#CCN1CC1,0.880299985408783,train,7814,True
OC1C2CN3CC3C12O,2.4384000301361084,valid,-1,False
CC12CC3C(O)C1(C)C32,1.7908999919891355,train,7815,True
C#CC1(C)N2CCC21C,1.9101999998092647,train,-1,False
CCCC1(C(N)=O)CC1,3.363800048828125,train,7816,True
C#CC12C3CC1C2C3,0.7645000219345093,train,7817,True
CC(C)(C)c1ccn[nH]1,2.783200025558472,train,7818,True
NC(=O)N1C2C3NC2C31,4.008200168609619,train,7819,True
ON=C1CCC1O,0.963800013065338,train,7820,True
OC1C2CC3C1C23,1.4278000593185425,train,7821,True
CC1C2CC2(O)C12CC2,1.0924999713897705,train,7822,True
Oc1cc2c([nH]1)NCC2,0.9718999862670898,train,7823,True
CCc1nocc1C,3.1751999855041504,train,7824,True
COCC1(C(C)O)CN1,2.221299886703491,train,7825,True
C1OC2C1CC21COC1,2.973900079727173,train,7826,True
COc1[nH]cc(C)c1N,1.1311999559402466,train,7827,True
N#CC1(N)C2CCOC21,3.547499895095825,test,7828,True
O=C1CN2CC3CC12C3,3.098099946975708,train,7829,True
Nc1c(O)nn[nH]c1=O,2.043299913406372,train,7830,True
CC1(O)C=CC2(C)OC12,3.065500020980835,valid,7831,True
COC1CC2OCOC12,1.5479999780654907,train,7832,True
CCOCC1CCO1,1.398300051689148,train,7833,True
CC12CC(NC=O)(C1)C2,3.4574999809265137,train,7834,True
C#CC(O)CC(O)C=O,2.974400043487549,train,7835,True
CCC(C)(CO)N1CC1,1.3552000522613523,train,-1,False
N=CNc1cocn1,1.7625999450683594,train,7836,True
O=c1ncc(O)c[nH]1,5.1579999923706055,train,7837,True
N#CCC#CC1COC1,2.467900037765503,train,7838,True
CC12CC(C3CN3)N1C2,2.1522998809814453,test,-1,False
CCOCC(=O)COC,4.292099952697754,train,7839,True
C1=Cc2ncnn2C1,3.669199943542481,train,7840,True
CN1CC1COC=O,4.295700073242188,train,7841,True
CCC(CC#N)OC,3.4663000106811523,train,7842,True
CCCC1CCC(=O)N1,3.998500108718872,train,7843,True
N=C1NCC(N)C(=O)N1,1.0467000007629397,train,7844,True
CC1C2CCC1C2=NO,1.253999948501587,train,7845,True
Cc1nc(C#N)c(C)o1,5.4268999099731445,train,7846,True
Nc1cc[nH]c1[N+](=O)[O-],4.911399841308594,train,7847,True
CC1OCC2C(CO)C12,2.173799991607666,train,7848,True
CC1CC2(CCOC2)C1,1.8032000064849851,train,7849,True
O=c1occ2n1CC=C2,5.157599925994873,train,7850,True
COCCC1=CCCC1,1.0068000555038452,train,7851,True
O=CC12CCC=C1CC2,2.6217000484466557,train,7852,True
CCNC(C#N)C=O,3.3696000576019287,valid,7853,True
O=C1C2CC1C1CC2O1,4.107399940490723,train,7854,True
COc1ccccc1N,1.6155999898910522,train,7855,True
OC1C=CC2C3OC1C23,2.5583999156951904,train,7856,True
CC1=CC2CC1CC2C,0.302700012922287,train,7857,True
O=Cc1cc(CO)no1,5.232699871063232,train,7858,True
CCc1ccn[nH]1,2.687599897384644,train,7859,True
N#CC(=N)NC(=N)CO,1.63100004196167,train,7860,True
CCC1COCC1C=O,2.3838999271392822,train,7861,True
O=C(CO)NCCCO,3.564500093460083,train,7862,True
CC#CC1(C)C2CN1C2,1.7128000259399414,train,-1,False
O=Cn1ncc(CO)n1,4.912199974060059,test,7863,True
Nc1noc2c1CCO2,4.7108001708984375,train,7864,True
CCC1(C=O)NCC1O,0.536300003528595,valid,7865,True
COC(=O)CCOC=O,4.145599842071533,train,7866,True
O=CC1(C=O)CCCO1,2.913800001144409,valid,7867,True
CCC1C=C(C)C(=O)O1,4.387499809265137,train,7868,True
O=c1[nH]c2c(o1)NCC2,5.102099895477295,train,7869,True
NC(=O)NC1COC1=O,4.61329984664917,test,7870,True
CC1CC1(N)C(N)C#N,5.116399765014648,train,7871,True
CCc1[nH]ncc1CO,2.745500087738037,test,7872,True
O=c1ccoc(F)n1,4.740600109100342,train,7873,True
N=c1onc2n1CCC2,4.596199989318848,test,-1,False
CCCN1CC(=O)C1,2.6970999240875244,train,7874,True
O=c1ncc(F)n[nH]1,2.719399929046631,train,7875,True
C#CC1OC1(C#C)CO,1.7558000087738037,train,7876,True
C#CC1(C)C(O)C1(C)O,2.8315999507904053,train,7877,True
CCC1C=CCOC1,1.2405999898910522,train,7878,True
CC1=CCC(=O)C1=O,4.878600120544434,train,7879,True
O=CCC1(O)CC2NC21,3.776000022888184,train,7880,True
N=C(NC=O)NCCO,4.093999862670898,valid,7881,True
C#CC12NC1CC2O,2.4110000133514404,train,7882,True
OCCOc1cc[nH]c1,3.3585000038146973,train,7883,True
c1cc2[nH]cnc2cn1,5.091300010681152,train,7884,True
CC12CC(CO1)CC2=O,3.4214000701904297,train,7885,True
CC1COCC1(N)C#N,3.0074000358581543,train,7886,True
CCC12OC3C4C3C1C42,1.0820000171661377,train,7887,True
CC1OCC2CC21CO,2.662300109863281,valid,7888,True
OCC12CCCC1(O)C2,0.8870999813079834,train,7889,True
O=CNC1C2CCC21,3.580899953842163,train,7890,True
Cc1ccccc(=O)c1,4.508299827575684,train,7891,True
O=CC1C2CNC(=O)C12,4.400000095367432,valid,7892,True
C#CC12CN=C3NC1C32,3.3127999305725098,train,7893,True
CC#CCC1COC1=O,3.7451000213623047,test,7894,True
CC1C=CCNCC1=O,2.670300006866455,train,7895,True
CC1(N)C(N)C1(O)C#N,6.586400032043457,train,7896,True
CC1C(=O)C2C1N2C,2.374599933624268,train,-1,False
C1C2C3OCC4(OC14)C23,1.0015000104904177,train,7897,True
COCC1C2NC1C2=O,2.5920000076293945,valid,7898,True
O=CNC1C(=O)C2OC12,3.246000051498413,train,7899,True
C#CCc1cn(C)cn1,3.5934998989105225,test,7900,True
O=C([O-])C1[NH2+]C2CCC21,5.136099815368652,train,-1,False
C#CC(C)CC(C)(C)O,2.06850004196167,train,7901,True
O=C1OCC2(O)CC1C2,3.947999954223633,valid,7902,True
Nc1c[nH]c(O)cc1=O,4.831900119781494,train,7903,True
CCOCCCOC=O,4.805200099945068,train,7904,True
C#CC12CC(CC)C1O2,1.8316999673843384,train,7905,True
O=C1CC(O)CC2OC12,2.185699939727783,train,7906,True
C#CC1(CC=O)CN1C,2.1456000804901123,train,7907,True
O=CC1CC12CC(=O)C2,2.617500066757202,train,7908,True
OC12C3CCC1N1C3C12,2.323199987411499,train,-1,False
CC1CCC(C)C2OC12,1.6820000410079956,train,7909,True
C#CC12C=CC3CC1N32,1.9687999486923216,train,-1,False
CC12CC3C(C(=O)N1)C32,4.13700008392334,train,7910,True
CC1NC1(C#N)C(N)=O,2.4621999263763428,train,7911,True
CC1OC12C1CC2C1=O,4.298200130462647,train,7912,True
O=CC1C2C3C=CC2N13,2.278700113296509,train,-1,False
C#CC1CC(C)C1CO,1.9634000062942505,train,7913,True
CC12C=CC3OC1C3C2,1.6009000539779663,test,7914,True
OC1(C(F)(F)F)CNC1,1.3164000511169434,train,7915,True
O=CN1CCC12CC2,4.230100154876709,train,7916,True
O=C1NC2CC(O)C1C2,5.048299789428711,train,7917,True
c1ncn2c1C1OC1C2,3.827800035476685,train,7918,True
C#CC(NC)C(F)(F)F,2.410799980163574,train,7919,True
N#CC1C=CC(C=O)C1,1.927299976348877,train,7920,True
CC12CC(C1)C2C(N)=O,3.149800062179565,valid,7921,True
COC1(C)CC2(C)OC12,2.710599899291992,train,7922,True
CCC1OC1C(C)(C)C,1.6288000345230105,train,7923,True
Oc1cncc(O)c1O,4.276500225067139,train,7924,True
CCC1(C)CC1,0.1150999963283538,valid,7925,True
C1CN1CC12CC(C1)C2,1.042199969291687,test,7926,True
C#CC#CC(C)(O)CC,1.0888999700546265,train,7927,True
O=c1cccc(O)nc1,3.1092000007629395,test,7928,True
CC1C=C2CC(C)C2O1,1.2374999523162842,train,7929,True
OC1COC2CC2OC1,2.598700046539306,valid,7930,True
C#CC(C#C)OC,1.2257000207901,train,7931,True
CC(O)C1CC1C(N)=O,4.285200119018555,test,7932,True
OC1CCCC1,1.3246999979019165,train,7933,True
Nc1ocnc(=O)c1F,6.713600158691406,train,7934,True
[NH3+]CC1CC(C(=O)[O-])C1,18.71030044555664,train,7935,True
CC1C(C=O)C12CCO2,3.743000030517578,train,7936,True
Cc1cnc(O)cc1O,2.6012001037597656,train,7937,True
C#CC(CO)CC#N,3.149399995803833,valid,7938,True
CNc1[nH]ccc1CO,1.8071000576019287,train,7939,True
N#CC1(N)C2CCCC21,3.462399959564209,train,7940,True
CC1(C)C2NC1C21CO1,2.069299936294556,valid,7941,True
C1C2CC1C1(COC1)O2,2.649399995803833,train,7942,True
N#CC12C(=O)OC1C2O,4.424600124359131,test,7943,True
C1=Nc2cn[nH]c2CO1,3.503999948501587,train,7944,True
O=C1CCCCCO1,2.893899917602539,train,7945,True
CC(C)CC(=O)NC=N,1.5425000190734863,test,7946,True
CC1(CO)CC(CO)C1,0.4174999892711639,train,7947,True
OCCCc1cnc[nH]1,4.216300010681152,train,7948,True
CC1NC12CNC2C=O,1.8167999982833865,train,7949,True
C#CC1(CCC)CC1O,1.6761000156402588,train,7950,True
NC(=O)OC1CC2NC21,2.0302000045776367,train,7951,True
OCCC1C2C3CC3C12,1.4764000177383425,train,7952,True
N#CCN1CCC1,4.360300064086914,train,7953,True
N#CC1CC2(CO)CC12,4.268799781799316,train,7954,True
CC1(O)C2C=CCC1O2,2.7112998962402344,train,7955,True
OC1C2CC1C1NC21,1.7371000051498413,train,7956,True
N=C1OCC1C(=O)CO,3.042799949645996,train,7957,True
Cc1ocnc1C(C)C,1.6973999738693235,train,7958,True
CC1=CC2CC3OC1C23,1.5579999685287476,train,7959,True
N#CC12C=CCCC1N2,3.648699998855591,train,7960,True
CC#Cc1nc(N)co1,1.184499979019165,valid,7961,True
CC(=O)NC(C)CC=O,4.212900161743164,test,7962,True
N=C(CO)NC(=O)C=O,2.845999956130981,train,7963,True
COC1C2C=CC(O)C21,2.899800062179565,train,7964,True
CCC1CC(=O)N1C=N,5.472099781036377,train,7965,True
Cn1nc(C#N)oc1=O,3.827699899673462,train,7966,True
C#CC(C)(C)C(=O)OC,2.1542999744415283,train,7967,True
OC12CC3C(C1)C32O,1.6691999435424805,train,7968,True
N=C(NC=O)C(F)(F)F,3.680999994277954,valid,7969,True
CCC12C=CC(O)(C1)C2,1.3205000162124634,train,7970,True
CC1NC1C1(C)CC1O,1.7898999452590942,train,7971,True
CC1C2OC(C)(C)OC12,0.8600999712944031,test,7972,True
N#CC#CC1NC1C#N,7.421500205993652,train,7973,True
CC#CC1CC1OC,1.0922000408172607,train,7974,True
CC(C=O)n1ccnn1,2.484600067138672,train,7975,True
CC#CCC#CCO,1.4290000200271606,train,7976,True
O=CN1C=NCCC1=O,2.536600112915039,test,7977,True
C#CC1=C(C)C(O)CC1,0.9104999899864196,valid,7978,True
CC#CCCC(O)CO,2.3575000762939453,train,7979,True
CCN(C=O)CCCO,2.976799964904785,train,7980,True
C#CC(C)(CCC)OC,0.892799973487854,train,7981,True
O=CNC1C2C3NC3C12,5.470300197601318,train,7982,True
CC1C2C3C(=O)CN3C12,2.3304998874664307,test,-1,False
CCNC(=O)CC#N,1.2865999937057495,train,7983,True
O=C1C(O)CC2OCC12,2.5659000873565674,train,7984,True
N#CC1C2C3OC3CN12,4.68809986114502,train,-1,False
CCC1OC(C)C1C,1.5980000495910645,train,7985,True
OC12CC1OC21COC1,1.997599959373474,train,7986,True
OC1CC23C=CCC12O3,2.12940001487732,train,7987,True
O=C1C=C2NCC2CC1,5.301799774169922,train,7988,True
C#CC(=O)CC(C)=NO,2.603399991989136,train,7989,True
C#CC1CCC(=O)CO1,2.675600051879883,train,7990,True
CC1COC=NCC1O,1.4471999406814575,train,7991,True
C,0.0,train,7992,True
O=CCOCC1CC1O,3.724299907684326,train,7993,True
OCC12CN3C1C=CC32,2.946000099182129,train,-1,False
CC1=CC(C(C)C)OC1,1.7029999494552612,train,7994,True
C#CCC(C)(O)C(C)=O,2.121500015258789,test,7995,True
CC12CC1CNC2C#N,4.525899887084961,train,7996,True
Cc1nc(N)oc1C#N,4.95389986038208,train,7997,True
O=Cn1cccc1O,3.7636001110076895,valid,7998,True
O=CNC1CC(=NO)C1,3.180500030517578,test,7999,True
N=C1C=CCCOCO1,2.8852999210357666,train,-1,False
OC12CCC1N=COC2,2.5587000846862797,train,8000,True
CC1CC2=NCC(=N)N21,1.884400010108948,train,-1,False
CC(=O)CC1COC1,3.413800001144409,train,8001,True
C1=C2CCOC2C2CC12,1.225200057029724,train,8002,True
O=CC1=CCC2CC1O2,3.9605000019073486,train,8003,True
O=C1CNCCC2OC12,4.724400043487549,train,8004,True
CC(C(=O)[O-])[NH+](C)C,4.861400127410889,test,-1,False
COC1(CCO)CC1O,1.940500020980835,train,8005,True
CN=c1[nH]c(CN)no1,2.5076000690460205,train,-1,False
ON=C1C2CC3C1N3C2,1.4428000450134275,train,-1,False
Cn1nc[nH]c(=O)c1=N,3.641499996185303,train,-1,False
c1cc2c(o1)OCO2,0.739799976348877,train,8006,True
C#CC(=O)C1(C#N)CN1,2.8243000507354736,train,8007,True
C#CC12CCC3C(O1)C32,1.787500023841858,train,8008,True
O=c1cc2[c-](o1)CC[NH2+]2,8.61709976196289,train,-1,False
c1cn2nccc2cn1,0.6622999906539917,train,8009,True
CCC1(C)CCC1OC,0.9212999939918518,train,8010,True
CC12CC3OCC31CO2,1.0413999557495115,train,8011,True
Nc1nc2cnoc2o1,4.101500034332275,valid,8012,True
OC1CC1N=C1CCO1,4.066100120544434,train,-1,False
CC1(C)CC(CC=O)C1,2.793600082397461,train,8013,True
CC1C(=N)OC2C(C)C12,2.8046998977661133,train,-1,False
Nc1cccc(=O)cn1,5.720399856567383,train,8014,True
OCCC1CC(O)C1O,3.8436999320983887,train,8015,True
O=C1NC2CC3COC132,4.732399940490723,train,8016,True
OCC1CC12CC1CN12,0.7541999816894531,train,-1,False
CCC12CN1C(C)C2O,1.8473999500274656,train,-1,False
N#CC(=N)NCCC=O,0.9052000045776368,train,8017,True
CC1(C)C2OC3C2C31C,1.7972999811172483,valid,8018,True
O=C1CC23COCC12C3,2.562700033187866,train,8019,True
C#CC12CC(C1)OC2C,1.05840003490448,train,8020,True
O=C1COC(=O)C12CC2,1.5444999933242798,train,8021,True
CC1NC1C([NH3+])C(=O)[O-],5.411799907684326,train,-1,False
O=CCN=COC=O,2.651400089263916,train,8022,True
Cc1cc(O)noc1=O,4.201399803161621,train,8023,True
CCC1CCC(O)C1=O,2.629199981689453,train,8024,True
COc1cc[nH]c1OC,1.1552000045776367,train,8025,True
CC12COC1C2CC=O,3.4428999423980717,train,8026,True
N=C1NC(=O)C2(O)CC12,1.4788999557495115,train,-1,False
C#CCC1(C)CCOC1,1.610100030899048,train,8027,True
CC1(C#N)NC1(C)C=O,3.130599975585937,train,8028,True
CNc1c[nH]c(O)c1N,1.2028000354766846,train,8029,True
C#CC(C)OCCCO,2.614799976348877,train,8030,True
N#CC12COC3CN1C32,4.087800025939941,train,-1,False
CC1CCOCC(=N)O1,3.62310004234314,train,-1,False
OCC1CC=CC1O,1.062399983406067,train,8031,True
CC1OCCC(=O)CO1,3.327800035476685,train,8032,True
N#CC1NCC(O)C1O,4.398200035095215,train,8033,True
C1=CC2(CC1)CCC2,0.1405999958515167,train,8034,True
CC1(C)C2C3C2C2C3C21,0.0838999971747398,valid,8035,True
OC1CC2C3CC2C1O3,1.7825000286102295,train,8036,True
N=C1CN=C2CCN12,1.6641000509262085,valid,8037,True
O=C1CCC1C1COC1,3.1621999740600586,train,8038,True
CCC1=CC2(C)CC1C2,0.1580000072717666,train,8039,True
C#CCn1nccn1,0.1699000000953674,train,8040,True
N#CCC1CCC(=N)O1,4.988699913024902,test,-1,False
N#CC12CC(C=O)(C1)C2,2.696199893951416,train,8041,True
Cc1c[nH]c(=O)cc1N,5.281599998474121,train,8042,True
COC(C)C1CCO1,1.393399953842163,train,8043,True
CC1(O)COCCC1=O,3.0488998889923096,train,8044,True
CCC#CCOC(N)=O,2.736999988555908,train,8045,True
CC(C)C12CC(O1)C2O,1.653599977493286,train,8046,True
CC1CC=CCOCC1,1.5335999727249146,train,8047,True
C#CC12CC1CC21CN1,1.4392999410629272,valid,8048,True
N#CC1CC2C3NC3C12,5.177499771118164,train,8049,True
CC(=O)C1CC2COC21,2.8570001125335693,train,8050,True
CN1C(=O)CC12CC2O,4.827400207519531,train,8051,True
Cc1nccc(F)c1F,0.6093999743461609,train,8052,True
C#CC1CCCC1(C)O,1.5195000171661377,valid,8053,True
CCCOC(=O)CCC,1.801200032234192,valid,8054,True
CN=C1CC(O)C(=O)N1,1.823199987411499,train,8055,True
COCC(O)C1COC1,3.269200086593628,train,8056,True
Oc1ncc(F)c(O)n1,2.4275999069213867,valid,8057,True
OCC1CC23CC(O2)C13,1.1258000135421753,valid,-1,False
C#CC12COC1C(C)C2,1.2211999893188477,train,8058,True
C#Cc1ccc(N)o1,2.428400039672852,train,8059,True
O=C1Cc2ccoc2C1,2.3232998847961426,train,8060,True
C#CCC12OC3C1NC32,1.6059000492095947,train,-1,False
CC1(C)OCC1CC#N,3.509000062942505,train,8061,True
N#CC1CC(=O)NC=N1,4.435500144958496,train,8062,True
N#Cc1nonnc1=N,3.1577999591827397,test,-1,False
COC1CC2(C)COC12,2.742799997329712,train,8063,True
CC1(O)C2CCC3C1N32,2.803299903869629,train,-1,False
O=CC1CC2C(=O)CN12,2.563699960708618,train,-1,False
CC1C(=O)C(=O)C2CN12,3.640700101852417,train,-1,False
COC1CC12C1CN2C1,1.3560999631881714,valid,-1,False
CN1C(C=O)C1CC=O,2.720700025558472,train,8064,True
O=CNc1ncc[nH]1,0.809499979019165,train,8065,True
CC1=CC2C=CC1(O)C2,1.4363000392913818,test,8066,True
O=C1CC2C(O)CCN12,3.820300102233887,train,8067,True
CNC(=O)COCCO,4.464399814605713,train,8068,True
CC1CCC2CC2CO1,1.1328999996185305,train,8069,True
CCC12NC1(C)C1CC12,1.4057999849319458,train,8070,True
CCCC(=O)CCOC,1.3926000595092771,train,8071,True
C#CC(C)C(N)=O,3.0246999263763428,train,8072,True
C1COC23CC2CC3O1,0.401199996471405,train,8073,True
NC(=O)C1CCC2NC21,4.182400226593018,train,8074,True
O=CC#CC1CCCC1,4.079800128936768,train,8075,True
O=C1C2OCC2N2CC12,2.728199958801269,train,-1,False
CC(=O)C1CC2OC2C1,3.631500005722046,train,8076,True
CC1C2CC(CO)OC12,2.498699903488159,train,8077,True
COC1CN2CC2CO1,1.5896999835968018,train,-1,False
CC1CC2CC(C)(C1)C2,0.1190999969840049,train,8078,True
N=C1CC2CC=CC2O1,3.4647998809814453,test,-1,False
Cc1c(N)nc[nH]c1=O,3.0882999897003174,valid,8079,True
C#CC1CC(C)C2NC12,1.8968000411987305,test,8080,True
CC1=CC2C3CC1C23,0.3296000063419342,train,8081,True
C#CC1C(=O)N2CC12C,3.891400098800659,train,8082,True
N#CC12OC3C1CC32N,3.813400030136109,train,-1,False
O=CN1CC2(CC2O)C1,5.189199924468994,train,8083,True
COCC1CCCC1C,0.9144999980926514,test,8084,True
O=CC(=O)NC1CCC1,2.3889000415802,train,8085,True
COCC1CC2C(C)N12,1.8056999444961548,train,-1,False
CCNC(=O)OC(C)C,2.226099967956543,train,8086,True
Oc1ccnc(F)c1,3.07509994506836,train,8087,True
N#CC(=O)CNCCO,4.2129998207092285,train,8088,True
N=COC1CC2CC2C1,3.401000022888184,train,8089,True
CC#Cc1nocc1C,3.519700050354004,train,8090,True
CC1OC1CCCO,2.8540000915527344,valid,8091,True
N#CC12CC1CC(=N)O2,3.4591000080108643,train,-1,False
CNc1oc(=O)oc1O,5.046599864959717,train,8092,True
OCC(CO)CC1CN1,2.441699981689453,train,8093,True
CCC#CC1(O)CC1,1.6491999626159668,train,8094,True
CC12CC(O)C1N2,2.6596999168396,train,8095,True
O=COCC(=O)C1CC1,6.199999809265137,train,8096,True
CN1CC2(CC2)NC1=O,3.794199943542481,train,8097,True
CCC1C2COC(=O)C12,4.401899814605713,test,8098,True
CC(=[NH2+])NCC(=O)[O-],7.585400104522705,train,-1,False
CCC12C3CC1N2C3,1.7062000036239624,valid,-1,False
CC1C=CC2C(C)C12O,1.3401000499725342,train,8099,True
CC1=C(C)CCCC=C1,0.4603999853134155,train,8100,True
CC12CCN3C(CO1)C32,0.4300999939441681,train,-1,False
CC(C)C1OCC12CC2,1.649899959564209,train,8101,True
CC1(C2COC2)CCO1,3.121999979019165,valid,8102,True
O=CNC1=CC(O)CC1,2.7044999599456787,train,8103,True
C#CC1(C#N)CC(C)C1,4.299300193786621,train,8104,True
CC1(C)CN(C=O)C1,4.371300220489502,train,8105,True
CC1(O)C(O)C1C=O,3.607199907302856,test,8106,True
O=C1C2C3C(N13)C21CO1,5.195499897003174,train,8107,True
C#CC1(CC)CC2CC21,0.5587000250816345,test,8108,True
OC1C2C=CC1(O)CC2,1.7067999839782717,train,8109,True
CCC(=O)n1ccnc1,2.1345999240875244,train,8110,True
c1nocc1C1COC1,1.736799955368042,train,8111,True
ON=C1CCC1C1CO1,1.246999979019165,train,8112,True
C#CC1NC1(C)C(N)=O,3.7390999794006343,train,8113,True
CC12CC3CC(C1)C3O2,1.208199977874756,train,8114,True
COC1C=CNC(=O)O1,3.474900007247925,train,8115,True
CC1(C=O)CNC(=O)C1,3.801500082015991,train,8116,True
CCCCCC(N)=O,3.3671000003814697,train,8117,True
C#CC1CCC1C#N,4.046199798583984,train,8118,True
O=COC1CCC12CO2,3.4739999771118164,valid,8119,True
CCCOCC1CC1,0.769599974155426,train,8120,True
CCCC1OC1(C)C,1.6691999435424805,train,8121,True
C#CCOC(C)CC#N,4.442800045013428,train,8122,True
CC12CC3(O)CC3C1N2,1.8914999961853027,train,8123,True
CC12CCC1(C)C1OC12,1.7684999704360962,train,8124,True
N#CC(O)C1(C#N)CC1,4.846199989318848,valid,8125,True
CC12CC3CC3C1C2O,1.5397000312805176,valid,8126,True
[NH3+]CC(O)C#CC(=O)[O-],21.511999130249023,train,8127,True
CC1C2CN3C(=O)C1C23,4.02899980545044,train,8128,True
CC(=O)C12C=CCC1N2,2.6910998821258545,train,8129,True
CC1OC=NCC1(C)O,1.7295000553131104,train,8130,True
Cc1coc2c1NCC2,1.450600028038025,train,8131,True
CC#CCC1CC(=O)C1,2.976999998092652,train,8132,True
CN1C(=O)CC2(C)CC12,3.60479998588562,train,8133,True
CCC(CC)C(=O)NC,3.254800081253052,train,8134,True
CCCCC(O)C(N)=O,3.946599960327149,train,8135,True
O=C1C2CC1(O)C2O,2.015500068664551,train,8136,True
CC1=CC(=O)C(C)OC1,3.6489999294281006,train,8137,True
CC12OC1CCOC2=N,3.5848000049591064,train,-1,False
C#CCNC(=O)OC,2.0613999366760254,valid,8138,True
CC1CCC2CCC1C2,0.0537000000476837,train,8139,True
CCN=COC(C)CC,2.7172999382019043,train,-1,False
N=CN1CC(=O)NC1=N,2.1005001068115234,train,8140,True
CNc1c[nH]c(N)c1O,1.6684000492095947,train,8141,True
CN1C(=O)CC2OCC21,3.618000030517578,train,8142,True
C#CCn1ccoc1=N,2.8907999992370605,train,-1,False
C1OCC(C2CN2)O1,2.5848000049591064,valid,8143,True
N#CC(N)C(N)C#N,0.9868999719619752,test,8144,True
CNC1C2N=COC21,1.44760000705719,train,8145,True
C#CC(=O)CCO,1.4014999866485596,test,8146,True
O=COc1n[nH]cc1O,4.166399955749512,train,8147,True
N=c1cc(F)c(F)co1,1.9221999645233157,train,-1,False
C#CC12OC3C(C1C)C32,1.7757999897003174,test,8148,True
COCC(=O)NC1CC1,3.398400068283081,test,8149,True
CNc1n[nH]c(=O)n1C,4.091300010681152,train,8150,True
CC1(O)C(O)C2(C)NC12,3.23009991645813,valid,8151,True
CCC1NC1(C)C=O,2.247400045394897,valid,8152,True
COCCC(O)CC=O,3.066499948501587,train,8153,True
N=C1CN2CC(C2)O1,2.82450008392334,valid,8154,True
CCC1C2CCC12CO,1.5740000009536743,train,8155,True
COCCNCCC#N,5.115900039672852,train,8156,True
CC1CC(C)(CO)C1,1.5253000259399414,train,8157,True
NC(=O)NCC1CC1,3.619199991226196,train,8158,True
C#CC(CC)C1CCC1,0.6164000034332275,valid,8159,True
COC12CC1CC21CN1,1.0925999879837036,valid,8160,True
OC12CC3OC(C1)C2O3,2.118000030517578,train,8161,True
OC12CC(C3CC3)(C1)C2,1.4322999715805054,train,8162,True
O=C1CCCCN1,3.8712000846862793,train,8163,True
CC1CC1C#CC=O,4.62470006942749,train,8164,True
CNC(=[NH2+])CCC(=O)[O-],8.892800331115723,train,-1,False
CCC(OC)C(=O)OC,1.2908999919891355,train,8165,True
OCC1CCCCCC1,1.2941999435424805,train,8166,True
CC12C(C=O)OC1C2O,4.132199764251709,train,8167,True
CCC1(C)CC2CC2C1,0.161200001835823,train,8168,True
CN=C1C=CCC(C)O1,3.2228000164031982,train,8169,True
CC1OC2CC2OC1=O,3.503999948501587,valid,8170,True
N#CC12CC3C1CN3C2,3.3148999214172363,test,-1,False
N#Cc1n[n-]c(C[NH3+])n1,7.196700096130371,train,-1,False
O=C1NC2(CC2)C12CC2,3.610300064086914,train,8171,True
CCC(CO)C(O)C=O,2.562000036239624,train,8172,True
Nc1nc(=O)nc(F)o1,7.0609002113342285,valid,8173,True
CCC#CC1CC1CO,1.3284000158309937,train,8174,True
CC12COCC3OC1C32,2.575700044631958,test,8175,True
O=COc1ccncn1,2.274899959564209,train,8176,True
O=C1C=CC2(CO1)CO2,5.002099990844727,train,8177,True
CC1(C)CC1CC=O,2.971699953079224,train,8178,True
CC12C3CC1(C#N)NC32,4.636799812316895,train,8179,True
N=c1oc(F)cnc1F,2.484800100326538,train,-1,False
CC1C2OC3C1C3C2O,0.6992999911308289,train,8180,True
C#CC(C(C)O)C1CC1,1.7482999563217163,train,8181,True
C#CC1=CC(C)COC1,1.2044999599456787,train,8182,True
CC(N)(C#N)C1(C)CO1,5.045700073242188,train,8183,True
N#CC12C3CC4C3N1C42,5.093900203704834,train,8184,True
CC1OC2=NCC3C1N23,3.436000108718872,train,-1,False
CCn1cc(C)c(C)n1,1.8592000007629397,train,8185,True
CC1C2CC3N2CC13C,1.725000023841858,train,-1,False
CC1C=CC(C)(C#N)C1,4.08459997177124,train,8186,True
OCCC1CC2CC12O,0.8779000043869019,train,8187,True
C1CC12C1C3C4C2C1N34,1.948199987411499,train,-1,False
CCCC1(C)CNC1=O,3.322700023651123,train,8188,True
CC1(C(=O)[O-])CC1C[NH3+],18.609100341796875,train,8189,True
CN1C2C1C1C2C1(C)O,3.137500047683716,train,-1,False
NC(=O)CCC1CCC1,3.42549991607666,train,8190,True
C1C2CC3OC2OC13,2.192199945449829,valid,8191,True
CCC1(C(C)C#N)CC1,3.997999906539917,test,8192,True
O=C1CC2(N1)C1COC12,3.667200088500977,train,8193,True
NC1=NCc2nonc21,3.098099946975708,train,8194,True
N#CCC12CC1OCO2,3.6579999923706055,train,8195,True
CCC1C(C)CC2CC21,0.2400999963283538,train,8196,True
CC(CC1CO1)OC=N,4.050099849700928,train,8197,True
O=C1CCN=C2NCC12,1.0650999546051023,test,-1,False
OCC1C2N1CC21CO1,1.822100043296814,train,-1,False
CN=COC(=O)C1CC1,0.9923999905586244,train,8198,True
C#CC1(C)C(O)C1C#N,3.3677000999450684,train,8199,True
CC#CCCC1COC1,1.924299955368042,test,8200,True
CC#CCC(CC)CC,0.134100005030632,valid,8201,True
C#CC(C)c1cocn1,0.8478999733924866,valid,8202,True
C1CN2C1C1C3NC3C12,2.606800079345703,train,-1,False
Cc1cnc(CC=O)[nH]1,1.6606999635696411,test,8203,True
CC12CCC1(C1CO1)C2,1.510599970817566,train,8204,True
C#CC1(C)CCC2NC21,1.2096999883651731,train,8205,True
CC1C2=CCC3C2C13O,1.7089999914169312,train,-1,False
CC1COC(=N)C1C=O,3.072700023651123,train,-1,False
CN=c1cccnn1C,1.8528000116348269,train,-1,False
CC1(CCO)OC1C#N,3.0977001190185547,train,8206,True
C#CC1(C)CC(=O)C1C,2.2155001163482666,train,8207,True
COC(=O)C1CC(C)N1,2.031899929046631,train,8208,True
CC12CC(C)(O1)C2CO,1.3378000259399414,train,-1,False
C1OC1CC1C2COC21,1.2669999599456787,train,8209,True
O=CN1CC2C(=O)CC21,3.668299913406372,train,8210,True
Cc1c(O)cnnc1F,5.506999969482422,train,8211,True
C#Cc1noc(=O)n1C,5.6128997802734375,train,8212,True
NC(=O)CCC1CC1,3.4637999534606934,train,8213,True
C#CCOC(C=O)CC,1.7041000127792358,train,8214,True
COC1CCC(=O)C1=O,3.8680999279022217,valid,8215,True
NC(=O)C1CCC(=O)O1,0.6347000002861023,train,8216,True
CCC1=CC2C3CC2C13,0.2723999917507171,train,8217,True
CCN(C=O)C=NC,2.187000036239624,train,8218,True
CC1CCC(CO)C1,1.2072999477386477,train,8219,True
CC(=O)COCC1CO1,1.861299991607666,valid,8220,True
CC1(O)CCC1(C)C=O,3.4272000789642334,train,8221,True
N=c1nc[nH]c(=O)cn1,4.343599796295166,train,-1,False
CC1C(=O)C(C)C12CN2,2.2588000297546387,train,8222,True
CC1(C#N)CNC1C#N,3.966300010681152,train,8223,True
O=CC1CC1(O)C=O,2.923799991607666,train,8224,True
O=C1OCCC2CCN12,5.340700149536133,train,8225,True
O=CC1C2OCC(=O)C12,2.9217000007629395,train,8226,True
OCC(O)C1CC2OC21,1.7848999500274658,test,8227,True
C1CC2CC1C1OC21,1.9264999628067017,train,8228,True
CNc1ccoc1N,0.8023999929428101,train,8229,True
COC1C(=O)OC2CC21,3.403599977493286,train,8230,True
CC1OC2CC1C2=NO,1.4112999439239502,train,8231,True
CCc1n[nH]c(N)c1C,2.9707999229431152,test,8232,True
O=C1C2CC(C2)C2OC12,3.447499990463257,train,8233,True
CC1(C)C2CC1OC=N2,1.96399998664856,train,-1,False
N=c1ocnc(N)c1F,3.373300075531006,train,-1,False
O=CC12OC3C(=O)C1C32,2.2497000694274902,train,8234,True
CC(O)CCCC1CC1,1.3502999544143677,train,8235,True
C#CCC#CC,0.7462000250816345,train,8236,True
CC1C(=NO)C2CC12C,1.3832999467849731,test,8237,True
COC1C2NC(=N)C21O,1.3387999534606934,valid,8238,True
CC12C3C(CN31)C21CN1,1.7437000274658203,test,-1,False
C1=CC23CC2(C1)OC=N3,1.6576999425888062,train,-1,False
C#Cc1[nH]nnc1OC,2.199899911880493,train,8239,True
C#CCC1(O)CC1C#C,1.7832000255584717,train,8240,True
C1CC2(C1)C1COCC12,1.4665000438690186,train,8241,True
CC1C(OC=O)C2CN12,2.382699966430664,test,8242,True
O=C1C2OC3CC2(O)C13,3.545099973678589,train,8243,True
N=C(CO)NC=O,4.26800012588501,train,8244,True
CC1=NC2(C#N)CC2N1,6.233699798583984,valid,8245,True
OC1C2CC1C2C1CO1,3.037300109863281,train,8246,True
C#CC1NC=CC1=NO,1.997599959373474,valid,8247,True
N#CCO,4.678800106048584,train,8248,True
CC1C2N3CC2(C)C13,1.8597999811172483,train,8249,True
CC1(C2CC2)CC1C=O,3.388499975204468,train,8250,True
CCC1C(C)C12CCO2,1.6323000192642212,test,8251,True
O=c1ncocc1CO,3.789900064468384,train,8252,True
C#CC1CCC(=O)CC1,2.414400100708008,train,8253,True
c1cc2c([nH]1)CC1OC21,3.044800043106079,train,8254,True
CCOC1CN2C(C)C12,1.7138999700546265,train,-1,False
CC1=CC2OC(=O)C1O2,3.863800048828125,train,8255,True
CC1C2C(C)C1C2C=O,2.574399948120117,train,8256,True
CC12CCC(=O)N1CC2,3.8980000019073486,train,8257,True
CC#CC12CCC1(C)O2,2.039499998092652,train,8258,True
O=CC1C=CC2CC2O1,2.980799913406372,train,8259,True
CCC1(C)C=CCCC1,0.222800001502037,train,8260,True
OC1C2OC3CC2C1O3,2.769700050354004,train,8261,True
C#CC(C#C)(C#N)CO,3.553400039672852,valid,8262,True
Cc1nc(=O)occ1F,4.57859992980957,train,8263,True
CCCCC(C)CC,0.0608000010251998,train,8264,True
CC(C=O)N1CC1C=O,2.2149999141693115,valid,8265,True
CCc1cnc(CN)o1,2.2323999404907227,train,8266,True
O=COc1c[nH]cc1O,4.377200126647949,valid,8267,True
CC1=CC2(CCC2)CC1,0.3219000101089477,train,8268,True
CC1(O)C2CC(C2)C1O,1.465999960899353,test,8269,True
CCCC(=N)OC=O,2.085099935531616,valid,8270,True
CCC(CC)CC,0.0428000018000602,train,8271,True
NC(=O)NC1CC1O,3.9612998962402335,train,8272,True
C1OC2C3C1C2C1NC13,3.039799928665161,test,8273,True
CC(=O)C(C)C(O)C=O,2.246999979019165,train,8274,True
CC1CN1CCC#N,4.244900226593018,train,-1,False
CC12OCC1NC2C#N,5.927999973297119,test,8275,True
C#CC12CC1C1CC12O,1.3319000005722046,train,8276,True
c1[nH]cc2c1NCCN2,0.6432999968528748,valid,8277,True
C1=Cn2nncc2CC1,4.993899822235107,valid,8278,True
O=CC12C3CC1(O)C2O3,2.171299934387207,train,8279,True
CCC1OCC(C)=C1C,1.7937999963760376,train,8280,True
N=C1OC2CC1OC2=N,2.568300008773804,train,-1,False
CCC(CO)COC,3.010499954223633,train,8281,True
OC12CC=CC(C1)C2,1.2583999633789062,train,8282,True
CC12C3=CC4CC3C1C42,2.65310001373291,train,-1,False
ON=C1CNCC2NC12,2.202399969100952,train,8283,True
CC12CC1OC2CC#N,3.073899984359741,test,8284,True
CC1OCC1C1COC1,0.4332999885082245,train,8285,True
OC1C2N=C3NCC3C12,1.3513000011444092,train,-1,False
N#CC1CCCO1,4.201000213623047,train,8286,True
NC(=O)C(=O)CCO,2.381700038909912,train,8287,True
O=c1nc(O)nc(F)o1,3.643599987030029,train,-1,False
[NH3+]C1CNC=C1C(=O)[O-],7.406400203704834,train,-1,False
COC1OCC2OC21,2.5281999111175537,train,8288,True
CN1C2C(=NO)CC21C,0.9506999850273132,train,-1,False
CCc1cncn1CC,4.069799900054932,train,8289,True
N=c1nnoc(=O)o1,2.998600006103516,train,-1,False
CC(O)C(=N)NC=O,3.660099983215332,train,8290,True
CCc1cnc(N)nn1,1.9789999723434448,train,8291,True
OC1CC2OC3C1C23,2.4962000846862797,train,8292,True
N=CNC(=O)C1COC1,1.9637000560760496,train,8293,True
[NH3+]C12COC1(C(=O)[O-])C2,7.062099933624268,train,-1,False
O=CC12CC3NC3C1C2,3.3050999641418457,train,8294,True
C#Cc1cc(C)n[nH]1,1.3277000188827517,train,8295,True
Cc1nc(C)c(C#N)o1,3.669500112533569,train,8296,True
C#CC(C)(C#N)C#CC,4.133200168609619,train,8297,True
CC1(C)NC12CCOC2,1.1138999462127686,test,8298,True
NC(=O)C12CCC1O2,2.336899995803833,train,8299,True
COC(=O)CC1CC1,1.5126999616622925,train,8300,True
COc1[nH]ccc1O,2.9228999614715576,train,8301,True
C1=CC23CCC(C2)C3C1,0.1199000030755996,test,8302,True
CC1C2CN(C)C(=O)N12,4.609399795532227,train,8303,True
OC12C=CCCC1C2,1.2552000284194946,train,8304,True
Cc1cc(N)ncc1F,2.6254000663757324,train,8305,True
O=CC12CCOC1C2O,2.100399971008301,train,8306,True
O=C1NCC12CC2O,3.230299949645996,train,8307,True
COC1CC2CCOC21,1.0390000343322754,train,8308,True
CC1C2OC1C2C1CO1,1.672600030899048,valid,-1,False
CC#CC(C)(C)COC,1.124699950218201,train,8309,True
CNc1ncc(F)cn1,1.5605000257492063,valid,8310,True
CC1=CC2NC2CC1=O,4.125500202178955,train,8311,True
N#CCC(=O)C1CCO1,0.060199998319149,train,8312,True
C#CC12CC(C)C1N2,1.307800054550171,train,8313,True
O=C1C2NC3C1N1C2C31,3.990900039672852,train,-1,False
O=COC1CCOCC1,3.469899892807007,train,8314,True
CC(=O)C1COC(=O)N1,6.058700084686279,train,8315,True
C#CC1(C=O)CNC1=O,3.021899938583374,train,8316,True
CC12OC1C(C#N)C2O,5.319200038909912,train,8317,True
CN=C(N)C#N,5.100599765777588,train,8318,True
CCc1nc(O)no1,3.3798999786376958,train,8319,True
C#CCNc1ccoc1,1.424399971961975,train,8320,True
O=CCCC1CCOC1,1.830000042915344,train,8321,True
CNC1C(=N)OC12CC2,1.7237999439239502,train,-1,False
CC(C)C(C)O,1.4140000343322754,train,8322,True
CC(=O)C12CC1C1NC12,3.7976999282836914,train,8323,True
O=C1CC2(CCO2)C1,2.9851999282836914,train,8324,True
OCC1CC2(CCO2)C1,1.2583999633789062,train,8325,True
CN1CC23COC2C1C3,2.3958001136779785,train,-1,False
CCC1(C)CC1(C)C=O,2.763499975204468,valid,8326,True
C#CC1(C#C)CN1C,1.2761000394821167,train,8327,True
CCCc1cnn[nH]1,4.968500137329102,train,8328,True
CC(C=O)c1nnon1,2.358099937438965,train,8329,True
N#CC12CC3C1CC32,4.232699871063232,train,8330,True
Nc1cn2ncoc2n1,1.4943000078201294,train,8331,True
CC1OC(=O)C1OC=N,2.87280011177063,train,8332,True
CC1CC(C(O)C#N)O1,4.57450008392334,valid,8333,True
C1=CC2(CCCC1)CO2,2.1238999366760254,train,8334,True
CCC1(C)CN(C)C1=O,3.328700065612793,test,8335,True
O=Cc1cccc(=O)[nH]1,4.668399810791016,train,8336,True
CC(=O)N(C)C1CCC1,3.452699899673462,train,8337,True
C#CC1C(=O)CC2CC21,2.979099988937378,valid,8338,True
N#CCc1nc(O)c[nH]1,1.018100023269653,train,8339,True
CC(=O)C1CC2C(O)C12,3.755800008773804,valid,8340,True
CNC(=O)C(=O)C(N)=O,3.7204999923706055,train,8341,True
C#CC1CC2CC12CO,1.7527999877929688,train,8342,True
O=C1OCC2OC12,4.283400058746338,train,8343,True
CC12COC1C(O)CO2,1.955600023269653,train,8344,True
CCn1ccc(C)c1N,1.3734999895095823,valid,8345,True
Cc1cn[nH]c1C=O,2.471400022506714,train,8346,True
CC(C)(C)CC(O)C#N,3.5936999320983887,test,8347,True
CCC(=O)CC1(C)CO1,2.562700033187866,train,8348,True
CCCOCC(C)C=O,1.8753999471664429,train,8349,True
CC1CCC(O)COC1,0.6108999848365784,valid,8350,True
COC12CCCC1OC2,2.060699939727783,test,8351,True
O=C1CC2CC(O)C2N1,2.7736001014709477,train,8352,True
CC#CCc1ccon1,3.112799882888794,train,8353,True
C#CC12CC(C1)N2C=O,3.7976999282836914,train,8354,True
O=CC(CCO)N1CC1,2.8566999435424805,train,-1,False
CN(C)C1C2N=COC21,1.7551000118255615,train,8355,True
CC1C2C3CN2C13C=O,2.4993999004364014,train,8356,True
CC1=CC(C#N)C2CC12,4.550000190734863,train,8357,True
N=c1cnoc(N)c1F,2.6842000484466557,train,-1,False
C#CC(NC)C(=O)C#N,3.7098000049591056,test,8358,True
CC(C)OC1CNC1=O,2.8891000747680664,train,8359,True
CCCC(=O)OCC,1.7304999828338623,train,8360,True
CC12NC1C(=O)C2O,4.584199905395508,train,8361,True
CCC12CC1C1(CC1)O2,1.4319000244140625,test,8362,True
CC1CC(CO)O1,2.624099969863892,test,8363,True
N=COC1CCC(O)C1,2.8071000576019287,train,8364,True
CN1C(C)(C)C1(C)C,1.1174999475479126,train,8365,True
COC(=O)CC#CC#N,6.454599857330322,test,8366,True
O=CC12OC3CC1NC32,3.4860999584198,train,8367,True
N#CC1(O)CCC1O,4.002799987792969,train,8368,True
CC(C=O)c1ccon1,1.9764000177383425,train,8369,True
COCC1CNC1C#N,3.535900115966797,train,8370,True
CC1(C#N)C2CC(=O)N21,4.507800102233887,train,8371,True
CCC1OCOCC1O,1.7908999919891355,train,8372,True
CC1C2C(C#N)C(=O)N12,3.862299919128418,test,8373,True
N#CC12CC(O)C1CO2,3.1903998851776123,train,8374,True
C1C2CC1C2C1CO1,1.6083999872207642,train,8375,True
C#CCOCC#CC,1.2336000204086304,train,8376,True
COc1cnoc1C#N,5.811800003051758,valid,8377,True
CCC#Cc1cn[nH]n1,0.8676999807357788,train,8378,True
O=C1C=CC2NC2C1O,4.319499969482422,train,8379,True
CC1CCC(=O)C(O)C1,3.187599897384644,train,8380,True
OC1C2C3CC(O3)C12O,1.948199987411499,train,8381,True
CC1OC2(CCC2)C1C,1.5353000164031982,train,8382,True
CCC(OC)C(C)C#N,4.84689998626709,train,8383,True
COc1cc(N)c(N)o1,1.8418999910354612,valid,8384,True
N#CC1C(CO)C2NC12,5.3649001121521,train,8385,True
COC1COC1C(C)C,2.208199977874756,train,8386,True
CNc1[nH]ncc1C=O,6.5920000076293945,test,8387,True
CC(C)(O)c1ccoc1,0.7444999814033508,train,8388,True
N#CC1(O)C=CNC1=N,6.102200031280518,train,-1,False
C1=NCC2CC(CO2)O1,2.438999891281128,train,8389,True
OCCc1[nH]ncc1O,3.162899971008301,train,8390,True
N#CC1CCNC1=O,5.646299839019775,train,8391,True
CC(O)c1cnccn1,1.5224000215530396,train,8392,True
CC1COC(=O)C1C#N,5.334400177001953,valid,8393,True
C#CC(C)(O)CCO,0.428600013256073,test,8394,True
CN1CCC1(C#N)CN,4.269499778747559,test,8395,True
CC(C#N)c1ccon1,2.921999931335449,train,8396,True
O=CC12NC3COC1C32,3.549000024795532,train,8397,True
NC(=O)C1=CCC(=O)N1,2.1786000728607178,train,8398,True
OCC(O)CC(O)CO,1.8839999437332156,train,8399,True
N#CC1CCCC1,4.281099796295166,train,8400,True
CC1C(O)C2(C)C1N2C,2.080199956893921,test,8401,True
CC1NC1CC(N)C#N,5.643499851226807,train,8402,True
CC12CN1C(C#N)C2=O,4.087399959564209,train,-1,False
CNC12C(=O)OC1C2N,3.338399887084961,train,8403,True
Cc1noc(N=CN)n1,4.630499839782715,train,8404,True
C1CN1C12CC(C1)C2,1.0820000171661377,valid,8405,True
Cc1cc(=O)[nH]c(C)n1,3.0634000301361084,train,8406,True
CCOc1noc(N)n1,1.6821000576019287,train,8407,True
O=COC12C3C4C3C1C42,3.858599901199341,train,8408,True
N#CCC(O)C1(O)CC1,4.336900234222412,train,8409,True
Cc1cc(C)cc(N)c1,1.3199000358581543,train,8410,True
CC1CC12C1CC2(O)C1,1.2384999990463257,train,8411,True
CCOCCC1CC1O,2.0292000770568848,train,8412,True
CC1CNC(=O)C1CO,4.993100166320801,train,8413,True
N#CCN1CC2CC21,4.48960018157959,train,-1,False
CCC1CC=CC1OC,0.8531000018119812,train,8414,True
CC(=N)NC(=O)C=O,1.5063999891281128,train,8415,True
CCOCc1conn1,4.129799842834473,train,8416,True
c1nc(C2CCO2)no1,1.0672999620437622,train,8417,True
N#CC1C=CC2CC12,4.20359992980957,train,8418,True
N#CC12C=CC(N1)C2N,3.610100030899048,train,8419,True
C1=CC2CC23CCC3C1,0.3120000064373016,train,8420,True
CCC1OCC=C1C=O,2.982800006866455,train,8421,True
C1CCC2(C1)COC2,2.015899896621704,train,8422,True
CCCC1C(=O)C2OC12,2.6489999294281006,train,8423,True
CN=CNC(=O)C(C)=O,1.899799942970276,train,8424,True
C1OCC2OC3C1OC23,1.388100028038025,train,8425,True
CCN1C(C)C1C(C)O,0.3707000017166137,train,-1,False
C#Cc1nc(N)n(C)n1,4.080399990081787,train,8426,True
COC1CC2(O)C(O)C12,1.7891000509262085,train,8427,True
O=COCC#CCCO,3.698199987411499,train,8428,True
COC1(C)C2OC3C2C31,1.8924000263214111,train,8429,True
CC1CC2(CO2)C(=O)N1,4.242700099945068,train,8430,True
CN1C2C=CC(=O)C21,3.0625,train,8431,True
OC1CC2COCC12O,0.8666999936103821,train,8432,True
CCc1c(C)n[nH]c1C,2.3238000869750977,train,8433,True
N#CCN1C2CC(O)C21,3.583199977874756,train,-1,False
CC1CC(=O)C2CN2C1,2.95199990272522,train,-1,False
CCC#CC1(C)CC1C,0.0623000003397464,valid,8434,True
Cn1cc(N)c(CO)n1,3.0309998989105225,train,8435,True
C#CC(O)C(O)C(C)=O,2.7058000564575195,train,8436,True
CC1(CO)C2C3CN2C31,1.9452999830245967,train,-1,False
N#CCCC(C#N)C=O,3.912100076675415,train,8437,True
C1C2CC1C21C2CC1O2,1.872099995613098,train,-1,False
N=C(N)c1n[nH]c(O)n1,4.290999889373779,train,8438,True
CC1(C(N)=O)COC1=O,1.556399941444397,train,8439,True
CC1OC1C1C=CCO1,1.128000020980835,train,8440,True
C#CCC12CC1C(=O)O2,4.04580020904541,train,8441,True
CC1Cc2onnc2N1,4.986499786376953,train,8442,True
CC1NC(CO)C1=NO,2.265700101852417,train,8443,True
N#CCC12C=CCC1C2,4.208499908447266,train,8444,True
C#CC12OC1C1C(O)C12,0.7031000256538391,valid,8445,True
NC(=O)N1CC2(CO2)C1,3.999399900436402,train,8446,True
Cc1oc(N)nc1CO,2.776700019836426,train,8447,True
CC1(C)OC2CC21CO,1.1962000131607056,train,8448,True
C#CC(C)(CO)N1CC1,1.3660999536514282,train,-1,False
C#CC1CC(=NO)CO1,0.995199978351593,train,8449,True
CN1CC1CC1CCO1,2.7987000942230225,valid,-1,False
OCCC1=CCCC1,1.3664000034332275,train,8450,True
C1NC1C1NC1C1CO1,1.6318999528884888,train,8451,True
OCC1C2N1C1CC12O,2.7641000747680664,train,-1,False
O=C1COC2CC2OC1,2.128000020980835,train,8452,True
CC(O)(CO)COC=O,2.0241000652313232,train,8453,True
CN1C2CC1C2(O)C#N,2.4879000186920166,train,8454,True
COC1C(C)C1C1CC1,1.0734000205993652,train,8455,True
N#CCCc1cc[nH]n1,6.257199764251709,train,8456,True
NC(=O)C1CCOCC1,4.130499839782715,train,8457,True
O=CCC#CCOC=O,2.310400009155273,train,8458,True
CC1C(=O)CC1C1CC1,2.893399953842163,test,8459,True
C1=CCCCCCCC1,0.2478999942541122,train,8460,True
C1CC2C3C1C2N1CC31,1.4993000030517578,train,-1,False
CN1CC2(C)CC12C=O,2.959199905395508,train,-1,False
N=c1nc(N)c(F)co1,4.6407999992370605,train,-1,False
CCC12CC(=O)CC1O2,3.1470000743865967,train,8461,True
CC12CC3(O)C1C3(O)C2,2.4061999320983887,train,8462,True
Nc1cncc(=O)nc1,5.804500102996826,train,8463,True
O=CNC12CC(C1)C2,3.4470999240875244,train,8464,True
CC(C)CC(=O)NC=O,5.352399826049805,train,8465,True
CC1(C)NC1CN1CC1,0.9298999905586244,train,-1,False
CC1(C2(C#N)CC2)CO1,2.5069000720977783,train,8466,True
Nc1ocnc1C=O,6.171800136566162,train,8467,True
N=c1nnoc(F)n1,2.9314000606536865,test,-1,False
CC(=O)C1C(C)N2CC12,3.547600030899048,train,8468,True
C1CN1C1CC2(CO2)C1,1.4977999925613403,train,-1,False
CC(=O)C(=O)C1CCO1,1.645799994468689,valid,8469,True
CC1C(=O)CC2(C)OC12,3.1447999477386475,train,8470,True
O=CC12C3C4CN1C2C43,4.363100051879883,train,-1,False
N#CC1(C(=O)C=O)CC1,3.832099914550781,valid,8471,True
CCNC(=O)C(=O)C=O,3.879499912261963,train,8472,True
C#CCC1OC1CC=O,2.6285998821258545,train,8473,True
CC1(C)CC1C1COC1,2.043800115585327,valid,8474,True
C1OC2OC1CC21CO1,2.503200054168701,train,8475,True
CCOC(=NC)C(C)=O,2.234499931335449,test,8476,True
N=COC(=O)C1COC1,0.944700002670288,train,8477,True
O=CC12CC(=NO)C1C2,2.61080002784729,train,8478,True
CC1OC12COC(=N)C2,3.7474000453948975,test,-1,False
O=CC1CC(C2CC2)C1,3.16129994392395,train,8479,True
O=C1CCCNC1,2.530800104141236,train,8480,True
CCC(=O)NC1(C)CC1,3.186199903488159,train,8481,True
CCOC12CCCC1C2,0.8995000123977661,train,8482,True
O=CC#CCC1CC1,4.033599853515625,train,8483,True
CN=c1[nH]nccc1F,1.950999975204468,train,-1,False
CC12CC(CO1)N1CC12,0.7347999811172485,train,-1,False
C1=CC2C3CC2(CC1)O3,2.1407999992370605,train,-1,False
N=C(N)NC(=O)C(=N)N,4.586699962615967,train,8484,True
OC1C2(O)C3CC3C12O,0.5116999745368958,test,8485,True
CC1C(O)C2N1C2(C)C,0.8219000101089478,test,-1,False
N=C1CCCNC(=O)O1,4.46560001373291,train,8486,True
OCC1C2OC3C2C13O,2.0030999183654785,train,8487,True
CCC1OC1CC=O,3.157999992370605,train,8488,True
O=C1C=CC(=NO)CC1,2.901599884033203,train,-1,False
CC1C2C3OC3(C=O)C12,2.676100015640259,train,8489,True
c1cc2c(o1)CC1OC21,1.603600025177002,test,8490,True
O=CC(=O)C1CC2CN21,1.8427000045776367,train,-1,False
CC1OC2(CC2)C2OC12,1.9953999519348145,valid,8491,True
N#CCC1C2CC1C2,4.078199863433838,train,8492,True
CCCc1ncoc1N,2.541699886322021,train,8493,True
CCC(CO)C(N)C#N,4.731599807739258,train,8494,True
CC1C=C2CCC2C1O,0.9722999930381776,test,8495,True
CC1(C)CCC(=O)C1O,2.5857999324798584,test,8496,True
C#CC1CCC(C)=C1C,0.8644000291824341,train,8497,True
OC1CCc2cnoc21,2.3289999961853027,test,8498,True
Nc1c[nH]ncc1=O,5.13670015335083,valid,8499,True
C#CC1(C)C2CC1C2O,1.8286999464035036,train,8500,True
CN1C(=N)C=CC1=O,2.686100006103516,train,-1,False
CC1=CCOC(=O)C1,4.399499893188477,train,8501,True
CC1C2(O)CC1(O)C2C,2.3125,valid,8502,True
CC1C2CN1C1CC1O2,0.275299996137619,train,-1,False
C#CC12CC(C=O)(C1)C2,2.365999937057495,train,8503,True
CC1C(O)C2(CN2)C1O,2.4305999279022217,train,8504,True
O=CC1CNC(=O)NC1,2.4556000232696533,valid,8505,True
C1CC2CCC1C1OC21,1.7857999801635742,train,8506,True
C1OC2OC1C1COC21,2.539799928665161,train,8507,True
COC1(C)CC2CC21C,1.0282000303268433,test,8508,True
CC12C=CC=CCC1N2,1.639899969100952,train,8509,True
CC1OCC(O)C1C#N,4.238500118255615,train,8510,True
CC12CC3CC3C(C1)C2,0.1518999934196472,train,8511,True
CC1N(C)C1(C)CC#N,4.652599811553955,train,-1,False
OC1CCc2ccoc21,2.142800092697144,train,8512,True
NC(=O)c1ncco1,2.9105000495910645,train,8513,True
N#CCOC(=O)CCO,3.712399959564209,train,8514,True
CC1C2CC(O)CC12,1.4824999570846558,train,8515,True
O=C1C(CO)CC12CO2,3.385699987411499,train,8516,True
C#CC1C=CCC(C)O1,1.2431999444961548,train,8517,True
N#CCCN1CC(=O)C1,1.6979999542236328,train,8518,True
N=C1NCCN1C=O,6.395899772644043,train,8519,True
N=c1[nH]c2ncoc2o1,1.5190000534057615,valid,-1,False
CN(C=O)c1cc[nH]n1,5.314700126647949,train,8520,True
CN=c1nc[nH]c(=O)o1,3.077199935913086,train,-1,False
C#CCC1(OC=N)CC1,3.5527000427246094,valid,8521,True
CC1C(=O)C2C(CO)C12,2.7039999961853027,valid,8522,True
C1CC2(CC2)C2OCC12,1.7246999740600586,train,8523,True
CC1(C2CO2)NCC1=O,2.472100019454956,train,8524,True
CC1(O)C(=O)NC2CC21,2.9082999229431152,train,8525,True
C#CC1(O)C2CC(C)C21,1.1126999855041504,test,8526,True
ON=C1CC2C3CN3C12,1.833199977874756,train,-1,False
O=C1NC(CO)CO1,5.281700134277344,train,8527,True
CC12NC1C1=CCOC12,2.2353999614715576,train,8528,True
O=C1C2C=CC3C1N23,2.753200054168701,train,-1,False
CCC(C)C(C)(O)C=O,2.8301000595092773,train,8529,True
CC1COC2C(O)C2C1,2.3338000774383545,train,8530,True
Cc1cc(=O)[nH]c(=N)o1,4.077400207519531,train,8531,True
N#CC12CC(C1)N=CO2,2.501699924468994,train,8532,True
O=C1CNCC(O)CO1,3.1045000553131104,train,8533,True
CC12CCC1CO2,1.6442999839782717,train,8534,True
O1C2OC3C1C1OC2C31,2.154900074005127,train,8535,True
C#CCN1C=NCC1=N,0.7484999895095825,train,8536,True
C#CC(C#N)C(C)C,3.815200090408325,valid,8537,True
CC(C=O)(C=O)C(N)=O,2.037800073623657,train,8538,True
COC1(C)COCOC1,1.4579999446868896,train,8539,True
O=CC#CC1OCC1O,2.7981998920440674,valid,8540,True
COC(C)(C)CC#N,4.6585001945495605,train,8541,True
O=C1NC23CCC2C1C3,4.036499977111816,test,8542,True
CC1(COC=O)CN1,4.752699851989746,train,8543,True
C#Cc1ncn(C)c1N,4.764999866485596,train,8544,True
C#CC1CN1C(=O)CC,3.140899896621704,test,8545,True
CC1=CCC(=NO)C1C,0.7940999865531921,test,8546,True
CNc1nn(C)c(=O)[nH]1,4.029200077056885,valid,8547,True
CC(=O)C(=O)C=O,2.0069000720977783,test,8548,True
NC(=O)CC1NC1CO,3.0487000942230225,train,8549,True
N#CC1C(O)C(O)C1O,3.5634000301361084,train,8550,True
N#CCc1[nH]cnc1O,2.200400114059448,train,8551,True
O=C1OCOCC12CC2,3.530800104141236,train,8552,True
Nc1cnn2c1OCC2,3.1559998989105225,valid,8553,True
O=CNCC(CO)CO,4.929100036621094,train,8554,True
N#CC1=NCC=CCO1,5.6407999992370605,train,8555,True
C1Cc2n[nH]nc2O1,1.979300022125244,train,8556,True
N#CCC(=O)CC#N,5.946899890899658,train,8557,True
Oc1ncc2n1C=CC2,2.2369000911712646,train,8558,True
C1OC2C3CC1C1C3C21,1.5489000082015991,train,8559,True
CC1OC2(C)C=CC1O2,1.4062000513076782,train,8560,True
N#CCC1(CO)CCO1,5.941599845886231,valid,8561,True
CCCc1ccc(C)[nH]1,1.8401999473571775,test,8562,True
COC1COC1CC#N,6.364200115203857,test,8563,True
CNc1nc(N)oc1O,1.0003999471664429,train,8564,True
O=CCOc1cc[nH]c1,3.882800102233887,valid,8565,True
CCC1CC2OC2CO1,2.3097000122070312,train,8566,True
Cc1ccnn1C1CC1,2.4131999015808105,train,8567,True
O=C1CC2CC(C1)C2O,2.725399971008301,test,8568,True
OCC12CC3(O)C1NC32,3.560400009155273,train,8569,True
NC1=NC2C(O)C2O1,2.1424999237060547,train,-1,False
C1=CC(C2CCO2)OC1,0.4717000126838684,train,8570,True
C1CC2CC3C(C1)C3O2,1.245100021362305,test,8571,True
Nc1nccc(F)c1F,1.1545000076293943,train,8572,True
N#CC1CC12CC(=O)C2,4.052499771118164,train,8573,True
CC(C)(O)c1c[nH]cn1,3.5357000827789307,train,8574,True
C#CC(CCCO)OC,1.1717000007629397,train,8575,True
Cc1cn(C)c(CO)n1,2.444799900054932,test,8576,True
CC12CCCC(=O)C1N2,3.513700008392334,train,8577,True
CC#CC(=N)OC(N)=O,4.832399845123291,train,8578,True
N#CC1CC2(O)CNC12,3.1693999767303467,train,8579,True
CC(C)C1C2C3CC3C12,0.3183999955654144,train,8580,True
OC1(C2COCO2)CC1,1.0497000217437744,test,8581,True
CCC#CCC1NC1C,1.370300054550171,valid,8582,True
CC12CC3N1C2C31CC1,1.6396000385284424,train,-1,False
CCC12CNC(=O)C1O2,4.395199775695801,train,8583,True
ON=C1C=CC2NC2C1,2.2244999408721924,train,8584,True
C#CC1N(C)CC12CN2,2.230299949645996,train,-1,False
CC(=O)NCC(C)O,3.1698999404907227,test,8585,True
CC1(C)CC1OCC#N,3.1965999603271484,train,8586,True
C1CC23CC2(O1)C1CN13,0.6434999704360962,train,-1,False
CC12C3CCC1C1C3C12,0.1375000029802322,valid,8587,True
N=c1ccoc(=O)[nH]1,1.3199000358581543,train,-1,False
O=CC12OC3CCC1C32,3.003499984741211,train,8588,True
C#CC1C2CC1(O)C2O,2.04040002822876,train,8589,True
CCOC(=O)C(N)=NC,0.8744000196456909,train,8590,True
CC1OC(=O)OCC1=O,2.625499963760376,valid,8591,True
CC1CC1(C)CC#N,4.112800121307373,train,8592,True
CC1C2CN3C1C23C,1.777400016784668,train,-1,False
CCC1C2C(O)C(C)N12,1.90149998664856,train,-1,False
CC1=CC(C)OC2CC12,1.2984000444412231,train,8593,True
O=CC1CC1(CO)CO,3.734699964523315,train,8594,True
CC(C)c1cc(N)[nH]n1,3.1321001052856445,train,8595,True
CC1NC1C1=CCOC1,3.0913000106811523,train,8596,True
CC#CC1(O)C2COC21,0.9406999945640564,train,8597,True
CC(O)C1C(C)C1C,1.4519000053405762,train,8598,True
CC1(OC2CCC2)CC1,0.9685999751091005,train,8599,True
O=CCc1ncc(O)[nH]1,0.4663000106811523,train,8600,True
CC1OCC2=CCCC21,1.4524999856948853,train,8601,True
CC(C)(O)C1(C)COC1,3.35479998588562,valid,8602,True
CCC12CC3OC(C1)C32,1.8402999639511108,train,8603,True
C1CC2(CC2)C2(C1)CO2,1.7654999494552612,train,8604,True
C#CC(=O)C(N)=NC,2.054500102996826,train,8605,True
Cc1coc(=N)nc1O,4.1458001136779785,train,-1,False
O=CNc1cc(O)no1,4.719099998474121,train,8606,True
COC1CC1C(O)C#N,3.994800090789795,valid,8607,True
CC1OC2C1=CCC2O,2.396399974822998,valid,8608,True
CCC(C)c1cnn[nH]1,5.003099918365479,train,8609,True
CC1(C)C2OC(=O)OC21,5.057700157165527,train,8610,True
N#CC1C(=O)CN=C1N,3.551800012588501,train,8611,True
CCC1C2COC=NC12,2.0613999366760254,train,8612,True
COC(C#N)CO,4.103499889373779,train,8613,True
NC(=O)C12CC3C1CC32,3.363100051879883,train,8614,True
CC1C(=O)C(O)C1CO,2.122400045394897,train,8615,True
CCC(C#N)(CN)OC,4.252799987792969,train,8616,True
C#CC12CC(=O)C1N2,3.287800073623657,train,8617,True
CC12C3C(=O)C4C1N4C32,3.2363998889923096,train,-1,False
CC(=O)C1(C)CC(=O)N1,1.5896999835968018,train,8618,True
OC1(C2CC2)CC2OC21,1.8450000286102293,train,8619,True
O=CCOC(=O)N1CC1,4.515999794006348,test,8620,True
CC1=CC2OC2CC1=O,3.249599933624268,train,8621,True
CN1C=CC(=O)CC1,5.452000141143799,train,8622,True
CC12NC(CC1O)C2=O,1.4627000093460083,train,8623,True
CN(C=O)C1(C)COC1,2.758500099182129,train,8624,True
C1OC23CC4(OCC24)C13,1.1971999406814575,train,-1,False
C1OC2C3CC24C1CC34,1.1821999549865725,test,-1,False
COC1C2(C)CC1(O)C2,1.1656999588012695,valid,8625,True
FC(F)(F)CC(F)(F)F,1.739799976348877,valid,8626,True
CC1=CCOC1C=O,3.5357000827789307,train,8627,True
CN=COCC(=O)NC,1.7817000150680542,train,8628,True
CC#CC1OC(=N)C1O,3.475399971008301,train,8629,True
CC1CC1C1OCC1O,2.1112000942230225,valid,8630,True
N#CC(N)C1CC(=O)N1,3.702699899673462,train,8631,True
CC(C#N)N(C=N)C=N,2.525099992752075,train,8632,True
C#CC(=NCC)NC=O,4.688199996948242,train,8633,True
CC1(O)CCC12CC2,1.355299949645996,train,8634,True
COCC(C=O)CO,3.725399971008301,valid,8635,True
c1nc2cncc-2co1,3.953299999237061,train,-1,False
C#CC(O)C(=O)C1CO1,3.103800058364868,train,8636,True
C#CC1OC2(C)C(O)C12,1.819700002670288,train,8637,True
CC1NC1COC(N)=O,2.775500059127808,train,8638,True
CC#CC1C2CCC1C2,0.1539999991655349,train,8639,True
COC1C2CC1O2,1.8179999589920044,train,-1,False
COCc1nonc1C,4.469299793243408,train,8640,True
C1=NC2C3CC2(CO3)O1,1.3210999965667725,valid,-1,False
C#CC12CN3C1C=CC32,1.4093999862670898,valid,-1,False
O=CC12CCC(O1)C2=O,4.147600173950195,train,8641,True
C1OC2CC3(CO3)C1O2,1.9038000106811523,test,8642,True
O=C([O-])CC[NH+]1CCC1,6.401599884033203,test,-1,False
N#CC(O)C(N)C1CO1,4.138800144195557,test,8643,True
CCC1(C(C)=O)CCO1,2.095599889755249,train,8644,True
CC1=CC2OC1CC2=O,3.1491000652313232,train,8645,True
CC12CC(C1=O)C1CC12,2.6552000045776367,train,8646,True
CC1CCC2C3OC1C23,1.5551999807357788,test,8647,True
COC(C(C)=O)C(N)=O,1.6339000463485718,train,8648,True
N#CCC(=O)N1CC1,2.842900037765503,test,8649,True
CC(=O)C1CC1,2.6756999492645264,train,8650,True
CCn1ccc(O)c1C,1.5579999685287476,test,8651,True
COC1C2N3CC3C12C,1.5414999723434448,valid,-1,False
O=C1CC2(CC2)C12CC2,2.829900026321411,train,8652,True
Cn1ncc(NC=O)n1,3.604700088500977,train,8653,True
N#CC1CC2CN=CN12,4.333799839019775,train,-1,False
CC(C)N1C(=O)C2CC21,3.549299955368042,test,8654,True
OCCC12C3C4C(C31)N42,1.7379000186920166,train,-1,False
c1ncn2c1OCCC2,5.278900146484375,train,8655,True
CC(C)C12CCOC1C2,1.4881999492645264,train,8656,True
C#Cc1[nH]cc(C)c1C,1.3664000034332275,valid,8657,True
CC1(C=O)C2C3CN3C21,2.3057000637054443,train,-1,False
CC1OC2CN3CCC123,2.164299964904785,train,-1,False
N#CC1COC(C#N)C1,1.8690999746322632,train,8658,True
C#CC1C(=O)N2CCC12,3.442699909210205,train,8659,True
[NH3+]CCC(O)CC(=O)[O-],8.322400093078613,train,-1,False
CCN=C1NCC1O,2.396199941635132,valid,-1,False
CC12CC(O1)C2C1CO1,2.4972000122070312,train,-1,False
CC1CC2=CCCC2C1,0.3723999857902527,train,8660,True
CC1(C=O)C2C3CN1C32,3.4093000888824463,train,-1,False
N#CC1=CC(C#N)NC1,4.168499946594238,train,8661,True
CC1C2CN2C1(C)C#N,4.989099979400635,train,-1,False
CC(C)C1CC2COC21,1.592900037765503,train,8662,True
CCC1=CCC(=O)C1C,2.7530999183654785,train,8663,True
OC1C2COC12C1CN1,2.4186999797821045,train,8664,True
CCC1(C2OC2C)CN1,3.013999938964844,train,8665,True
N#CC1(CN)CCO1,5.214799880981445,train,8666,True
CC(=O)C1C(O)C2CC21,3.646100044250488,train,8667,True
CN1C2C3(CO3)CC21C,1.857900023460388,train,-1,False
CNc1cccc(=N)o1,5.068999767303467,test,-1,False
Nc1nc(C2CN2)co1,2.8866000175476074,train,8668,True
C#CC12N=COC1C2O,1.0735000371932983,valid,-1,False
O=Cn1c(O)c[nH]c1=O,7.4197001457214355,train,8669,True
C1CCOC2CC2OC1,1.0787999629974363,train,8670,True
c1cc2c(o1)COCC2,1.3282999992370603,train,8671,True
O=CCNc1ccc[nH]1,2.20740008354187,train,8672,True
N=C1OCC12NCC2O,1.7086000442504885,train,-1,False
c1[nH]nc2nnoc12,4.769899845123291,train,8673,True
CC12OC3C4OC1C4C32,2.7030999660491943,train,8674,True
CCC(O)(C=O)C1CN1,3.603300094604492,train,8675,True
C#CC1CC1C(C)=O,2.8199000358581543,train,8676,True
COC12CCCC(C1)C2,1.1740000247955322,train,8677,True
C1=NC2CC3OC23CO1,1.2051000595092771,train,8678,True
CC(C#N)COCC=O,1.610200047492981,train,8679,True
N=C1NC(=O)C=C1C=O,3.075500011444092,valid,-1,False
O=C1NCC1(O)C1CC1,3.423500061035156,valid,8680,True
NC=[NH+]CC(=O)[CH-]C=O,9.540599822998049,train,-1,False
CN=C1OCC1C1CC1,2.02620005607605,train,-1,False
O=CC12C3CC1C2CO3,3.704699993133545,train,8681,True
C1C2OC3C2C2C1C32,1.8567999601364136,train,8682,True
C#CC1(C#N)C=CCC1,4.049300193786621,train,8683,True
CNC(=O)C1CCC1=O,1.5760999917984009,train,8684,True
O=CC1C2C3CC3C12O,2.32450008392334,train,8685,True
OC1C2(CN2)CC12CN2,1.0410000085830688,valid,8686,True
C#CC(C)(O)C(=O)CO,3.6328999996185294,train,8687,True
CC(O)C(=O)C(=O)CO,0.6240000128746033,test,8688,True
CC(C)C#CC1OC1C,2.0169999599456787,train,8689,True
CC1=C(CO)CC(C)C1,1.753499984741211,train,8690,True
C#CC12OC1C(O)C2=O,2.50570011138916,train,8691,True
CC1(O)CC(NC=O)C1,3.157999992370605,train,8692,True
CN1C(CO)C1C1CC1,1.4147000312805176,train,-1,False
O=C1C2C3CN4C3C1C24,2.24810004234314,train,8693,True
CC1CC=C2COCC21,1.5631999969482422,train,8694,True
CC(=O)C1(C)NCC1O,3.306999921798706,train,8695,True
O=Cn1cccnc1=O,6.857999801635742,train,8696,True
N=c1nccc(CO)o1,3.7699999809265137,train,-1,False
N=c1oncc(=O)o1,2.455699920654297,train,-1,False
N=C1COCC(C=O)N1,1.7971999645233154,train,8697,True
COCC(C#N)OC,2.408499956130981,train,8698,True
N#CC(N)c1cocn1,3.797800064086914,train,8699,True
C#CC12C=CC(C)C1C2,1.0120999813079834,train,8700,True
OC1CC=CC1,1.4816999435424805,train,8701,True
OC1C2CC1C2C1CC1,1.4042999744415283,train,8702,True
CC1CCOC(=O)CC1,4.516300201416016,train,8703,True
CCNC(=O)CO,4.450099945068359,train,8704,True
CCC(C)N=C(N)C=O,2.5236001014709477,valid,8705,True
CC(O)C1C2C(=O)CN21,2.958699941635132,train,-1,False
CC1CCN1C(N)=O,3.5004000663757324,train,8706,True
C1OC23CN4C2CC1C43,1.14900004863739,test,-1,False
CC12OC3C1CC(=O)C32,2.011899948120117,train,-1,False
O=CCC12CC3C1CN32,3.2987000942230225,train,-1,False
CC1=CNC(C)CC1=O,4.878600120544434,train,8707,True
Nc1cccccc1=O,3.2390999794006348,valid,8708,True
O=COC1CC2CC2C1,4.085700035095215,train,8709,True
C#CC(C)C1CN=CO1,1.9085999727249143,train,8710,True
CCCC(O)COCC,1.7347999811172483,train,8711,True
C#CC1(C)C(=O)C2CN21,2.0104000568389893,train,-1,False
C1CC2OC23COC3=N1,3.311500072479248,train,-1,False
CC(C)COC(N)=O,2.493299961090088,train,8712,True
O=CC(O)C#CCCO,2.5638999938964844,train,8713,True
C#CC(O)CCNC=O,3.828799962997437,train,8714,True
CCC1CC2(CN2)C1O,2.349600076675415,train,8715,True
N#Cc1concc1=O,3.8522000312805176,train,8716,True
N#CC1(N)CC1O,3.132699966430664,train,8717,True
CCC12CCC(O)(C1)C2,1.344099998474121,valid,8718,True
CC1OCCC2CC1C2,1.0723999738693235,train,8719,True
N#CC1(N)C2C3OC2C31,2.4867000579833984,train,-1,False
O=C1C=CC2NC2C=C1,5.151899814605713,train,8720,True
CCC(=O)C1CC2CN21,1.2072999477386477,train,-1,False
O=CC1OCC1C1CC1,3.7348999977111816,train,8721,True
CC12C=CCC1C2,0.1827999949455261,train,8722,True
N=COC1(C2CO2)CC1,2.1786000728607178,train,-1,False
COCC#CC(=O)OC,1.94159996509552,test,8723,True
N#CC(O)CC1(O)CC1,3.001499891281128,valid,8724,True
CC1CC2(C)C(O)C2O1,1.8824000358581543,train,8725,True
C#CC1CN1CC(N)=O,3.398200035095215,train,8726,True
Cn1nc(C#N)nc1N,8.078300476074219,test,8727,True
Cc1nc(C2CN2)n[nH]1,4.363100051879883,train,8728,True
O=CC1CC23CN(C2)C13,3.9267001152038574,train,-1,False
CCC(C)(O)CC(C)=O,3.316699981689453,train,8729,True
C1=CC2CC3C1CC23,0.2500999867916107,train,8730,True
CC(=O)C(=O)C#CCO,1.0437999963760376,valid,8731,True
O=CC#CC(F)(F)F,1.725000023841858,train,8732,True
CC(CCO)OCC#N,4.0243000984191895,train,8733,True
CCC1(C)COCC1C,1.6455999612808228,train,8734,True
CC1CC2(O)COC12,2.367000102996826,train,8735,True
N=C1OC(=O)NCC1O,3.555000066757202,train,-1,False
CC12C=CCC1OC2=N,2.6642000675201416,train,-1,False
CC1C2CCC3C(C2)C13,0.0472999997437,train,8736,True
C#Cc1nn[nH]c1CC,4.984399795532227,test,8737,True
COC1CC1(N)C#N,4.218400001525879,train,8738,True
CCC1(C#N)COC1,2.977099895477295,train,8739,True
Cc1cc(C=O)[nH]n1,2.239799976348877,train,8740,True
OCC1CC2(CO2)C1O,3.1291000843048096,train,8741,True
OC1CC1c1ncon1,1.8687000274658203,train,8742,True
Cc1ccc(O)c(=N)o1,2.873199939727783,train,-1,False
Cc1c(N)oc(O)c1N,0.7649000287055969,train,8743,True
N=C(N)C(=O)C1CCC1,1.760200023651123,test,8744,True
Cc1nc2[nH]ccc2[nH]1,1.583400011062622,train,8745,True
c1nn[nH]c1CC1CO1,5.983699798583984,train,8746,True
C1=CC2(C3CC3)CC1C2,0.1398999989032745,train,8747,True
CCCC1C2COCC12,1.4903000593185425,train,8748,True
C#CCC1C=CC(C)C1,0.8141000270843506,train,8749,True
CC1OCC(CCO)O1,1.5813000202178955,train,8750,True
CC1=CC2(CN2)C(C)C1,1.8270000219345093,train,8751,True
CC1C(O)C2(C)C(C)N12,1.8116999864578247,test,-1,False
CC#CCC(C)OC,1.1025999784469604,train,8752,True
Oc1cc2n(n1)CC=C2,2.586400032043457,test,8753,True
C#CC1NC1C1NC1C,0.5059000253677368,train,8754,True
CCCN1CC1CCO,0.7577999830245972,train,-1,False
CC1(C)CCC2COC21,1.6611000299453735,train,8755,True
OCC1COC12CC2,2.1598000526428223,test,8756,True
CC12CCC(C)(C1)C2=O,2.770699977874756,train,8757,True
N#CC12C=CCC1CC2,4.348599910736084,train,8758,True
N#CC1C2CC3CN2C31,3.2207999229431152,train,-1,False
O=C([O-])C1NC2C[NH2+]C21,6.769800186157227,train,-1,False
CN1C(=O)CCC1C=O,4.536699771881104,train,8759,True
Nc1ncnn1C1CC1,3.8915998935699454,train,8760,True
CC(C#N)C1CC1,4.027299880981445,train,8761,True
C1NC12C1OC3C(O1)C32,0.926699995994568,train,8762,True
CC1CC2CC2(CO)O1,1.6704000234603882,train,8763,True
C#CCC12C=CCC1N2,1.6744999885559082,train,8764,True
C#CC(CCC)C1CC1,0.7390999794006348,train,8765,True
CC12CC1(O)CC1OC12,2.837899923324585,train,8766,True
CC12CC3(C)C1C1C2N13,1.7503999471664429,train,-1,False
CC1C=CC(=O)NC=N1,1.726099967956543,train,8767,True
COC1CC1C(C)CO,1.4879000186920166,train,8768,True
Cc1cc(O)cnc1C,3.3001999855041504,train,8769,True
CN1CCOC(=O)C1=O,6.717599868774414,train,8770,True
C#CC1C(O)C(O)C1O,3.308799982070923,train,8771,True
OCC1OC2(CC2)C1O,2.850600004196167,train,8772,True
CC12CN3CC1OC2C3,1.585800051689148,train,-1,False
O=CC1(O)CCN2CC21,1.4937000274658203,train,-1,False
OCC(O)C1CCC1O,1.5286999940872192,train,8773,True
C#CC(N)C(N)=O,3.412600040435791,train,8774,True
CN1C2C3C=CC(O3)C21,1.6655999422073364,test,-1,False
[NH3+]Cc1n[n-]ncc1=O,6.454899787902832,train,-1,False
CC1OCC1C(O)C=O,0.9824000000953674,test,8775,True
CC12COCC(O1)C2O,0.4875000119209289,train,8776,True
COC(C)C(O)C(N)=O,4.12559986114502,train,8777,True
CC(C)C12CN1C1CC12,1.4616999626159668,train,-1,False
CC1CC(=O)[C-](C=O)[NH2+]1,10.988300323486328,train,8778,True
N#CC1C2C(=O)C3C1N23,4.032100200653076,train,-1,False
CC1NC12CNC2C#N,3.2802999019622803,valid,8779,True
O=CCC12NC1C1CC12,1.076200008392334,train,8780,True
CC12N=COCC1C2O,2.5023999214172363,valid,8781,True
CC1OC2CC3CC12O3,1.0161999464035034,valid,8782,True
C#CCC12CC1C1OC12,1.9529000520706177,train,8783,True
CC(=O)N1CC1CC#N,6.632299900054932,train,8784,True
COC(C)(C)C=O,2.7111001014709477,train,8785,True
O=C1C=CC2OCC=C12,2.1693999767303467,train,8786,True
OC12CN=C3NC1C32O,3.2430999279022217,valid,-1,False
CCC1C2CN1C2C=O,3.319299936294556,train,-1,False
CCCC1NC(=O)C1C,3.825999975204468,train,8787,True
Cc1cc2n(c1)CCO2,2.7126998901367188,test,8788,True
CC1(C)OC12CC=CC2,1.719099998474121,train,8789,True
CC(=N)OCC(O)CO,3.635799884796143,train,8790,True
CNC(=O)NC(C)CO,3.911799907684326,train,8791,True
c1ncc2onnc2n1,1.919800043106079,train,8792,True
OCC1(O)C2C=CC1O2,2.1807000637054443,train,8793,True
CC#CC#CC1(O)CC1,1.6368999481201172,test,8794,True
N=c1[nH]ncc(O)c1N,2.0629000663757324,train,-1,False
CCc1oncc1C,3.3015999794006348,train,8795,True
N#Cc1ncoc1CO,4.822100162506104,valid,8796,True
CC1CCC(O)C(=O)O1,4.071499824523926,train,8797,True
CC(C(=O)[O-])C(C)(C)[NH3+],6.1774001121521,train,-1,False
O=CC1OC12CCC2O,3.051300048828125,train,8798,True
CN1C2CC3(CCO3)C21,2.014400005340576,train,-1,False
CC12CC1(O)C1NC12,1.6927000284194946,train,8799,True
Cc1cc(O)c[nH]c1=O,4.057799816131592,train,8800,True
C#CCC#CC1CC1C,0.6491000056266785,train,8801,True
CN1C2CC3OCC31C2,1.3085999488830566,valid,-1,False
O=C1CC2C1C2C1CO1,3.037800073623657,train,8802,True
O1C2C3C4C1C2N1C3C41,1.2669999599456787,test,8803,True
N#Cc1ccc(N)nc1,6.242400169372559,test,8804,True
N#CC(=N)N1CC2CC21,5.835700035095215,train,8805,True
COC(=O)N1C2CCC21,2.3868000507354736,train,8806,True
N#CC12C=CC(C1)C2,4.286499977111816,train,8807,True
Nc1[nH]cc2c1CC=C2,1.4510999917984009,train,8808,True
CC1OCC2CC1O2,1.1801999807357788,train,8809,True
CC1C=CC(O)C(=O)N1,4.592199802398682,train,8810,True
CC1(O)C2CC1C1NC12,3.338200092315674,train,8811,True
Nc1cnccc1F,2.228800058364868,train,8812,True
CC#CCC(=N)NC=O,4.29010009765625,train,8813,True
C#CC(C)C(C#C)C#N,3.9375,train,8814,True
OCC#CC1CC2CC12,1.2630000114440918,train,8815,True
C1OC2C3CC1C32,1.6126999855041504,train,8816,True
CC1C=CCC2(C)OC12,1.6962000131607056,test,8817,True
O=CC#CCC1CO1,4.306300163269043,train,8818,True
O=C1C=C(CO)C2OC12,3.108999967575073,train,8819,True
C#Cc1cncnn1,2.621900081634521,train,8820,True
COCC1(C)CC1C#N,3.4925999641418457,train,8821,True
O=c1nnn2c(n1)CC2,7.222300052642822,valid,8822,True
CC1(C)CCCOCC1,1.187199950218201,valid,8823,True
CCOC1(C)CCC1,0.9574000239372252,train,8824,True
C1=CC23CC(C2)C3C1,0.2096000015735626,train,8825,True
CCCC12NC3C1OC32,1.5925999879837036,train,-1,False
CC1OC(=O)C1C1CN1,3.4816999435424805,test,8826,True
O1C2C3OC4C2C4C13,1.131100058555603,train,8827,True
C1OC12C1OC2C2OC21,1.701300024986267,train,8828,True
CCC1C2OC1(C)C2C,1.8234000205993648,train,-1,False
C1C2CC3(CC3)C12,0.2813000082969665,valid,8829,True
OCC(O)(CO)C1CC1,1.332200050354004,test,8830,True
CC([NH3+])c1nnoc1[O-],5.928999900817871,train,-1,False
O=C1OC(C2CC2)C1O,3.3989999294281006,train,8831,True
C#CC1COCCCO1,1.107800006866455,train,8832,True
Cc1n[nH]nc1OC=O,3.2090001106262207,train,8833,True
N=c1occncc1=O,3.6840999126434326,train,-1,False
NC(=O)NC1C2CC1O2,4.824100017547607,test,-1,False
COC1C(=O)CC12CC2,2.114000082015991,train,8834,True
CC1(O)C2NC1C1OC12,2.924299955368042,train,8835,True
NCC1CC(C(=O)[O-])[NH2+]1,6.5706000328063965,train,-1,False
CCCn1nn[nH]c1=N,1.1342999935150146,valid,-1,False
O=C1NC2C(CO)NC12,3.7095000743865967,train,8836,True
C#CC1CCC1(C)CO,1.305799961090088,train,8837,True
C#CC1(C)COC(=O)C1,3.88070011138916,train,8838,True
CC12NC(C1=O)C2O,1.510200023651123,train,8839,True
C#CC(CO)C(C)=NO,1.639299988746643,train,8840,True
NC(=O)C12CCC1OC2,2.5859999656677246,train,8841,True
C#CC1NC12CCOC2,1.169399976730347,valid,8842,True
CC1=CC(C)C(=O)OC1,4.360899925231934,train,8843,True
CC12COCCCN1C2,1.4112000465393066,train,-1,False
CC#CC#N,5.1545000076293945,valid,8844,True
CC1(OCCC=O)CC1,2.874099969863892,train,8845,True
CC1=CC(=O)NC1=N,1.575899958610535,train,-1,False
CC1(C=O)C2CCCC21,3.3914999961853027,train,8846,True
O=CC#CC1CN=CO1,2.222599983215332,train,8847,True
CNC(=O)C1(C)CC1O,4.472700119018555,train,8848,True
CNC(=O)C1CN1,3.5550999641418457,train,8849,True
N=COC1CC1O,2.695199966430664,train,8850,True
C#CC1(O)C2CCC21O,2.059299945831299,train,8851,True
N=c1nc(F)occ1N,2.9066998958587646,train,-1,False
CCN=C(N)C(N)=O,1.8596999645233157,train,8852,True
c1cc2c([nH]1)C1CC2O1,2.631500005722046,train,8853,True
COC1C=CC2CC21,0.8920000195503235,train,8854,True
CC12C(CO)C3C1OC32,2.539499998092652,valid,-1,False
COC(C)CCO,1.803699970245361,valid,8855,True
N#CC(CO)C1CCC1,3.4189999103546143,train,8856,True
CC1C2(C)CCOC12C,1.3623000383377075,train,8857,True
O=CC12CC(C1)C21CO1,2.1191000938415527,train,8858,True
C1CC(C23CC2CO3)C1,1.503999948501587,train,8859,True
CC1CC=CC(=O)C1,3.6742000579833984,train,8860,True
CC12NC(=N)OC1C2O,3.448400020599365,train,-1,False
OC1C2COC1C1NC21,2.6803998947143555,train,8861,True
N#CC12COC1C1CN12,3.690700054168701,train,-1,False
CC1C2C3OC2C13O,2.9667000770568848,train,-1,False
CC1=CN(C)C(=O)C1=O,5.604300022125244,test,8862,True
OCc1cn[nH]c1O,1.8665000200271609,train,8863,True
O=CC1CC(=O)O1,4.867599964141846,train,8864,True
CC(C)NC1(C#N)CC1,4.412700176239014,train,8865,True
c1cc2ccnnn2c1,2.8896000385284424,train,8866,True
C#CC1(C)CCC1(C)C,0.6306999921798706,train,8867,True
CN(CCO)C1COC1,1.5723999738693235,train,8868,True
CCNc1conc1N,3.944799900054932,valid,8869,True
CC12CC(O)C=C1CO2,1.5246000289916992,train,8870,True
CC1C2CC3C2C2C3N12,1.3166999816894531,test,-1,False
C#CC(O)C(C)N1CC1,2.10290002822876,train,-1,False
C1C2OCC3(COC3)C12,1.3983999490737915,train,8871,True
COC1C2NC2C12CO2,2.405100107192993,train,8872,True
Cc1ncc(N)cn1,3.191200017929077,valid,8873,True
N=C1OC(CO)C12CO2,1.7899999618530271,test,-1,False
C1C2OC3C2C2CN2C13,1.5541000366210938,train,-1,False
CCC1(C2CCC2)CC1,0.1500000059604644,train,8874,True
CC1N2CC2C1(C)CO,1.7597999572753906,train,-1,False
CC1(C=O)C2COC21C,1.5950000286102295,train,8875,True
CC1=C(C)C2OC2C1C,1.888800024986267,train,8876,True
CC1=CC2CC3C1C23O,1.0650999546051023,test,8877,True
CC1=NCCCC(C)O1,1.924299955368042,train,8878,True
CCC(=O)NCC#N,3.9602999687194815,train,8879,True
Nc1occc1[N+](=O)[O-],4.724199771881104,train,8880,True
CCC(=O)C(C)(C)C=O,1.3868000507354736,train,8881,True
OCC12C3C4C(N31)C42O,2.9384000301361084,train,-1,False
CCC1(CO)C2CCN21,2.6208999156951904,valid,-1,False
CC1(O)C2CC(O)CC21,1.2305999994277954,train,8882,True
CC1CC(O)C2(CN2)C1,1.625,train,8883,True
CN=C1OCC1CC=O,2.9900999069213867,train,8884,True
N=C1OC23CC4C2C1C43,2.928400039672852,train,-1,False
COCC1C(O)C1O,2.374799966812134,valid,8885,True
O=CC1=CNCC2OC12,6.5131001472473145,train,8886,True
O=C1COCC2OC12,2.6284000873565674,train,8887,True
CC12CN1C1COC12,0.4875999987125397,train,-1,False
C#CCCC(=O)CC#N,5.051700115203857,train,8888,True
CC(=O)n1ncoc1=N,4.410999774932861,train,-1,False
CC#CC1=CCCOC1,1.3767999410629272,train,8889,True
COC1C(C)CCC1O,1.496399998664856,train,8890,True
OC1CCC23CC12CO3,2.2864999771118164,valid,8891,True
CC1OCC12OCC2O,3.524499893188477,train,8892,True
Cn1nc(O)c(CO)n1,2.7932000160217285,train,8893,True
CCC(O)C1CC1(C)C,1.3801000118255615,train,8894,True
CCCc1noc(=N)o1,2.9899001121521,train,-1,False
CC12CC(CO)=CC1O2,2.727099895477295,train,8895,True
CC1C2C(=N)N(C=O)C12,4.706999778747559,train,8896,True
OC12CC=C3CC1C32,1.7036999464035034,train,8897,True
Cc1nn[nH]c1C(N)=O,4.372200012207031,test,8898,True
O=CC1OC(=O)CC1O,1.815500020980835,train,8899,True
N#CC1C2COC1CO2,3.264400005340576,train,8900,True
C1=CCC(=C2COC2)C1,2.044600009918213,test,8901,True
CC12CCC(CC1=O)O2,2.3907999992370605,train,8902,True
CCC1C2C3CC(O3)C12,1.628600001335144,train,8903,True
ON=C1CCCOC1,1.2590999603271484,train,8904,True
Nc1cnc(NC=O)o1,0.6776000261306763,train,8905,True
CC1=CC(C)CCC1O,1.5063999891281128,valid,8906,True
OC1CC2OCCOC12,1.7510000467300415,train,8907,True
CC1C2CC1(O)C2O,1.5219999551773071,train,8908,True
N#CCC1CC2(CC2)O1,5.276999950408936,train,8909,True
CC1N2C3CC1(C=O)C32,1.1302000284194946,train,-1,False
O=CC12CC(=O)N1C2,3.1150999069213867,train,8910,True
CCC#CCC(F)(F)F,2.1726999282836914,train,8911,True
N#CC12OC1C1CC12O,3.884700059890747,train,8912,True
CC#CC1(O)COC1=O,4.119699954986572,train,8913,True
C#CC1C2CCC12OC,0.7016000151634216,train,8914,True
CC1CC23CCC(O2)C13,1.607300043106079,train,8915,True
CC1Cc2[nH]nnc2O1,5.875899791717529,valid,8916,True
CCC12C=CCC1CO2,1.7516000270843506,train,8917,True
CC1=CCNC(C)C1=O,2.765199899673462,train,8918,True
CC(O)C(C)(C)OC=O,3.742000102996826,train,8919,True
COC(C=O)CCO,2.639899969100952,train,8920,True
CC12CC(NC=O)C1N2,2.6438000202178955,valid,8921,True
CC1=C(C)C(=O)OC1,4.976799964904785,valid,8922,True
C1OCC2C1OC1CC12,1.9814000129699707,test,8923,True
OC1CC2(O)CC2(O)C1,3.121000051498413,train,8924,True
Cc1cc(O)cnc1N,3.1477999687194824,train,8925,True
N#CC1OCC(C=O)O1,3.84689998626709,train,8926,True
CC12C(O)C3C4C(C41)N32,2.1956000328063965,train,-1,False
COCCN1C2CCC21,1.1002999544143677,train,8927,True
COCC(N)C#N,3.399899959564209,valid,8928,True
CC12NC3C(OC31)C2=O,2.1842000484466557,train,8929,True
CC1OCC12CC2C=O,2.6682000160217285,train,8930,True
C#CC1(C=O)CN=CN1,1.9189000129699707,train,8931,True
C1CC(C2CC2)C1,0.032999999821186,train,8932,True
CN1CC1C#CC=O,3.5346999168396,train,8933,True
Cn1cc(O)ncc1=N,1.1203999519348145,train,-1,False
O=C1CN=COC2CC12,3.166300058364868,train,8934,True
c1cc2c(o1)CCCN2,1.4883999824523926,train,8935,True
CCC1=CCC2C(C)C12,0.2039999961853027,train,8936,True
O=C1COCCOC1,2.664999961853028,test,8937,True
CC12OC(=O)CC1C2O,5.182899951934815,train,8938,True
OCCc1cn[nH]c1O,4.202099800109863,train,8939,True
CCC1(C2CC2)COC1,1.9539999961853027,train,8940,True
CC12C3OC4C(C31)C42O,0.7910000085830688,train,8941,True
COc1nonc1C=O,4.839399814605713,train,8942,True
CC#CC1(C#CC)CC1,0.0696000009775161,train,8943,True
CC#CC(C)C#N,4.157599925994873,train,8944,True
C#CCC#CC(=O)C#C,3.317699909210205,valid,8945,True
CC1(C)C2CC1(C=O)O2,2.236000061035156,train,-1,False
CC1C2C(=O)NC(=N)N12,1.4895000457763672,train,-1,False
C#CC(=O)C(C)(O)C=O,3.8545000553131104,train,8946,True
C#CCNC(=N)C=O,3.3257999420166016,train,8947,True
C#CCN1CCCC1=O,3.5113000869750977,test,8948,True
C#CC1CC=C(C)C1O,1.364799976348877,train,8949,True
CCC1C2CN1CC2=O,2.274800062179565,train,-1,False
C#CC1OCC=C1C#N,3.2720000743865967,train,8950,True
COC1CC1(O)CCO,2.4038000106811523,valid,8951,True
OCC1CC2OCC1O2,2.437099933624268,train,8952,True
CC1CC2C3NC3C12C,1.6333999633789062,train,8953,True
O=C1C=CCN1C1CC1,3.8594000339508057,train,8954,True
CC(=NO)C1(C)CN1C,1.297600030899048,valid,8955,True
Cn1cc(N)[nH]c1=O,4.537799835205078,test,8956,True
CC1(C#N)C=CC2OC21,2.7332000732421875,train,8957,True
OC1C2C3CN3C12,1.4088000059127808,train,-1,False
C#CC1OCCC1=NO,1.2289999723434448,train,8958,True
CC(=O)C(C)(C#N)C=O,2.5968000888824463,train,8959,True
O=C1OC2C3COC2C13,3.6666998863220215,train,8960,True
CC12CCCN1C2CO,2.527100086212158,train,-1,False
Cc1nccccc1=O,3.01259994506836,valid,8961,True
COCC(CO)CCO,1.4867000579833984,train,8962,True
Nc1c(O)n[nH]c1C=O,2.91510009765625,train,8963,True
CNC(=O)C1(C#N)CN1,2.92330002784729,test,8964,True
O=CC#CC1CC2CC12,4.000100135803223,valid,8965,True
O=CCNC=O,3.1684000492095947,train,8966,True
NC(=O)c1n[nH]nc1N,2.4809999465942383,train,8967,True
C1=NCC2COC2CO1,0.7996000051498413,train,8968,True
[NH3+]Cc1nocc1[O-],3.713500022888184,train,-1,False
CN1C(C2CC2)C1(C)C,1.2932000160217283,valid,-1,False
CCN=CN(C)C=O,2.9902000427246094,test,8969,True
Cn1nnc(OC=O)n1,4.744100093841553,valid,8970,True
CC1(C)OC2C3CN3C21,0.7131999731063843,test,-1,False
O=C1C(O)CCC12CO2,3.186300039291382,train,8971,True
N=c1nc(N)c(O)co1,6.315100193023682,train,-1,False
CC12OCC34CC(C31)C42,1.412600040435791,train,8972,True
CC(=O)C1(C)C=CCO1,2.646199941635132,train,8973,True
CC1(O)C2CC1C2CO,2.04010009765625,train,8974,True
COC(C1CO1)C1CO1,1.915899991989136,train,8975,True
CC#CC(CC)CC#N,4.36929988861084,train,8976,True
CC1=CNCC=CC1=O,5.463500022888184,train,8977,True
Cc1cc(OC=N)n[nH]1,4.954599857330322,train,-1,False
N=c1oncnc1CO,1.10099995136261,train,-1,False
CCCC1C2C3OC3C12,1.7699999809265137,train,8978,True
CC12CC(C1)C1CC12O,1.2039999961853027,train,8979,True
N=CNc1cnoc1,4.937900066375732,train,8980,True
COC1CCOC1=N,2.020900011062622,train,-1,False
CC#CC1(O)C2CC1C2,1.851699948310852,train,8981,True
CC12OC3C(O)C1C32O,2.139400005340576,train,8982,True
CC1C2=CCC3(C)C2N13,0.7081000208854675,train,-1,False
COC1OC(=O)C2CC12,3.787499904632568,train,8983,True
O=C1C=CCCC=CN1,3.541899919509888,train,8984,True
CC(C)C(C)C(C)CO,1.326300024986267,train,8985,True
CC1CC[NH+]1CC(=O)[O-],5.627999782562256,train,-1,False
CCC#CCC1CC1O,1.479300022125244,train,8986,True
OC1CC2(O)CC3C1C32,1.649399995803833,train,8987,True
CN=COC(C)C(C)O,2.892800092697144,train,-1,False
N#CC1OC1CN1CC1,2.59689998626709,train,-1,False
CN1CC1C1COC1=N,1.9873000383377075,train,-1,False
CC1C2CC(O)C(=O)C12,2.5573999881744385,train,8988,True
CC1C2C3(C)CC2(C)N13,1.5119999647140503,test,-1,False
C#CCC(=O)C1CCC1,2.196700096130371,train,8989,True
CCC(C)OC(C)(C)C,0.9857000112533568,test,8990,True
N#CC1CC(=O)CC1O,4.547999858856201,train,8991,True
C#CC1C2C(=O)N3C1C23,3.80679988861084,test,8992,True
COC(C)c1ccon1,2.408699989318848,train,8993,True
O=CC1CCOCC1,1.5636999607086182,train,8994,True
CC1C(O)C1N1CC1C,2.9400999546051025,train,-1,False
CC12CCC1(CO)C2,1.562800049781799,valid,8995,True
C1CC1C1CC1,0.0,train,8996,True
O=CC(O)C1C2CC1O2,2.257699966430664,train,-1,False
N#CC1CC2C(O)C12O,2.915899991989136,train,8997,True
OC1CN(CC2CN2)C1,2.29259991645813,train,-1,False
Cc1c(N)nnn1C=O,5.906499862670898,train,8998,True
O=CCC1CC(O)C1,3.103399991989136,train,8999,True
CC1CC(=N)O1,2.8603999614715576,train,9000,True
CC(=O)C12CC(N1)C2O,2.370199918746948,train,9001,True
C#CC1=CCC(=N)OC1,2.7242000102996826,train,-1,False
CC12C=CC3CC1C3O2,1.4941999912261963,train,9002,True
COC(C#N)C(=N)N,4.393099784851074,train,9003,True
CC12CCC1C2C1CO1,1.6825000047683716,test,9004,True
N#CC12OC3C(C1N)C32,3.658600091934204,train,9005,True
OCC12OC3C4C3C1C42,1.998900055885315,train,9006,True
CC1OC12CCC2(C)O,2.9375,test,9007,True
COc1connc1=O,5.26800012588501,train,9008,True
CC1CC1N1C(C)C1C,1.2965999841690063,train,-1,False
N#CCC1(O)CC2OC21,3.069200038909912,train,9009,True
O=CC1C2CN3CC3C12,3.144200086593628,train,-1,False
CC1C(C(=O)C=O)N1C,2.612299919128418,test,-1,False
O=C1CC2OCC12CO,2.025700092315674,train,9010,True
CN=C1CCCCCO1,2.8071999549865723,train,9011,True
O=C1CC2(O)CC1(O)C2,2.346100091934204,valid,9012,True
C#CC1C(OC)C1(C)O,0.7663000226020813,test,9013,True
C1CN2CC3OC3C12,0.946399986743927,test,-1,False
c1onc2c1NCCO2,5.083899974822998,train,9014,True
c1noc(C2CCC2)n1,2.107300043106079,train,9015,True
CC12COC1(C=O)CO2,1.989799976348877,train,9016,True
COc1ccc(C=O)[nH]1,5.683199882507324,train,9017,True
O=C1CC2C(CO)C2C1,2.2434000968933105,valid,9018,True
O=CC1CCC2(CC2)C1,2.905900001525879,valid,9019,True
CC12CC3(CCCC13)C2,0.148399993777275,train,9020,True
N=C1NCC(CO)C1=O,5.606299877166748,train,9021,True
O=C1CNC12CN1CC12,2.122499942779541,train,-1,False
N#CC(=O)C1=NCCN1,5.475800037384033,valid,9022,True
CC1(CC#N)C2CCN21,5.015200138092041,valid,-1,False
CC(=O)C1=CCCC1,3.0100998878479004,train,9023,True
CC1(O)C(=NO)C2NC21,0.9348000288009644,valid,9024,True
O=CNc1nc(O)co1,3.240000009536743,train,9025,True
CC1CC2C3OC2C13O,3.1435999870300293,train,-1,False
CC(C)(C#CC#N)C=O,4.088600158691406,train,9026,True
C#CC12COC1C(=N)O2,3.06030011177063,train,9027,True
CC12C=CC3C1C3(O)C2,1.00600004196167,train,9028,True
CCOCC(O)CC#N,6.165800094604492,valid,9029,True
NC(=O)OCC1(O)CC1,2.96970009803772,train,9030,True
CN1CC2OCC2C1=O,2.6765999794006348,train,9031,True
CC12CC1C1(O)CC2C1,1.3443000316619873,train,9032,True
C#CC#CC1C(C)C1C,1.604200005531311,train,9033,True
CC12CC(C1)NC(=O)N2,4.277100086212158,train,9034,True
OC1CCC12COCO2,2.128000020980835,train,9035,True
N=C1NC(=N)OCCO1,4.3403000831604,train,9036,True
NC(=O)C12OC3CC1C32,2.505199909210205,train,9037,True
CCC1CCCC1CC,0.0759000033140182,train,9038,True
CC1(C)C2COC1OC2,2.432499885559082,train,9039,True
O=Cc1cccnc1F,4.779900074005127,train,9040,True
CC1OC12CNC2=O,4.237500190734863,valid,9041,True
COc1c(N)noc1N,3.202199935913086,train,9042,True
C#CC12NC(C1O)C2O,2.9388999938964844,train,9043,True
C1CC23OCC2N2C1C23,1.5068999528884888,test,-1,False
CC1NC(=O)C12CN2,5.105400085449219,valid,9044,True
CCC#CC1=CCCC1,0.2460000067949295,train,9045,True
C1=NC2CC23CCC3O1,2.157900094985962,train,9046,True
C#CCN=CNC(N)=O,2.9927000999450684,train,9047,True
OC1C2C3C4C1N2C34,1.5023000240325928,train,-1,False
CCC(C=O)NCC#N,3.2374000549316406,train,9048,True
CN=c1ncoc(=O)o1,1.0865999460220337,train,-1,False
ON=C1CCCC2CC12,1.1105999946594238,train,9049,True
COC(C)C1(OC)CC1,1.689900040626526,train,9050,True
Cc1n[nH]nc1[N+](=O)[O-],3.9040000438690186,train,9051,True
Cc1cc(C(N)=O)[nH]n1,2.756200075149536,train,9052,True
CCOC1COC(=N)C1,3.983500003814697,train,9053,True
N=CN1C=NCC1C=O,3.802900075912476,train,9054,True
C#CC12CC1CC2(C)O,1.9157999753952024,train,9055,True
OCC1C=CCC1,1.3523999452590942,test,9056,True
CC12C=CC3C(C1)C32O,0.8730000257492065,train,9057,True
OCCC12CC1C1CC12,1.1272000074386597,train,9058,True
COC1C2CC1C2(C)O,2.3958001136779785,train,9059,True
C#CC1C(=O)CC2CN21,2.097599983215332,train,-1,False
COCCC1CC1,1.0313999652862549,train,9060,True
C1=CC23CC(O2)C3CC1,2.399800062179565,train,-1,False
CC1(C(=O)CCO)CC1,1.2438000440597534,valid,9061,True
C1C2Oc3nnoc3C12,4.877799987792969,train,9062,True
CCCOCC(=N)OC,2.0141000747680664,train,9063,True
CCC12CC3C1N3C2,1.9693000316619875,train,-1,False
C1C2C1C1C3COC1C23,1.753000020980835,train,9064,True
CN1C2C=CC(CO)C21,1.3573999404907229,train,-1,False
O=COc1cc(O)c[nH]1,2.095200061798096,train,9065,True
O=C1CCC2OC2CC1,2.382200002670288,train,9066,True
N=C1C=CCN1C=O,6.046299934387207,test,-1,False
CC(CC1COC1)=NO,1.3573999404907229,train,9067,True
COC1COC12CC2O,1.4140000343322754,train,9068,True
Cc1cnc(CO)cn1,1.3424999713897705,train,9069,True
Cn1nc(N)c(N)c1O,2.125999927520752,train,9070,True
O=C1C2CC3(CCC13)O2,3.165800094604492,train,9071,True
C1OC23C1OC1C2CC13,0.6353999972343445,train,9072,True
OCC1N=C2OC3C2C13,4.001100063323975,train,-1,False
N#CC12OC=NC1C2N,3.158799886703491,train,9073,True
C1=CC23C=CCC2(C1)N3,1.6021000146865845,train,9074,True
N=COC1CC2CC1C2,3.3496999740600586,train,-1,False
Cc1noc(=N)c(F)n1,1.8174999952316284,test,-1,False
CCC(=O)c1cnon1,1.613700032234192,train,9075,True
N=C1NC2C3OC2C13O,4.0524001121521,train,-1,False
[NH3+]C(C(=O)[O-])C1CC1,5.01639986038208,train,-1,False
CC1=CCOCC1C#N,4.638299942016602,train,9076,True
CC1OC1C1=NCCO1,2.648699998855591,train,9077,True
CC1=C(C2CO2)CCC1,1.8525999784469604,train,9078,True
CCC1OCC1(C)C#N,3.131799936294556,valid,9079,True
CC1(CO)CC2NC21C,2.9286000728607178,test,9080,True
C#CCn1cnnc1,5.718900203704834,valid,9081,True
C#Cc1noc(C#N)n1,3.1633999347686768,train,9082,True
CN=C1C(O)C2CCN12,2.123199939727783,train,-1,False
O=C1CCCOCC1,2.17330002784729,train,9083,True
CC1C(O)CC(=O)N1C,2.875499963760376,train,9084,True
CC1C(O)C1(C)CC=O,3.8959999084472656,train,9085,True
CC1OC1(C)C1CO1,2.946700096130371,train,9086,True
CC12CC3C(C1)C32CO,1.6650999784469604,train,9087,True
O=C1NCC1C1CN1,3.075500011444092,train,9088,True
CC1CCN=CO1,2.3424999713897705,train,9089,True
N#CC1(CO)CC2NC21,4.218999862670898,train,9090,True
O=C1NC2CC1NC2=O,2.430000066757202,train,9091,True
O=C1OC2C3CC1(O)C32,3.254800081253052,train,9092,True
COc1ncc(C=O)o1,4.0680999755859375,train,9093,True
CC(CO)c1cnn[nH]1,6.095699787139893,test,9094,True
O=C1OC2C3C2C2C3N12,5.538599967956543,valid,9095,True
c1ccc2c(c1)CCO2,1.48989999294281,train,9096,True
CC1(C#N)CC2OC21,2.551100015640259,train,9097,True
O=C1CC2(C3CC3)OC12,3.4305999279022217,train,9098,True
CC1CC2(CN2)C1CO,1.27400004863739,test,9099,True
O=C1NC2C3C4C2N1C34,4.788099765777588,test,9100,True
CC1(O)C2CCC1C2,1.3696999549865725,train,9101,True
C#CCNC(=N)C(N)=O,1.3317999839782717,train,9102,True
Cn1ccc(F)nc1=N,4.2733001708984375,train,-1,False
N=C(N)c1cc(O)no1,1.968999981880188,train,9103,True
CC1C2CC3(C)C1OC23,1.6032999753952026,test,9104,True
COCCC1(C#N)CN1,4.646200180053711,train,9105,True
O=CC(O)C1(C=O)CC1,2.3036999702453613,valid,9106,True
N=c1ncoc(F)c1F,3.4274001121521,train,-1,False
CC1C2(C)OC1(C)C2=O,2.8480000495910645,train,9107,True
O=C1OCC2CCN12,5.04610013961792,train,9108,True
CC(=N)N(C=O)CCO,5.468299865722656,train,9109,True
Nc1cccoc1=O,3.7981998920440674,train,9110,True
Cc1nn[nH]c(=N)c1N,2.1677000522613525,train,-1,False
CCC#CC#CC1CO1,2.1410999298095703,train,9111,True
CCCc1ncn(C)n1,2.720900058746338,train,9112,True
C#CC(N)(C#N)CCO,3.600800037384033,train,9113,True
CC1C2COC(=N)C1O2,3.4790000915527344,train,-1,False
C#Cc1[nH]nnc1NC,3.4247000217437744,train,9114,True
CC12NC1C(O)C2CO,4.086400032043457,train,9115,True
C1OC2CC3(COC13)C2,1.6993000507354736,train,9116,True
Cc1oc(=O)ccc1N,5.514999866485596,train,9117,True
C1=CC2(CCO2)C2CC12,1.603700041770935,train,9118,True
CC1CC1C12COC1C2,1.9486000537872317,train,9119,True
N#CC1(C=O)CCCO1,4.017899990081787,train,9120,True
c1cc2c([nH]1)C1CN2C1,3.29259991645813,train,9121,True
OC1COc2c[nH]nc21,2.385200023651123,test,9122,True
C#CC1CC1CCO,2.0896999835968018,train,9123,True
C1CC2C3CCC2C3O1,1.3767999410629272,train,9124,True
CC#CC1(C)CC2NC21,1.4026000499725342,train,9125,True
CC1=CC(O)C2CC12O,2.7325000762939453,train,9126,True
OCC1OC2CC1CO2,2.7063000202178955,valid,9127,True
CC1CC(C)N1CC#N,4.298699855804443,test,9128,True
O=C1OC2CC1(CO)C2,4.057899951934815,train,9129,True
C#CC(C#CC)OC=N,3.3624000549316406,train,9130,True
CC1CC2=C(CCC2)C1,0.0230999998748302,train,9131,True
C#CCNC(=O)N1CC1,2.9560000896453857,test,9132,True
O=c1cncnc(O)n1,3.9964001178741455,train,9133,True
C#CC1C2CC3CC3C12,0.9169999957084656,valid,9134,True
CC1(C23CC2CO3)CC1,1.535899996757507,valid,9135,True
CC1=CC2OC1C1CC21,1.8329999446868896,train,9136,True
Cc1nc(C(N)=O)co1,3.496299982070923,train,9137,True
[NH3+]Cc1nonc1[O-],6.325900077819824,train,-1,False
COc1c[nH]c(N)c1,1.8206000328063965,test,9138,True
CC(C)(O)C1CCCO1,1.9003000259399412,test,9139,True
CC12CC3(C1)OC(=O)C23,4.506199836730957,train,9140,True
N#CC12CN1C1C(O)C12,5.11460018157959,train,-1,False
CCC1C=CC(=O)N1,4.351799964904785,test,9141,True
CC1(C)OC(=N)C1(C)C,2.8422999382019043,train,9142,True
N#CCCC1CCC1,4.2743000984191895,test,9143,True
N#CC1(C2CO2)CCO1,2.991499900817871,train,9144,True
CC(C)C1CCNC1=O,3.578200101852417,train,9145,True
CC(O)(C#N)CCCO,3.4022998809814453,train,9146,True
CC#CC1CC(C)C1,0.1460999995470047,test,9147,True
CCN=C1CN=CN1C,1.3805999755859375,train,9148,True
O=COCCCCO,3.847500085830689,train,9149,True
CC1(C)CN=COC1,2.142199993133545,train,9150,True
C1CC2(CC2)C2CC2O1,1.2900999784469604,train,9151,True
C#CCC1C(C)C1(C)C,0.805899977684021,train,9152,True
CC12CC1CC1CN1C2,1.1664999723434448,train,-1,False
C#CC1C2CC1N2C=O,3.9763998985290527,train,9153,True
CC1C=CC2OC2C1,2.0862998962402344,train,9154,True
CCc1ocnc1CO,1.5169999599456787,train,9155,True
C1CC2CCCC2C1,0.1316999942064285,valid,9156,True
Oc1c[nH]c2ocnc12,2.338500022888184,train,9157,True
C#CC12CC3C(C31)N2C,1.004899978637695,train,-1,False
CC1(C2CO2)C2COC21,2.6986000537872314,train,9158,True
CC12C=CCC(=O)N1C2,3.666100025177002,train,9159,True
N#CCNc1cnc[nH]1,1.989300012588501,train,9160,True
CC(C#N)COC1CC1,3.804699897766113,train,9161,True
c1coc(OC2CC2)c1,1.0882999897003174,valid,9162,True
O=C1OCC12CCC2O,4.418099880218506,train,9163,True
OCC1(N2CC2)CC1,1.0946999788284302,train,9164,True
O=Cc1cn(C=O)nn1,6.1666998863220215,train,9165,True
CCC(O)C(O)C1CN1,1.458799958229065,train,9166,True
C#CC1COC(=O)C1O,2.853399991989136,train,9167,True
N#CC1CC=CCOC1,4.8125,valid,9168,True
CC(C)c1coc(N)n1,1.5856000185012815,train,9169,True
OC1CC2CC3C1C23,1.3626999855041504,test,9170,True
COC(C)C(C)CCO,0.6237000226974487,train,9171,True
CC1(NCC#N)COC1,3.095599889755249,train,9172,True
OC1CC2=CCOCC21,2.551399946212769,test,9173,True
N#Cc1cnc(F)cn1,2.936599969863892,train,9174,True
CC1(O)CCCCOC1,1.9301999807357788,train,9175,True
CC12CC(=O)CC1CO2,3.315200090408325,train,9176,True
OCCC1(O)COC1,1.940000057220459,train,9177,True
CC1CN2CC2(C)C1=O,1.9112000465393064,test,-1,False
C#CC1NC12CCC2,1.8278000354766848,train,9178,True
CC1CC2CC3CC1C23,0.2414000034332275,train,9179,True
N=CN1C(=N)OCC1=O,2.2016000747680664,train,9180,True
COCC12CC(C1)O2,1.318600058555603,train,-1,False
N#CC12CCC1=CCN2,3.5706000328063965,train,9181,True
CNc1ncoc1C=O,4.3917999267578125,train,9182,True
C#CC(C)NC(=O)NC,3.297100067138672,valid,9183,True
CC12CN3C(=O)C1(O)C32,4.600200176239014,test,9184,True
CN=c1cc[nH]nc1N,2.712500095367432,train,-1,False
C1=CC2(OC1)C1CC2C1,1.3357000350952148,train,9185,True
O=C1CCC2(CN1)CN2,4.039999961853027,train,9186,True
CC1OCCC1OC=N,3.8094000816345215,train,-1,False
Nc1cocc(N)c1=O,2.9047000408172607,train,9187,True
NC1=NC2C(O)CC2O1,1.971500039100647,valid,9188,True
CC#CCCC(C)=NO,0.6355999708175659,test,9189,True
CC1CC(=N)OCCO1,2.3297998905181885,train,-1,False
C#CC#CC1CCC1=O,2.869499921798706,train,9190,True
Nc1ncoc1[N+](=O)[O-],4.229899883270264,train,9191,True
CC1C(=O)NCC2NC21,4.69980001449585,train,9192,True
NC(=O)C12CCC1C2O,2.5934998989105225,train,9193,True
CC(=O)C1CN=C(C)O1,2.6867001056671143,train,9194,True
CC#CC(=N)OCC=O,2.211800098419189,train,9195,True
CC12OC1COCC2O,1.788100004196167,train,9196,True
CN1CC2(C)OC(=N)C12,3.388999938964844,train,-1,False
O=CCCOC1CC1O,2.608099937438965,train,9197,True
C#CC1(C)C(N)C1C#N,3.5174999237060547,train,9198,True
NC(=O)c1cc(O)n[nH]1,2.4400999546051025,train,9199,True
CCC(CO)CC1CO1,2.007299900054932,valid,9200,True
Nc1nc2[nH]ccc2o1,1.1217000484466553,train,9201,True
COCc1ncoc1C,1.3209999799728394,train,9202,True
CC12C=CC(O)C1N2,2.797499895095825,train,9203,True
C#Cc1cnc(=O)oc1,5.001699924468994,valid,9204,True
Cc1c(CO)cnn1C,2.4809000492095947,test,9205,True
CCCOC1CCC1=O,2.0743000507354736,train,9206,True
CC1(C=O)CCOC=N1,1.6008000373840332,train,9207,True
CCCN(C)C(C)C#N,4.134300231933594,train,-1,False
CC12C(=O)CC13CN2C3,2.910399913787842,test,-1,False
CC1=CCN(C=O)CC1,4.058199882507324,valid,9208,True
CNC1(C#N)CC1O,3.8512001037597656,train,9209,True
CC12CCOC1C1CC12,1.604200005531311,train,9210,True
O=CC12CC1C1NC12,2.867500066757202,train,9211,True
O=C1CC2(CO)CCC12,3.488600015640259,train,9212,True
CCC1CCC1(C)CO,1.3519999980926514,train,9213,True
N=C1CCC(CO)CO1,4.19980001449585,train,-1,False
O=Cn1cccc1CO,2.8898000717163086,test,9214,True
CC12CC(=NO)C1(C)N2,2.381799936294556,train,9215,True
CC1C(=NO)CC12CC2,0.7613999843597412,train,9216,True
C1OCC1c1nnon1,1.631999969482422,train,9217,True
CC12C3CN1C1C2C13O,1.007699966430664,train,-1,False
CC1(C2(C#N)CN2)CC1,4.974800109863281,train,9218,True
CC12OC1CC2C#N,5.166800022125244,train,9219,True
OC1COC2CCC1C2,1.7002999782562256,train,9220,True
O=C1COCOC1CO,2.539499998092652,train,9221,True
N=C1OC2C(=N)OCC12,2.38100004196167,test,9222,True
CC1(C2CC2)C2CC1O2,1.7687000036239624,train,-1,False
CC(C#N)OCC1CC1,4.572500228881836,train,9223,True
C1OCC2C3CC2(C3)O1,1.6931999921798706,train,9224,True
CC1(O)COCC1C#N,3.401400089263916,train,9225,True
O=CNC(=O)C(=O)C=O,2.414900064468384,train,9226,True
CCC1(C#N)COC1=O,4.384799957275391,train,9227,True
C#CCn1nncc1C,4.71150016784668,train,9228,True
C1CC23COC4C(C12)C43,1.620300054550171,train,9229,True
C1=C2CC3CC(C1)C23,0.7103999853134155,train,-1,False
C1OCC1C1C2CC1O2,1.889299988746643,train,-1,False
C1=CC2CC3(C2)CC3C1,0.0306000001728534,train,9230,True
CC(O)(C#CC=O)CO,1.3040000200271606,train,9231,True
CN1C2C3CC3C21CO,1.5433000326156616,train,-1,False
CCN1C2C3OC3C21,1.5435999631881714,train,9232,True
CC1=CCC(=NO)CC1,0.8240000009536743,train,9233,True
N#CCC(=O)CO,6.6869001388549805,train,9234,True
N#CC12NC3C1NC32,5.180900096893311,train,9235,True
COC(=O)N(C)C=N,1.7762999534606934,test,9236,True
CC1(C=O)CC2CC21C,2.4098000526428223,valid,9237,True
CCn1cnc(C#N)c1,8.053199768066406,train,9238,True
OCCC1CC(O)CO1,2.145699977874756,valid,9239,True
CCC1(C=O)COC1=N,2.1886000633239746,train,9240,True
CC1C2NC2C2OC12C,3.0427000522613525,train,9241,True
CC1(C#N)CCCC1,3.930900096893311,train,9242,True
CC1C2C=CCC=CC12,0.050000000745058,train,9243,True
Cn1nc(N)cc1C#N,3.3060998916625977,test,9244,True
CCN(C)C(=O)COC,4.257500171661377,train,9245,True
N#CCOc1ccno1,2.0992000102996826,train,9246,True
CC(C(N)=O)C1(O)CC1,4.287399768829346,train,9247,True
CCCC1CN1CC#N,5.026500225067139,train,-1,False
CCNc1c[nH]nc1N,1.7833000421524048,test,9248,True
OC1Cc2cnnn2C1,5.595799922943115,train,9249,True
Nc1cc(O)[nH]c(=O)c1,4.0295000076293945,train,9250,True
OC1(C2CN2)C2CC1C2,1.2697999477386477,test,9251,True
C#CC1(C)C2C3OC3C21,1.6689000129699707,train,9252,True
O=CC1C2C3COC2C13,2.2416999340057373,train,9253,True
CC1=CC2CC2OC1=O,4.445799827575684,train,9254,True
CC1OC2C(=O)C(C)C12,3.700900077819824,train,9255,True
CCCC12CC1(C)CO2,1.629899978637695,train,9256,True
N=c1cc(CO)ocn1,3.660799980163574,train,-1,False
CC1CC(=O)CC1C#N,4.09119987487793,train,9257,True
CC1CC(=O)COC1C,2.9446001052856445,test,9258,True
CC(N)(C#N)C1(C)CN1,3.891499996185303,train,9259,True
CC1CC2CC1C2C#N,4.386300086975098,valid,9260,True
Cc1n[nH]c(N)n1,3.212100028991699,train,9261,True
COC1CC=CCC1O,2.496999979019165,train,9262,True
Nc1cc(C2CC2)co1,1.5541000366210938,train,9263,True
CC#CC(=O)C1(O)CC1,3.267899990081787,train,9264,True
N=c1nnocc1F,1.4673000574111938,test,-1,False
C#CC(O)C1CC(=O)N1,4.135900020599365,train,9265,True
CN=C(NC=O)C(C)=O,3.3824000358581543,train,9266,True
COC1C2N=COC21,1.376099944114685,train,9267,True
C#CC1(CO)CC2NC21,2.705699920654297,train,9268,True
CC1C(=O)CC1OC=N,2.7897000312805176,train,-1,False
CC1C2CC1(O)C1CN21,2.0924999713897705,train,-1,False
CCC(C#N)(C#N)OC,3.1909000873565674,train,9269,True
CC1OC1C(=O)C1CO1,3.630000114440918,train,9270,True
O=C1CC2C=CC3C2N13,3.952800035476685,test,9271,True
CC1(O)C(O)C2OC21C,2.423799991607666,train,9272,True
CC1=CCNC(=O)C=C1,4.099400043487549,valid,9273,True
CC1(CC#N)CN1C=O,4.124899864196777,train,9274,True
N=C1NC(C=O)C12CO2,2.6684000492095947,train,9275,True
C#CC1CC12CCO2,1.4543999433517456,test,9276,True
O=C1CCCCCCC1,2.714900016784668,train,9277,True
CCN1C(=N)CCC1=O,2.7511000633239746,test,9278,True
CC12NC1CC1CC12O,1.3140000104904177,valid,9279,True
C#CCc1nc(C)n[nH]1,2.287300109863281,train,9280,True
CC(O)C1CC(=O)CO1,2.0696001052856445,test,9281,True
C1CN2C3CNC(=N1)C32,2.179800033569336,train,9282,True
OCCCCN1CC1,1.0683000087738037,train,9283,True
Cc1cc(NC=O)n[nH]1,3.242300033569336,train,9284,True
CCC1(OC=O)COC1,3.647200107574463,train,9285,True
CC12C(O)C1CC1NC12,3.530900001525879,train,9286,True
N#CCC1C(O)C2CC12,3.6631999015808105,train,9287,True
CCOC1CC2CC2O1,0.4986000061035156,train,9288,True
C#CCCCC#CCC,0.7243000268936157,valid,9289,True
CCCc1c[nH]nc1O,1.853800058364868,test,9290,True
N#CC(O)C1CC2CC21,3.6602001190185542,train,9291,True
CCC1C=CC(C)C1O,1.3638999462127686,train,9292,True
C1CC2C3COC2C3C1,1.8417999744415283,train,9293,True
CCc1cnc(CC)o1,1.8149000406265257,train,9294,True
CC1C=CC2(O)CC2O1,1.8783999681472776,train,9295,True
C#CC1C=CC(C)C1O,1.378499984741211,valid,9296,True
O=C1CC2NC2C(=O)N1,4.071599960327148,train,9297,True
Cc1cc(N2CC2)on1,3.5445001125335693,train,9298,True
CCC1=CCC(C#N)C1,4.362299919128418,test,9299,True
CC1(C)OCC12COC2,0.5422999858856201,train,9300,True
N=C1NC2CC=CC12O,3.1333000659942627,test,-1,False
C#CCCc1cnon1,3.219599962234497,test,9301,True
CN(C)c1cnccn1,2.371400117874145,train,9302,True
CC12CC3C(=O)N1C32C,4.50570011138916,train,9303,True
CCC1(C(N)=O)CC1O,2.2876999378204346,train,9304,True
CC1(C=O)OC(=N)C1O,2.010499954223633,train,-1,False
O=C1C2CC1C1CN1C2,1.8560999631881716,train,-1,False
CC(C)(O)C1CC(=O)C1,4.41379976272583,test,9305,True
O=CC1(CC2CO2)CN1,1.4543999433517456,train,9306,True
COC=NC(C)C1CO1,3.1821000576019287,train,9307,True
O=c1cncc(CO)[nH]1,5.465099811553955,train,9308,True
CCC1=CCCC1=O,3.1280999183654785,train,9309,True
COc1ncc(F)nn1,1.2467000484466553,train,9310,True
COc1onc(O)c1C,1.5110000371932983,valid,9311,True
COC12COC3C1CC32,1.4621000289916992,train,9312,True
C1=CCC2CC(C1)C2,0.2074999958276748,train,9313,True
CCC1OC1CCC=O,3.0761001110076904,train,9314,True
C1C2CC(N3CC3)C12,0.8051000237464905,train,-1,False
O=C1CCC2CC2C1,3.0,train,9315,True
O=C1C=CCC(=O)C1,3.732000112533569,train,9316,True
CC1CC2(C#N)NCC12,3.5643999576568604,train,9317,True
CC12CCC(O)CC1C2,1.4595999717712402,valid,9318,True
C1#CCOCC=CCC1,1.3396999835968018,train,9319,True
Cc1cc2cc[nH]c2[nH]1,3.2467000484466557,train,9320,True
C#Cc1nc(O)[nH]c1C,2.992500066757202,test,9321,True
CC1CC=C2CC(C)C21,0.4514000117778778,train,9322,True
C1=C2C3C4OC3(CC1)C24,2.5501999855041504,train,-1,False
CC1CC2(C)C(C)OC12,1.649500012397766,train,9323,True
O=CC1CC2(CC2)O1,2.8661000728607178,train,9324,True
C#CC([NH3+])(CO)C(=O)[O-],3.6387999057769775,train,-1,False
Cc1ccc(CO)nc1,0.7143999934196472,train,9325,True
CC1(O)CC=CCC1,1.2336000204086304,train,9326,True
CC(OCC#N)C1CO1,2.862799882888794,train,9327,True
CC(=O)CC1CCC1=O,3.222599983215332,train,9328,True
N#Cc1cnoc(=N)n1,2.8320000171661377,train,-1,False
OC12CC1CC1CC12,1.5807000398635864,test,9329,True
OC1CC2(O)C3CC3C12,2.099299907684326,valid,9330,True
COC1C(O)C1C1CN1,2.7664999961853027,train,9331,True
CCC1(CO)COC1C,2.529599905014038,train,9332,True
C#CC1(CO)CC(=O)O1,2.912100076675415,train,9333,True
CC1C(O)c2ncnn21,2.799499988555908,train,9334,True
CCC12CC=CC1C2C,0.2020999938249588,test,9335,True
CN1C(CO)C2OCC21,2.789499998092652,train,9336,True
C1OC2C3OCC1C23,2.539900064468384,train,9337,True
CN1CC2NCC21C#N,2.681999921798706,train,9338,True
C1CCC2(C1)OCCO2,0.8052999973297119,train,9339,True
N#CCC1CCCC1,4.093500137329102,train,9340,True
COC(=O)C(=O)NC=O,4.625800132751465,test,9341,True
Cc1cc(N)nc(O)c1,2.1440000534057617,train,9342,True
CC1(C)C=CCC(=O)C1,2.739300012588501,train,9343,True
CCC#CC1CCC1=O,2.524199962615967,train,9344,True
O=C1C2CC2C2CC12O,2.9772000312805176,train,9345,True
N#CC1(C=O)COC1=N,2.3289999961853027,train,9346,True
CCC1(C)C2C3OC2C31,2.09089994430542,train,-1,False
C1COC(C2CC2)=N1,0.9552000164985656,train,9347,True
CC1C2N3CC2(C#N)C13,2.597100019454956,train,9348,True
N#CC1CCC(=N)O1,3.552000045776367,train,-1,False
C#CC12NC1C=CC2O,2.3749001026153564,valid,9349,True
C1CC2C3C1C1C2N31,1.985700011253357,train,-1,False
CC1(C)CC2CC21CO,1.3690999746322632,train,9350,True
Cn1c(O)cncc1=N,3.015199899673462,train,-1,False
CC(=O)CC1CC1O,2.2227001190185547,test,9351,True
CC1(C)CC1(O)CO,1.933899998664856,train,9352,True
N#CC1C=CC2OCC12,3.702899932861328,train,9353,True
CC1CC(C)(C#N)C1C,3.944700002670288,valid,9354,True
C#CC(C=O)OC=O,5.129000186920166,train,9355,True
C#CCc1ccccc1,0.4424000084400177,train,9356,True
CC1CCC(=O)CO1,2.96970009803772,train,9357,True
N#CC12CCC(CC1)O2,4.910600185394287,train,9358,True
N=c1occ(N)c(=O)o1,3.49780011177063,train,-1,False
N#CC1(O)C2N=COC21,3.674000024795532,train,9359,True
OC12C=C3CCC3C1C2,1.6038000583648682,valid,9360,True
OC1C2CC3C(C2)C13O,1.9147000312805176,train,9361,True
CC1NC(=O)C2CC12,3.940999984741211,test,9362,True
O=Cc1ccco1,4.039899826049805,train,9363,True
COc1conn1,2.8304998874664307,train,9364,True
CC1(C2CC2)CC2CC21,0.2373999953269958,train,9365,True
NC(=O)C1(CC=O)CC1,4.708399772644043,train,9366,True
COC12CC1OCC2=O,2.025099992752075,train,9367,True
N=c1oc2nnoc2o1,0.6593000292778015,test,-1,False
C#CCCC#CCC,0.8385000228881836,train,9368,True
C#CCC(=O)C(O)C=O,3.7558999061584473,train,9369,True
N=C1OCC2CC2C1O,3.387500047683716,train,-1,False
N#CC1C=CCC(=O)O1,4.788899898529053,train,9370,True
CC12CC(=O)C1(C#N)C2,5.723700046539307,valid,9371,True
CC1(CC2CC2O)CC1,1.3467999696731567,train,9372,True
CNc1ncc(O)nn1,1.4378999471664429,train,9373,True
CN=c1cnocc1N,1.95770001411438,train,9374,True
CC1OC23COC2C1C3,2.2797000408172607,valid,9375,True
CC1(C2OC2C=O)CO1,3.3580000400543213,train,9376,True
O=C1CCNCC(=O)C1,4.919000148773193,train,9377,True
CC12C(=O)N3C(C1O)C32,4.034900188446045,train,9378,True
CCC1(C)OC(=N)C1N,1.7834999561309814,train,-1,False
O=CC(=O)CN1CCC1,2.1902999877929688,train,9379,True
CC1(C2(C)CO2)CN1,2.3387999534606934,valid,9380,True
CCC1CCCC1OC,1.0062999725341797,train,9381,True
NC(=[NH2+])CCC(=O)[O-],8.204400062561035,test,-1,False
OC1CC2OC3C1NC23,2.1382999420166016,train,9382,True
OC1CCC12COC=N2,1.7300000190734863,test,-1,False
C#CC12NC1CC2CC,1.2089999914169312,valid,9383,True
CC(C)(C)NC(=O)C=O,2.3357999324798584,train,9384,True
O=COC1CN2CC1C2,3.530600070953369,test,-1,False
Cc1cocc1N,1.8042000532150269,test,9385,True
C#CC1=CC(=O)CCC1,3.642400026321411,valid,9386,True
CCCC1(C)CC2OC21,1.792099952697754,train,9387,True
CC1=NC2C3N1CC23O,1.2086000442504885,train,9388,True
C1=C2CC3CC3C2CC1,0.2942000031471252,train,9389,True
CCC1C(=O)CCC1C,2.7344000339508057,train,9390,True
CC(C)C1(C=O)COC1,3.081899881362915,train,9391,True
CC12CC(C)(O1)C21CN1,1.4115999937057495,test,9392,True
OCC1(CO)C2CC1O2,1.968600034713745,test,-1,False
OC12C3CCC1C2OC3,1.2197999954223633,test,9393,True
O=CC1CCC2C(O)C12,3.6570000648498535,train,9394,True
CC12CCC3(C)C1OC23,1.8976000547409055,train,-1,False
OC1C=CC2N=COC12,0.6327000260353088,train,-1,False
CCC(C)CN(C)C=O,3.938100099563599,train,9395,True
CN(C)c1c[nH]c(=N)o1,3.1637001037597656,train,-1,False
C#CC(OCC)C1CO1,1.6584999561309814,train,9396,True
CC1CC(C#N)CCO1,3.164599895477295,train,9397,True
Cc1coc(=O)n1C,5.045000076293945,train,9398,True
COCC1C2CCC1O2,2.478199958801269,train,9399,True
CCC(O)C1COC1=N,1.6759999990463257,valid,-1,False
N#CC1(CO)CN=CN1,2.4656999111175537,train,9400,True
CCCCC1(O)CC1C,1.2962000370025637,train,9401,True
c1noc2oncc12,3.1572999954223637,train,9402,True
CCC1(O)C2CC1O2,1.7573000192642212,train,-1,False
O=CC12NC1CCC2O,2.400399923324585,valid,9403,True
CCCOCCOC=O,4.491099834442139,train,9404,True
CNC(=O)CCN1CC1,2.368799924850464,train,9405,True
COC1OC(=O)OC1=N,2.8645999431610107,test,9406,True
N#CCOC1CC1O,3.479199886322021,train,9407,True
CC(C)OC=O,4.121600151062012,train,9408,True
C#CC1C2C(O)C(=N)N12,2.650000095367432,train,-1,False
CCC12OC1C1(C)NC12,3.432499885559082,train,9409,True
C#CC1N=C2OC3C2C13,3.736500024795532,test,-1,False
CC1NC12CC1(C)NC12,2.069499969482422,train,9410,True
CC1C(=N)OC(=O)C1C,2.598700046539306,train,-1,False
O=C1COC12CCCC2,1.2770999670028689,train,9411,True
C1=NC2C(O1)C1OC21,2.644700050354004,train,-1,False
C#CC12CC3OC3C1N2,2.511699914932251,train,9412,True
NC(=O)CC12CCC1N2,3.682300090789795,train,9413,True
O=CCC1OC12CCC2,3.302299976348877,train,9414,True
O=C1C2OC1C1(O)CC21,3.0339999198913574,train,9415,True
CN1C2CC3CC3(O)C21,1.391800045967102,train,-1,False
CN=COC(C)=O,0.4550000131130218,train,9416,True
CCC(OC)C(C)(C)O,1.093400001525879,train,9417,True
C#CC1C2(O)CC1(O)C2,2.964099884033203,test,9418,True
C#CCC1(C)OC1C#C,1.860700011253357,train,9419,True
c1cc2c([nH]1)CCC2,1.747599959373474,train,9420,True
COC1C2C(=O)C(C)C12,2.978199958801269,train,9421,True
Cc1cnc(O)cc1F,0.9614999890327454,train,9422,True
c1onc2c1OCCC2,3.404900074005127,train,9423,True
C1CN2C3C1C1(CC1)C32,1.4086999893188477,test,-1,False
O=CCC#CC1CO1,2.085599899291992,valid,9424,True
Cn1ncc(N)cc1=O,4.421999931335449,train,9425,True
C#CC1C(C#C)C2OC12,2.0227999687194824,train,9426,True
COC1C2OC2C12CO2,1.528499960899353,train,9427,True
CC12CCC=C1CC2,0.3925000131130218,valid,9428,True
CNc1oc(=N)[nH]c1N,3.848000049591065,train,-1,False
CC1C2CC(=NO)C12C,1.1295000314712524,test,9429,True
C#CC1CCC(C#N)N1,4.293099880218506,test,9430,True
N#CCOc1c[nH]cn1,6.583000183105469,train,9431,True
CC1C=CCC2OC12C,1.682600021362305,test,9432,True
C#CC1OC=NCC1C,2.127500057220459,train,9433,True
CC12NC1C(N)C2C#N,6.178800106048584,test,9434,True
CCn1cc(N)c(C)n1,2.266400098800659,train,9435,True
N=C1OCCC2OCC12,2.847899913787842,train,-1,False
CNC(=O)CC(O)C#N,3.673099994659424,train,9436,True
OC12CC1CC1(CN1)C2,0.6622999906539917,train,9437,True
CC1(C)CCCC1(C)C,0.0505999997258186,train,9438,True
N#CC1(N)CC2CCC21,3.039900064468384,train,9439,True
C1=CC2CCCC1CC2,0.0760999992489814,train,9440,True
CC1CC12CC=CC2O,1.6496000289916992,train,9441,True
O=CNC(=O)C1CCC1,5.564000129699707,train,9442,True
Nc1nc(O)[nH]c1N,1.7753000259399414,train,9443,True
OC12C=CC3C1C=CC32,1.3351000547409058,train,9444,True
OC1CC1n1cnnc1,5.5416998863220215,train,9445,True
C#CC1=NC(C=O)CO1,1.751099944114685,train,9446,True
CC1CC(C)(O)C2CN12,2.056299924850464,test,-1,False
CCN1C2C3OC2(C)C31,1.6461000442504885,train,-1,False
CCc1ocnc1C=O,5.074999809265137,train,9447,True
CC1C2COCC12,1.5096999406814575,train,9448,True
NC(=O)Nc1ncco1,4.452899932861328,test,9449,True
C1OC2COC1C21CC1,1.5404000282287598,train,9450,True
N=c1[nH]nnccc1=O,2.119499921798706,train,-1,False
CC1OC(C)C1CO,2.1040000915527344,train,9451,True
O=C1CN=C2OC3C1C23,4.08519983291626,train,9452,True
C#CCC1(C)COC1,1.59089994430542,train,9453,True
CC12CC3N4C1C4C32O,1.1857000589370728,test,-1,False
CCC(CC#N)=NO,3.316400051116944,valid,9454,True
CCCC(O)C(=O)C=O,0.8871999979019165,train,9455,True
CC1C2CC1C2C1CO1,1.465999960899353,train,9456,True
CC1CC23NC4C2N1C43,1.4328999519348145,train,-1,False
C1=CCc2ocnc2C1,1.6960999965667725,train,9457,True
CCOC1C2CC1(C)O2,1.719599962234497,test,9458,True
C#CC1COC2CCC12,1.0197999477386477,train,9459,True
COC12CCC=CC1C2,1.21150004863739,train,9460,True
CC1(C)N2CC2C12CC2,1.4448000192642212,train,-1,False
C#CC1CC2CC12C,0.8847000002861023,valid,9461,True
C1OC1C12CC1C1CN12,1.2992000579833984,train,-1,False
CC12CCC1(C)OC2,1.7137000560760498,train,9462,True
N=c1nc(O)nc(O)o1,1.7395999431610107,train,-1,False
C#CC(C)C(C#N)C=O,3.200200080871582,valid,9463,True
Nc1c[nH]c2cn[nH]c12,3.3336000442504883,train,9464,True
CC1COc2ccnn21,2.6802000999450684,train,9465,True
Nc1nc(=O)[nH]nc1O,5.838399887084961,train,9466,True
C#CC1(C)CCOCO1,1.698799967765808,train,9467,True
Nc1nc(O)nn1C=O,6.059999942779541,train,9468,True
CC1OCC1(C=O)CO,2.403899908065796,train,9469,True
C#CC1CC2NC2CO1,2.881799936294556,train,9470,True
CC1CC12CC1CCC12,0.0797000005841255,train,9471,True
CCN1CC1C1(O)CC1,1.6132999658584597,train,-1,False
Cn1c(C=O)noc1=O,4.880499839782715,valid,9472,True
CC12COCC1C1NC12,3.0822999477386475,test,9473,True
NC12CC1(O)COC2=O,2.572700023651123,train,9474,True
OC1C=CC(N2CC2)C1,2.1010000705718994,train,-1,False
N=c1onc(F)oc1=O,1.383999943733215,train,-1,False
CC1C2C(C)N1C2C=O,2.2439000606536865,test,-1,False
N#CC1CC(CO)C1,4.982500076293945,train,9475,True
CCC1NC1(C=O)C=O,2.4746999740600586,train,9476,True
C#CC1NCC(=O)C1C,2.493499994277954,train,9477,True
O=C1NC2C3CCC3C12,3.625200033187866,valid,9478,True
CC12NC1C1(CC1)C2=O,3.5806000232696533,valid,9479,True
CC1(O)C(O)CC2NC21,1.9496999979019165,train,9480,True
CC12CN1CCC21CO1,2.2762999534606934,train,-1,False
COCC1C(O)CC1O,2.305999994277954,test,9481,True
OC1CCC1C1CO1,2.182800054550171,train,9482,True
C1=CC23C=CC1C2CO3,1.7574000358581543,train,9483,True
CC1CNc2occc21,1.458799958229065,train,9484,True
CC#CC(C)(C)C1CC1,0.2250999957323074,train,9485,True
Cc1cc(C)c(=N)on1,3.486000061035156,valid,-1,False
N#CC#CC1COC1=N,5.045499801635742,train,9486,True
CN=c1oc(N)nn1C,2.672499895095825,valid,-1,False
CCC12OC1CC21CC1,1.842599987983704,test,9487,True
CC(CO)n1cnnn1,4.945799827575684,train,9488,True
CC1C2CC3C4C1C2N34,1.7596999406814575,train,-1,False
CC(C=O)C1(C#N)CC1,3.427799940109253,train,9489,True
C1OC2C3C4CC13C42,1.6349999904632568,train,9490,True
CC(=O)C1=NCC(C)N1,1.8768999576568604,train,9491,True
CCCCC(=O)C(C)C,2.4189999103546143,train,9492,True
C#Cc1cn(C)c(=N)o1,2.8650999069213867,train,-1,False
C1=CC2(CN2)C2CC1O2,1.0501999855041504,train,9493,True
CC(C)NC(=O)CCO,2.1626999378204346,train,9494,True
C#CC(C)(CCO)OC,0.6399999856948853,valid,9495,True
OC12COC1C2C1CC1,2.1637001037597656,test,9496,True
O=CNC1=CC2CC1O2,3.3554000854492188,train,9497,True
COC(C)(C)CCO,2.0566000938415527,train,9498,True
C#CC12OCC3CC1C32,2.04229998588562,test,9499,True
c1n[nH]cc1C1CC1,2.2604000568389893,train,9500,True
OCCC1=CCN2CC12,0.9409999847412108,train,9501,True
CN=C1NC(=O)C=C1C,2.091099977493286,train,-1,False
CCc1c[nH]ccc1=O,6.105400085449219,train,9502,True
Cc1occ2nnoc12,3.1458001136779785,train,9503,True
CC(=O)CC1CCCC1,2.420099973678589,train,9504,True
CC#CCC1=NCCO1,1.4840999841690063,valid,9505,True
O=C1CCC(=O)C12CO2,2.92930006980896,train,9506,True
CC(C)(O)C(N)C#N,5.622799873352051,train,9507,True
N#CC12C3C4CC3C1C42,4.666800022125244,train,9508,True
N=COC12CCC1C2,3.190500020980835,train,9509,True
C1=CCC2(C1)CCCO2,1.36489999294281,train,9510,True
CCCC1CC2OC12,1.794399976730347,train,9511,True
N#CCCN1CCC1,4.386099815368652,test,9512,True
O=CC1=NCC(=O)CO1,1.319700002670288,train,9513,True
c1cc2c(o1)C1CC2O1,1.7282999753952026,train,9514,True
CNc1occ(C)c1O,0.8955000042915344,test,9515,True
N=c1ncc(=O)cn[nH]1,1.087000012397766,train,-1,False
CC1OC12CC=CCC2,1.7063000202178955,train,9516,True
CC1=CC2(C)OC2C1O,2.177000045776367,train,9517,True
CC(N)(C(N)=[NH2+])C(=O)[O-],2.208400011062622,train,-1,False
N#CCC1C2OC(=O)C12,3.7416000366210938,train,9518,True
CC12CC(C(N)=O)C1C2,3.092900037765503,test,9519,True
CCCC1(O)C=CCC1,1.5671000480651855,valid,9520,True
N#CCN1CC(CO)C1,3.5318000316619877,train,9521,True
N=COC(=O)CCO,2.0715999603271484,train,9522,True
Cc1cc(C=O)c(C)[nH]1,5.804999828338623,valid,9523,True
O=CC1C=CC(=NO)C1,1.8871999979019165,valid,-1,False
C1COC(CN2CC2)C1,1.4560999870300293,test,-1,False
N#CCCCCC(N)=O,4.918799877166748,train,9524,True
CC1C2CC3(O)C1CC23,1.2640999555587769,test,9525,True
Cc1c(N)[nH]c(=O)n1C,4.739699840545654,train,9526,True
CC12CC1(C#N)C1OC12,4.942500114440918,train,9527,True
CC12CCC1(C)C2C=O,3.570499897003174,train,9528,True
CCC1COCC2NC12,1.9800000190734863,train,9529,True
CNC(C)(C#N)C1CN1,2.680500030517578,train,9530,True
C#CC(C)(C)CC(C)O,1.377900004386902,train,9531,True
OCC1C(=NO)C2CN12,1.8020000457763672,train,-1,False
C1CC2C3C4OC3(C1)C24,2.110300064086914,train,-1,False
CC1=C2CC=CC2OC1,1.846500039100647,train,9532,True
CCC1=CCC(=O)N1C,3.5353000164031982,train,9533,True
C1=CC2C3COC1CC23,1.5460000038146973,train,9534,True
C1OC1C12OC3C1OC32,1.64520001411438,train,9535,True
NC(=[NH2+])c1cc(=O)o[cH-]1,7.155300140380859,train,-1,False
O=CC(O)c1ncno1,2.351900100708008,train,9536,True
CC1(C)CC2NC21,1.5781999826431274,test,9537,True
C1OC2CC2C2CC2O1,0.710099995136261,train,9538,True
C#CC1C2C(=O)C1N2C,1.5296000242233276,train,-1,False
C#CCN(CC)C(N)=O,3.785599946975708,train,9539,True
C#CC(C)C1C2CC1O2,1.7937999963760376,test,-1,False
NC(=O)c1noc(=O)[nH]1,4.287000179290772,train,9540,True
CC1CC1CCC#N,4.298600196838379,train,9541,True
CC(CC=O)OCC#N,0.7896000146865845,train,9542,True
O=CC12CC1C1(O)CC12,2.315200090408325,train,9543,True
COCC1CC2(C)CC12,0.7900000214576721,train,9544,True
CC1(OC=O)CC1C#N,2.111500024795532,test,9545,True
CC1=CC2CC1N=CO2,1.8828999996185305,train,-1,False
C#CC1OC2COC12,1.2725000381469729,train,9546,True
CC1(CC=O)CC(=O)C1,0.5769000053405762,train,9547,True
CC1=C(C)C2CC2CC1,0.1253000050783157,train,9548,True
O=C1OCC1(O)C1CN1,2.3406999111175537,test,9549,True
CC12COC1CC(O)C2,2.662400007247925,train,9550,True
O=C([O-])C[NH2+]CC1CO1,4.44890022277832,train,-1,False
CC(=O)C1=CCOC1=N,2.715100049972534,train,-1,False
CCC1OCC12OC2C,1.8199000358581543,train,9551,True
C#CC(=O)OCC(C)O,1.958400011062622,train,9552,True
CCC1C(=O)C2CC12O,3.833699941635132,test,9553,True
CCCNc1cn[nH]c1,2.62719988822937,train,9554,True
CNC1COCOC1=N,2.4544999599456787,train,9555,True
N#Cc1nc(O)co1,3.691800117492676,train,9556,True
c1nc2c([nH]1)OCCN2,3.093100070953369,train,9557,True
O=C1OC23CCC2CC13,4.345600128173828,train,9558,True
C#Cc1nc(C)c(N)[nH]1,3.6910998821258554,test,9559,True
OC1CC12C1C3CN1C32,0.7315000295639038,train,-1,False
C#CC(C#C)OC=O,3.768699884414673,valid,9560,True
O=C1OC23CCC2(C3)O1,4.646399974822998,test,9561,True
N#CC12CCC1OC2=O,4.97189998626709,train,9562,True
Oc1[nH]c(O)c(O)c1O,0.9365000128746032,test,9563,True
Cc1occ2ocnc12,0.5008000135421753,test,9564,True
CC1CN1C(=O)CC=O,2.8564999103546143,train,9565,True
C#CCc1cc(N)on1,3.478199958801269,train,9566,True
CCC(O)C12COC1C2,2.185499906539917,test,9567,True
CC1C2(C)C3CN2C13C,1.6176999807357788,train,-1,False
O=C1OC2C3C1C1C2N31,2.510900020599365,train,-1,False
OCC1COCC2CC12,2.5517001152038574,train,9568,True
CC#CC1(O)CNC1=N,2.0806000232696533,train,-1,False
OCCOCC1CO1,3.606800079345703,train,9569,True
N=C1OC2C=CC1CO2,2.439199924468994,valid,-1,False
c1nnon1,1.964100003242493,test,9570,True
CC1CCC(O)(C#N)C1,3.608700037002564,train,9571,True
OC12CC(C1)C2N1CC1,2.046499967575073,train,-1,False
N=C1OC2CC(=O)CC12,3.280900001525879,train,9572,True
CCC12COC3C1CC32,1.6406999826431274,train,9573,True
C1OCC2COCC1O2,0.963699996471405,train,9574,True
N=COC12CC1CC2O,3.4094998836517334,train,-1,False
Cc1noc(C2CN2)n1,1.0787999629974363,test,9575,True
C#CC(=O)C1(C)CO1,2.2706000804901123,test,9576,True
O=c1cc(CO)ocn1,5.1595001220703125,train,9577,True
CC1=CC2CC2C(O)C1,1.2690000534057615,train,9578,True
CC1Cc2c[nH]cc2N1,1.4391000270843506,train,9579,True
CC1=CCCOCC1,1.1051000356674194,train,9580,True
Cc1cc(C)c(=O)on1,5.339099884033203,train,9581,True
N#Cc1[nH]ccc1O,3.7723000049591056,train,9582,True
CN1CC2OCC21C#N,2.381999969482422,train,-1,False
C#CC(C)n1cnnc1,6.0157999992370605,train,9583,True
COc1ncncn1,1.8690999746322632,train,9584,True
C#CC#CC12CCN1C2,1.8566999435424805,train,9585,True
CC1C2CC1(C)CC2O,1.2688000202178955,train,9586,True
C#CC1N=CN(C)C1=O,2.999599933624268,test,-1,False
CCC1(NC=O)CC1,3.41510009765625,train,9587,True
CC12OC(=O)C1C2CO,3.807800054550171,train,9588,True
CC1CC2C3CC3C2O1,1.35099995136261,train,9589,True
CC1CN1c1conn1,3.561000108718872,train,9590,True
C#Cc1ncc(F)nn1,2.2809998989105225,train,9591,True
CCCc1ncnnn1,3.2304000854492188,train,9592,True
CC(C)C(=O)CCO,1.1385999917984009,train,9593,True
CC12C(=O)NC13CN2C3,3.2149999141693115,train,-1,False
CC12CC(NC=N1)C2=O,4.078400135040283,train,9594,True
CC1CC2NC1C2=O,3.458400011062622,test,9595,True
CC12OC3C1C=CCC32,1.9601000547409055,test,-1,False
O=COC1COC1,2.76200008392334,train,9596,True
Nc1cc(N2CC2)co1,0.838100016117096,train,9597,True
O=C1C=C2NCC2(O)C1,3.997499942779541,train,9598,True
Cc1c(N)nnoc1=N,4.005499839782715,valid,-1,False
CNC(=O)C(C)(O)C=O,4.66379976272583,train,9599,True
CC1=CC=CCNC1=O,3.507499933242798,train,9600,True
O=C1NC2COCC1C2,3.978100061416626,train,9601,True
CC1C(C)C12CCC2=O,3.054500102996826,train,9602,True
c1coc2cccc-2c1,2.0739998817443848,train,9603,True
N#CCc1c[nH]c(=O)o1,1.13100004196167,train,9604,True
NC1=CC(=O)NC1CO,5.508200168609619,train,9605,True
O=C1OC2CC3C1CC23,4.4552001953125,train,9606,True
N=C1CC(=O)C=CCO1,4.0177001953125,valid,-1,False
c1cc2cconc-2n1,4.5971999168396,train,-1,False
CC1=C(C(N)=O)COC1,1.6801999807357788,train,9607,True
CC1(C)CC2C(C=O)N21,3.473900079727173,train,-1,False
C#CC(O)C1(C)CN1,2.8208000659942627,test,9608,True
CCc1nonc1C#N,3.080199956893921,train,9609,True
C1=CC2OC3C(C1)C3O2,1.5973000526428225,valid,9610,True
CCC1=CC(=O)CC1=O,2.2483999729156494,train,9611,True
CC#CC(=O)N(C)CC,3.718100070953369,train,9612,True
CCC1CC(N)(C#N)C1,2.9997000694274902,train,9613,True
N#CCOCCOC=O,6.229100227355957,test,9614,True
NC(=O)Oc1cn[nH]n1,2.740799903869629,train,9615,True
CCC(CO)OCC#N,4.0503997802734375,train,9616,True
COCC(=O)C#CC#N,4.236299991607666,valid,9617,True
CCOC1=NCC(=O)C1,2.652400016784668,train,9618,True
CCCCC(O)C(C)C,1.4322999715805054,train,9619,True
CCC1C2OC(=O)C12C,4.136099815368652,train,9620,True
COC(=O)C(O)C(C)C,2.488800048828125,train,9621,True
C#CC1(O)C2NC(=O)C21,3.3652000427246094,test,9622,True
CCCCOCCCC,0.8884000182151794,train,9623,True
CC1C(=O)CC1(C)O,3.024600028991699,train,9624,True
O=C1CC2CC(C1)O2,2.3717000484466557,valid,9625,True
CC(=O)CC(O)C#N,4.215000152587891,train,9626,True
C1OC2C3COC1CC32,1.458199977874756,train,9627,True
CC12NC1C1NC1C2=O,3.839400053024292,train,9628,True
COC(C=O)C1CN1C,2.3986001014709477,valid,-1,False
C#CC1(C#N)CNC1C,3.3287999629974365,valid,9629,True
CN(C)c1cnnn1C,5.206799983978272,train,9630,True
CNc1cc[nH]c1,1.3933000564575195,train,9631,True
O=C1CCC(CO)C1O,3.1782000064849854,test,9632,True
CC1C=CN(C=O)C1=O,3.468300104141236,train,9633,True
C1=CC2(C=CCC1)CO2,2.042399883270264,test,9634,True
O=C1CC2C3CC1C2O3,2.023099899291992,train,9635,True
O=Cc1ccn[nH]c1=O,5.024700164794922,valid,9636,True
C#CCC#CCOC=O,3.950500011444092,train,9637,True
NC=Nc1ncccn1,2.885999917984009,train,9638,True
CC(O)C1OC2(C)CC12,1.2589000463485718,train,9639,True
CC1CC2NC12C1CN1,1.8098000288009644,train,9640,True
Nc1ccc(=O)oc1F,4.838699817657471,valid,9641,True
OC12C=CC(CCC1)C2,1.5604000091552734,train,9642,True
C1=CC2(CN2)C2NC12,2.109999895095825,train,9643,True
OC1CC23CC(C2)C13,1.5612000226974487,train,9644,True
N=c1ccnc(CO)[nH]1,1.257099986076355,train,-1,False
CC1(O)C2OCC21CO,1.9844000339508057,train,9645,True
O=c1nnonn1,0.8069000244140625,train,9646,True
CCC1C=CC2(O)CC12,1.2618000507354736,train,9647,True
ON=C1C=CCC=CC1,1.164199948310852,train,9648,True
CC1C2N1C1CC2(O)C1,1.857900023460388,valid,-1,False
N=C1OCC2C3OC2C13,3.0773000717163086,train,-1,False
Cc1n[nH]c(CO)c1O,2.1110999584198,valid,9649,True
CC1N2CC3C1(C)C32C,1.6806999444961548,train,-1,False
COC1C=CC2C1N2C,1.936400055885315,valid,-1,False
OCC12CCC(CO1)C2,2.5234999656677246,train,9650,True
ON=C1CN2CC1(O)C2,1.3567999601364136,train,9651,True
NC(=O)C12CC1CO2,2.662400007247925,train,9652,True
COC(=O)C1CN=CO1,2.691400051116944,train,9653,True
CC1OCc2nn[nH]c21,3.840399980545044,train,9654,True
CN(C=O)C1CCCC1,4.055600166320801,train,9655,True
O=Cc1cnn(C=O)n1,1.8463000059127808,train,9656,True
NC(=[NH2+])c1ncoc1[O-],4.929399967193604,test,-1,False
C#CC1C=CC(C)C1,0.8817999958992004,train,9657,True
CC(=O)C1NC1C(C)=O,3.909600019454956,train,9658,True
CC#CC1(C#CC)CO1,2.1366000175476074,train,9659,True
O=C1C2C=CC1(O)CO2,1.7121000289916992,valid,9660,True
N=C1OCC(=O)N1C=O,3.869699954986572,train,9661,True
CNC1C(=O)OC1(C)C,3.459700107574463,train,9662,True
N=c1ccoc(O)c1N,3.701900005340576,train,-1,False
CN=C(N)c1c[nH]nn1,1.4974000453948977,train,9663,True
CC1CC=C2CCC21,0.3790000081062317,train,9664,True
COCC1(C#N)CCC1,4.650000095367432,train,9665,True
CC(=O)OCC#CCO,2.9772000312805176,train,9666,True
CC(C)C(=O)C(C)(C)O,2.5041000843048096,train,9667,True
CC(C)N=C1NCCO1,3.362499952316284,train,9668,True
C#CC(=O)N1C2CCC21,3.712300062179565,train,9669,True
CC1C2COC1OC2,2.492799997329712,train,9670,True
O=C1CCC2(CC2)O1,4.186200141906738,train,9671,True
COC12CC(O)(C1)C2=O,1.1742000579833984,train,9672,True
OC1COC2CCC=C12,1.7171000242233276,valid,9673,True
CCC1=C2CN3C(C1)C23,1.4536999464035034,valid,9674,True
CCC(O)C(C)(C)OC,1.687600016593933,train,9675,True
ON=C1C2CCCC1N2,0.1325999945402145,train,9676,True
CCN1CC(NC=O)C1,3.973599910736084,train,-1,False
N#CC1C2CC1C1CC21,4.376599788665772,train,9677,True
CC1CC(O)C(C)C1=O,2.033900022506714,test,9678,True
COC1C2CC3C2C31O,1.0843000411987305,train,9679,True
CC1OC1C(O)C1CC1,1.184499979019165,train,9680,True
NC(=O)n1ccnc1,3.041800022125244,train,9681,True
COCC(O)C(C)C=O,4.234799861907959,train,9682,True
C#CC1C2C(C)OC12C,1.743499994277954,train,9683,True
O=C1CN2CC2CC1O,2.0102999210357666,train,-1,False
C1CC2C3CN2C1CO3,0.1843000054359436,train,-1,False
C#CC1(C=O)C2CN1C2,3.47379994392395,train,-1,False
Cc1[nH]cnc1OC=N,4.874300003051758,valid,-1,False
CCC1C(=O)C2OC12C,3.1287999153137207,train,9684,True
CN1CC2(CC2)C1C#N,4.3302001953125,train,-1,False
O=C1C2CC1C(O)C2O,2.822499990463257,train,9685,True
O=C1NC2C3OC2C13O,3.157099962234497,train,-1,False
CCC#CCC(C)=O,2.2757999897003174,train,9686,True
C1=CC2C3C=CC2(C1)O3,1.9643000364303589,train,9687,True
NC1=[NH+]c2[n-]ncc2C1,12.52180004119873,train,-1,False
CC#CC1OCC1O,2.191400051116944,train,9688,True
CCC(C)C#CC1CO1,2.0553998947143555,train,9689,True
C#CC1C(=O)NC12CC2,3.7643001079559326,test,9690,True
CC12CC1(C#N)CO2,2.9946000576019287,train,9691,True
CC1(O)COC1=N,1.4261000156402588,train,9692,True
OCC1C(O)C2CC12,2.2051000595092773,train,9693,True
CCN1C2CC1C2C#N,3.324199914932251,test,9694,True
C1=NCC2=CCOC2O1,2.2780001163482666,test,9695,True
O=C1OC2CC3(O)C1C23,3.711999893188477,train,9696,True
NC(=O)C1CC2OCC21,4.934800148010254,train,9697,True
N#CC1C2COCC12N,5.199900150299072,test,9698,True
C1C2OC1C21COC1,1.871000051498413,test,-1,False
Cc1c[nH]nc1NC=O,3.248600006103516,train,9699,True
N#CCC1NC1C(N)=O,7.583300113677978,train,9700,True
CCn1cc(N)c(O)c1,3.165299892425537,train,9701,True
O=C1CC2CN3CC3C12,2.070499897003174,valid,-1,False
C#CCC1=NCC(=O)O1,1.7676000595092771,train,9702,True
O=CCC12CC(O)C1O2,1.9301999807357788,train,9703,True
CC1CN2CC1(O)C2,0.9172000288963318,train,-1,False
CC1(C2CO2)CN=CO1,3.1261000633239746,test,-1,False
CC(C)(O)C1(O)CC1O,1.5425000190734863,train,9704,True
CN1CC(C(=O)C#N)C1,3.3422000408172607,train,9705,True
CC12C3=CCC1C2(O)C3,1.537600040435791,train,-1,False
O=C1CC2(O)C3NC3C12,4.7006001472473145,test,9706,True
C#CC1OC1(C#C)CC,1.6683000326156616,train,9707,True
CNC(=O)OCC(C)O,4.101399898529053,train,9708,True
CC1C=CCCC1=O,2.6596999168396,train,9709,True
CCC1(NC)COC1=O,3.2414000034332275,test,9710,True
N#CC1C2C=CC1(O)C2,3.108799934387207,train,9711,True
CCc1nc[nH]c1CC,3.4784998893737797,train,9712,True
CC12COCOC(C1)C2,1.9908000230789185,train,9713,True
C#CC(O)C(=O)CC#N,4.046599864959717,train,9714,True
CCNc1n[nH]nc1N,1.1972999572753906,train,9715,True
O=c1cc(O)[nH]cn1,6.992000102996826,train,9716,True
CC(C)C1OC2(C)CC12,1.4681999683380127,valid,9717,True
c1n[nH]c2c1C1NC1C2,3.196799993515014,train,9718,True
CC1(C)C2CN(C=O)C21,4.191500186920166,test,9719,True
O=C1CC2CC3C(O1)C23,4.538599967956543,train,9720,True
CC12CC1OC(C#N)=N2,5.020999908447266,train,-1,False
CC1C2C(C)N1C2C#N,4.614699840545654,train,-1,False
c1n[nH]cc1CN1CC1,2.349100112915039,train,-1,False
CC12OCC1C1CCC12,1.5700000524520874,train,9721,True
CC1=NC2CC(C)C2O1,1.2990000247955322,train,-1,False
COC1C2CC1C21CO1,2.224800109863281,train,9722,True
Cc1nc(O)cc(=O)[nH]1,4.632699966430664,train,9723,True
Nc1cccc(=O)cc1,6.305200099945068,train,9724,True
CC(=O)C(=O)CN1CC1,1.3671000003814695,train,9725,True
CCN1CC(O)C1C#N,4.538000106811523,valid,9726,True
CC#CC1CN1,1.9282000064849851,train,9727,True
CC1CCc2[nH]nnc21,4.521299839019775,train,9728,True
N=c1ncc(=N)onn1,1.2299000024795532,train,-1,False
CC1C(O)C1C1CC1,1.38510000705719,train,9729,True
CC(O)C1=CC2CC1O2,0.501800000667572,train,9730,True
C#CC1(C(C)C#N)CN1,2.853300094604492,train,9731,True
CC(C)CC#CCC=O,2.8775999546051025,train,9732,True
CC1(C)CC2(O)CC1C2,1.3157999515533447,train,9733,True
CC(O)C1OCC1C,1.096400022506714,train,9734,True
CC1CC2(C=O)C(C)C12,3.326299905776977,valid,9735,True
O=C1NCC2C3CC2C13,3.964799880981445,train,9736,True
COCC#N,4.54449987411499,train,9737,True
OCC12CC3CN1C32,2.3554000854492188,test,-1,False
CNC1C(=O)OC1CO,3.456199884414673,train,9738,True
C1N2C3C4C2C12CN4C32,1.229699969291687,valid,-1,False
CC12C=CC3C(O)C1N32,1.4710999727249146,train,-1,False
CC12NC1C(O)C1NC12,3.4449000358581543,test,9739,True
C#CC12CC(CC1=O)N2,3.552000045776367,valid,9740,True
N#CCNC1C2CCC21,2.855799913406372,train,9741,True
C#CC1C2C3C(=O)N1C32,4.119200229644775,train,9742,True
O=C1CC23COC2C1C3,3.703299999237061,train,9743,True
N#Cc1cnc(O)nn1,4.986499786376953,train,9744,True
OC1CC12C(O)C1OC12,2.541699886322021,valid,9745,True
COC1CC2CC(C2)C1,1.0573999881744385,train,9746,True
C#CC1CC1C(C)CO,1.3668999671936035,train,9747,True
NC1=NCCCC1=O,1.0807000398635864,valid,9748,True
C#CCC(C)C(C)(C)O,1.850299954414368,test,9749,True
C1=NC2C3CCC2(C3)O1,1.7100000381469729,train,-1,False
CCCOC1(C#N)CC1,3.646399974822998,test,9750,True
CC(O)C1(C=O)CN1C,2.933000087738037,train,9751,True
CCC12OC3C1C(O)C32,2.286900043487549,train,-1,False
CC1NCC1(O)C#N,2.5459001064300537,train,9752,True
OCC#Cc1ccoc1,1.5570000410079956,train,9753,True
CCC(C)NC(=N)C#N,3.254300117492676,train,9754,True
C#CC(O)C(C#C)CC,1.6836999654769895,train,9755,True
CNc1[nH]cc(C)c1O,0.7865999937057495,valid,9756,True
CC12CCC1(C(N)=O)C2,3.1566998958587646,test,9757,True
C#CC12CC1CC21CO1,2.017899990081787,train,9758,True
CNC(C#N)CCOC,5.423200130462647,train,9759,True
CC1C2CCC12,0.1799000054597854,train,9760,True
CC1(C)CCNC(=O)N1,4.264999866485596,valid,9761,True
O=C1OCC12CO2,3.922600030899048,train,9762,True
CC12C=CCOC1C2O,2.1349000930786133,train,9763,True
C1C2OCC34CC(C13)C24,1.5529999732971191,train,9764,True
C1=CC23OC4C2NC43C1,1.9651999473571775,valid,-1,False
COC1C2N=CN3C2C13,1.3305000066757202,train,-1,False
N=C1CCC(=NO)CO1,2.559999942779541,train,9765,True
COCc1cnncn1,4.201300144195557,test,9766,True
CC1(O)C2C3CC2C31,1.361899971961975,train,9767,True
C#CC1(C(C)(C)C)CO1,1.6102999448776243,train,9768,True
NC1=CC(=NO)C2NC12,3.2507998943328857,train,9769,True
C#CCNC1CC1C#N,3.933500051498413,train,9770,True
CC1C(=O)CC1(C)CO,3.686800003051758,train,9771,True
CC1C2COC(=O)OC12,5.386099815368652,train,9772,True
CN=c1nc(F)cco1,4.578199863433838,train,-1,False
CC1N(C)CC1(O)C=O,2.259500026702881,train,-1,False
C#CC1OC2CC1C2C,1.9062999486923216,train,9773,True
NC(=O)C#CC1COC1,3.757299900054932,train,9774,True
C#Cc1noc(CO)n1,1.000300049781799,train,9775,True
N=C1C=CC2(CC2)O1,4.170100212097168,train,9776,True
CCC#CC1CC1,0.1880999952554702,test,9777,True
C#CC1N2CC3C2C31O,2.2095000743865967,train,-1,False
N#CC#CC1CC2CN12,4.987400054931641,train,-1,False
O=c1ncccoc1=O,5.503600120544434,train,9778,True
CC1OC(=O)OC1C,5.354899883270264,train,9779,True
COC(C)(C)C1CC1O,1.5449999570846558,train,9780,True
Cc1ncc(N)nc1O,2.734100103378296,train,9781,True
CC1C2C(=O)C1C2(C)C,3.055500030517578,valid,9782,True
C#CCC(C)CC#N,3.603300094604492,train,9783,True
CC#CC1=NCC(=N)N1,4.688499927520752,train,9784,True
CC1NCc2nocc21,2.9230000972747803,train,9785,True
C#CC1C2OC(CO)C12,2.399199962615967,train,9786,True
N#CC1(CN)CO1,4.856800079345703,train,9787,True
O=CC12CC1CCCO2,4.252200126647949,train,9788,True
NC(=O)C1NCC1O,2.661099910736084,train,9789,True
CCC1(O)CC2NC21,0.656000018119812,train,9790,True
CCC12C(C)OC1C2C,1.6830999851226809,train,9791,True
C1=CC23OCC2C2C1C23,1.7553999423980713,train,9792,True
CC1CC1(C)C1(C)CO1,1.820199966430664,train,9793,True
CC1CC1N1CCC1=O,3.442500114440918,valid,9794,True
NC(=O)C1C2CCOC21,3.569999933242798,valid,9795,True
O=C1NC(C2CC2)C1O,2.961400032043457,train,9796,True
N=C1C=C2C=CCC2O1,4.087800025939941,valid,-1,False
C#CC12CC(C1)C2OC,1.5456000566482544,valid,9797,True
ON=C1CC2CCOC12,1.8423000574111936,train,9798,True
CCN1C(C)C1CO,2.65310001373291,train,-1,False
N=C1OCc2occc21,2.8352999687194824,train,-1,False
CC1OC1(C)CC#N,5.012400150299072,train,9799,True
CC1(CO)COC1CO,2.7072999477386475,train,9800,True
CNC1CC(=O)C1C#N,4.447500228881836,train,9801,True
CN=CNc1cnno1,5.996300220489502,train,9802,True
C1CC1Cc1nn[nH]n1,1.9976999759674072,test,9803,True
CC12CC3C(=O)C1N32,3.309900045394897,train,-1,False
COC1C=CC2(C)CC12,0.9426000118255616,train,9804,True
C1CC1C1C2CCC21,0.2193000018596649,train,9805,True
OC1CC(O)C1C1CN1,0.9437000155448914,train,9806,True
CC1CC1(C)N(C)C=O,3.9223999977111816,test,9807,True
Cc1oc(O)nc1CO,0.8654999732971191,train,9808,True
CC1CCNC(=O)N1,4.2368998527526855,train,9809,True
C1=CC23CC1C2N=CO3,1.440600037574768,train,-1,False
C#CCC1NC1CC=O,2.5882999897003174,train,9810,True
C1C2CC3(CC4OC43)N12,0.966099977493286,valid,-1,False
C#CC12C=CCC(C1)C2,0.942200005054474,train,9811,True
CC1(C)CC1(C)C(N)=O,3.1760001182556152,train,9812,True
CCN1CC1CC(C)=O,3.447999954223633,train,-1,False
CN(C)C(=N)C(F)(F)F,2.0713999271392822,train,9813,True
CC1CCCOC12CC2,1.1993000507354736,train,9814,True
CNC(=O)C1OCC1C,2.6340999603271484,train,9815,True
OC12CCC1OCOC2,2.6426000595092773,train,9816,True
CC12CC1C1C(O)C12O,0.7113000154495239,valid,9817,True
OC12C3OC1C3C21CC1,0.730400025844574,train,-1,False
c1[nH]cc2c1OCCO2,0.7391999959945679,test,9818,True
C1=C2COC3CC(C1)C23,1.40910005569458,train,9819,True
N#CC1OC2C(C#N)C12,7.313700199127197,train,9820,True
CCC1CC1(O)C#N,3.7934999465942383,train,9821,True
COCC(C)(C)OC,0.1254000067710876,train,9822,True
O=C1OCC2CC(O)C12,4.38700008392334,test,9823,True
N#CC12OCC3CC1C32,5.243199825286865,valid,9824,True
C(#CC1CO1)C1CO1,0.6761000156402588,train,9825,True
CC1CCC(O)C1C=O,4.181399822235107,train,9826,True
C#CC(C)C#C,0.6021999716758728,train,9827,True
C#CCC1=NCC(C)O1,1.635200023651123,train,9828,True
N#CC1COC(=N)C1N,4.320099830627441,train,9829,True
CCOC1C2C3NC3C12,2.2263998985290527,valid,9830,True
CC12C3C4C3C1(C)C42C,0.303299993276596,train,9831,True
CC12CC(C1)C2C1CO1,1.5988999605178833,train,9832,True
CCC#CC1CC1O,1.7128000259399414,train,9833,True
Cc1cc[nH]c1NC=O,2.3861000537872314,train,9834,True
CCC1(O)C2CC1C2,1.3499000072479248,train,9835,True
N#CC1NC12COC2,4.320700168609619,train,9836,True
Cc1ccc(N2CC2)[nH]1,1.6612999439239502,train,9837,True
C1=Nc2onnc2CO1,4.263000011444092,train,9838,True
OCC1Cc2nccn21,2.33870005607605,train,9839,True
CC12CN=COCC1N2,1.989199995994568,valid,9840,True
Cc1nccc(=N)cn1,1.4431999921798706,train,-1,False
NC(=O)C#CCCC=O,3.830199956893921,train,9841,True
C1CC1C12C3CC1N2C3,1.6216000318527222,train,-1,False
CC(=O)C(C#N)OC=N,1.9717999696731567,valid,9842,True
C#CCC1COCOC1,1.6297999620437622,train,9843,True
C#CC(=N)N(C=O)CC,1.2877999544143677,train,9844,True
CCC1C2OC3(CC3)C12,1.4645999670028689,train,9845,True
CC1(CCO)CN1C=O,4.073200225830078,train,9846,True
C#CC1C2CN1C2C#N,4.263599872589111,train,-1,False
CC1=C(C)C2C=CC1C2,0.3016000092029571,train,9847,True
C#CC1C(O)CN1CC,1.562199950218201,train,9848,True
COC1(C)CC1(C)C,1.0051000118255615,train,9849,True
NCc1nnoc1N,5.149799823760986,train,9850,True
CCCC1C2CCC12,0.2125999927520752,train,9851,True
Cc1noc(CC=O)n1,2.173500061035156,train,9852,True
CC1(CC#N)OC1C#N,3.2718000411987305,valid,9853,True
CCN(C)c1ncco1,1.812600016593933,train,9854,True
CC1COCC12OC2C,1.70770001411438,test,9855,True
N#CC1C(O)CC2NC21,6.189799785614014,train,9856,True
CC1NC1C1C(O)C1O,2.0559000968933105,train,9857,True
COC1C2COCC1C2,1.3472000360488892,train,9858,True
Cc1cc(F)oc(=O)c1,4.674699783325195,train,9859,True
CC(=O)CC(C)C(N)=O,1.1527999639511108,valid,9860,True
N=c1[nH]ccccc1=O,6.203199863433838,test,-1,False
CN=C1NC(C#N)CO1,3.3239998817443848,train,9861,True
Cc1cc(N)cnc1O,2.2172999382019043,test,9862,True
CC(O)C(C)(C=O)CO,3.771100044250488,train,9863,True
CC1=CCOC=NC1,2.15120005607605,train,9864,True
O=C1Cc2cccn2C1,1.0981999635696411,train,9865,True
O=CC1=CCC2NC2C1,4.174499988555908,train,9866,True
CC1C2CC3CC1C3O2,1.3398000001907349,train,9867,True
C#CCc1n[nH]c(=O)[nH]1,3.021199941635132,train,9868,True
C#CC1=CCC(C#N)C1,3.755300045013428,train,9869,True
N#CC1C2NCC3C2N13,5.228499889373779,train,-1,False
N#CCC#CC=O,1.767899990081787,train,9870,True
CC1OC2CCCC12,1.6033999919891355,train,9871,True
O=CC1NC=NC1CO,2.310100078582764,train,9872,True
CC1C2CC2C1C1CC1,0.2018000036478042,train,9873,True
CC1CCC(C#N)O1,4.3277997970581055,train,9874,True
NC(=O)N1CCC1=O,1.635699987411499,train,9875,True
Cn1nccc(O)c1=N,3.550600051879883,train,-1,False
COc1ccn(C)c1,1.572700023651123,train,9876,True
C#CC1OCC(O)C1C,1.926800012588501,train,9877,True
N#CCC12CCCN1C2,3.6171000003814697,valid,-1,False
C1CC2CC(C2)O1,1.4179999828338623,train,9878,True
O=CC1OC1CCO,1.3703999519348145,train,9879,True
CC1=C(C)C2OCC1O2,2.0992000102996826,train,9880,True
C#CC1=CNC(=O)OC1,3.617500066757202,train,9881,True
NC(=O)Cc1ccn[nH]1,5.755300045013428,train,9882,True
CC1CCC1(C)C#N,4.13640022277832,train,9883,True
O=C1CC2NC2C1=O,5.520699977874756,train,9884,True
C#CC1(C(=N)N)OC1C,2.0555999279022217,train,9885,True
N#CC1=CCCCOC1,5.093200206756592,train,9886,True
CC1C(C#N)C1N(C)C,4.405799865722656,valid,9887,True
C#CC#CCOC(C)=N,1.5707999467849731,train,9888,True
C1=CC2COC1CO2,1.1684000492095947,test,9889,True
Cc1cnn(CC=O)n1,2.5553998947143555,train,9890,True
CC1CC(C(C)(C)O)O1,1.0117000341415403,test,9891,True
O=CC1CC1(O)CCO,2.930299997329712,train,9892,True
CC1(C#N)C2C3CC3N21,5.20550012588501,valid,-1,False
N#CC1(O)CC=CC1=O,4.798600196838379,train,9893,True
CC(C)C(C)(C)C1CC1,0.0966000035405159,valid,9894,True
CC1N=C2OC3(C)C2C13,3.762900114059448,train,-1,False
Cc1nc(OC=N)co1,3.485599994659424,train,-1,False
CCC1N2CCC12CO,2.009700059890747,train,-1,False
N#CC(O)C1(C=O)CC1,5.378300189971924,train,9895,True
CC(C#N)(C=O)CCO,2.946199893951416,train,9896,True
C#Cc1c[nH]c(O)n1,2.8213000297546387,train,9897,True
N=c1[nH]c(=O)occ1F,2.530800104141236,train,-1,False
CC(=O)c1ccn(C)c1,4.344900131225586,train,9898,True
CC1(CO)OC1CC=O,1.7344000339508057,train,9899,True
CC1NC1C1(C#N)CO1,3.765899896621704,train,9900,True
O=C1C2CC3CC1C3C2,3.109299898147583,train,9901,True
CC1=C(N)CCOC1=O,6.412300109863281,train,9902,True
C1=CC2CC(C1)OCO2,2.0471999645233154,train,9903,True
CC(=O)C1C(O)C1C=O,4.392399787902832,train,9904,True
COCC1=CCCC1=O,2.4100000858306885,train,9905,True
OC1(C2C=CCC2)CC1,1.1627999544143677,train,9906,True
CC1OC1COC=N,4.264500141143799,train,-1,False
C#CC1(CCC)CC1C,0.8184999823570251,train,9907,True
CCC1=CC(OC)CC1,1.1777000427246094,train,9908,True
OC1C(O)C2C(O)C12,0.7990999817848206,train,9909,True
O=CC1OCC1(O)CO,2.549999952316284,valid,9910,True
CC12NC1C(=O)OC2=N,3.713900089263916,train,-1,False
C#CC1(C)CN1,1.9146000146865845,train,9911,True
C#CCCOC=O,3.4488000869750977,train,9912,True
CCC1(C)OC(=N)C1O,1.7510000467300415,train,-1,False
C#CC1C2C3CC1(C)N32,1.2206000089645386,train,-1,False
CNc1[nH]c(O)nc1N,1.5666999816894531,train,9913,True
OCC1C2CC3CN3C12,1.8372000455856323,train,-1,False
C#CC(O)C1NC1C#N,5.732500076293945,train,9914,True
COC1C2OC(=N)C12O,1.700600028038025,train,-1,False
N#CC1CC1OC(N)=O,2.907099962234497,train,9915,True
C1=CC=CC=CC=C1,0.0,test,9916,True
CC1(O)CNC12COC2,1.3346999883651731,train,9917,True
CC1(O)C2C(O)CC21O,1.430500030517578,train,9918,True
CC1=CC2C=CC(C1)C2,0.336899995803833,train,9919,True
CC1C2C(C#N)N=CN12,5.232500076293945,train,-1,False
CC(O)C1CN1CC=O,4.065700054168701,train,9920,True
C#CCC(CC)C(C)=O,2.228199958801269,test,9921,True
O=CC1CCOC(=O)C1,2.5713000297546387,train,9922,True
Cn1nnc2oncc21,5.469600200653076,train,9923,True
CC(C#N)CCOC=O,4.585100173950195,train,9924,True
CC1C2COC1(C)CO2,1.4601000547409058,test,9925,True
C1=CC23CCC24OC3C14,1.6792999505996704,valid,-1,False
CCOCC(=O)C(=N)N,2.033499956130981,train,9926,True
COC(=O)c1c[nH]cn1,3.5473999977111816,valid,9927,True
CC1(C)OC1(C)C,1.7675000429153442,train,9928,True
CC(C#N)N=COC=O,3.2262001037597656,train,9929,True
CC(C)C(=O)C(=O)C#N,4.122300148010254,valid,9930,True
CN1CCC1C#N,4.38129997253418,test,-1,False
O=C1CCC2C3CC3N12,3.8036000728607178,train,9931,True
O=C1C2CC3C2CC13O,2.559799909591675,train,9932,True
OCCOC1CCC1,2.1709001064300537,train,9933,True
COC1CC2CN2C1C,2.250600099563598,train,-1,False
CC12C(O)C3C1CC32O,2.2950000762939453,train,9934,True
CCc1c(C)nnn1C,4.655399799346924,test,9935,True
CC1(C#N)CC1C(N)=O,3.293800115585327,train,9936,True
CC1=CCCC(C)=CC1,0.0419999994337558,train,9937,True
CCC(O)C1C2CCN21,1.5605000257492063,train,-1,False
CC1CC2(C)CCC=C12,0.3916999995708465,train,9938,True
COC(=O)C#CC1CN1,1.528499960899353,train,9939,True
CCC(=O)OCC1CO1,1.549299955368042,train,9940,True
CC#CCC1CCCO1,1.444499969482422,test,9941,True
C#CCC(O)(C=O)CC,1.5746999979019165,train,9942,True
CC1C(=O)C2CCCC12,2.7112998962402344,train,9943,True
C#CC1OC(C)C1=NO,1.3605999946594238,test,9944,True
CC(C)C1NCC1=NO,1.0319000482559204,valid,9945,True
CC1C(C)C1(C)CCO,1.3737000226974487,train,9946,True
OCCC1CCC1,1.3776999711990356,train,9947,True
COC(=O)C1OC1C,2.746299982070923,train,9948,True
Nc1cnc2onnn12,3.166800022125244,train,9949,True
CN=c1nn[nH]c(N)n1,5.23829984664917,train,-1,False
CC1C=CC2CC1(C)C2,0.2079000025987625,train,9950,True
O=CN1C2C3NC3C21,5.156199932098389,train,9951,True
CCCC(O)(C#N)CO,2.68149995803833,train,9952,True
CCCC(CC)C(C)C,0.0794000029563903,train,9953,True
OCCc1ncccn1,2.65339994430542,train,9954,True
N#CC1C=CCC=CC1,4.116799831390381,train,9955,True
C#CC1C2C(=O)NC12C,3.7804999351501465,train,9956,True
O=C1CC(O)C12CCO2,3.282399892807007,train,9957,True
N#CC1CC2OC2CN1,4.434700012207031,train,9958,True
N#CC12C=CC(C=C1)C2,4.402900218963623,test,9959,True
CC1COC(C(C)O)C1,1.9408999681472776,train,9960,True
CN=C(C1CO1)N1CC1,0.8141999840736389,train,9961,True
O=C1CCC2OCOC12,2.5989999771118164,train,9962,True
CCC1CC1(O)C(C)O,2.174799919128418,train,9963,True
O=C1OC2C(=O)CCC12,3.387700080871582,train,9964,True
N#CC(N)C(O)C#N,2.657000064849853,train,9965,True
CC1OC(=O)C1(N)C#N,4.200200080871582,train,9966,True
CC1CNc2nc[nH]c21,3.526000022888184,train,9967,True
N#CC(N)c1cn[nH]c1,5.739699840545654,train,9968,True
C1=CC2C3OC2C3OC1,2.062099933624268,test,-1,False
OC1CC2CCC1CO2,1.3025000095367432,train,9969,True
C#CCCCC(C)C,0.8291000127792358,train,9970,True
N#CC(O)C(O)C#N,1.2003999948501587,train,9971,True
N#Cc1ccnc(N)c1,3.77810001373291,valid,9972,True
CC1=CCC(O)CCC1,1.2591999769210815,test,9973,True
N=c1nn[nH]c(F)c1N,3.87280011177063,valid,-1,False
CC1C(=O)OC1CCO,2.9412999153137207,train,9974,True
CC(CC#N)C1CC1O,5.480999946594238,train,9975,True
CC1OC12C1CC2C1,1.73580002784729,train,9976,True
O=CNC1C=CC(O)C1,4.4593000411987305,train,9977,True
C#CC#CC(CO)OC,1.8394999504089355,train,9978,True
CC12CN3C1C1C2C13C,1.591099977493286,train,-1,False
C#Cc1[nH]nnc1N,3.5467000007629395,train,9979,True
C#CCCC(O)CC#C,1.309999942779541,train,9980,True
COCC(=O)C1(C)CC1,3.5655999183654785,train,9981,True
OCCC12CC3CC1C32,1.0981999635696411,train,9982,True
C#CC1(C)OC1C(C)=O,3.3529999256134038,train,9983,True
CCOC(=N)C(=O)OC,1.3278000354766846,train,9984,True
C#CC12OC1COC2=O,4.264100074768066,test,9985,True
N=c1cc(F)oc(F)c1,1.7019000053405762,train,-1,False
C1OC2CC12,1.7166999578475952,train,9986,True
O=CC1C(O)C12CCC2,2.9751999378204346,train,9987,True
O=C1C=C2CCOC2C1,3.9677000045776367,train,9988,True
O=C1C2CN3C1CC23,2.147900104522705,train,-1,False
CC1(C)OCCOC1=O,3.287600040435791,train,9989,True
CC(C=O)N=C(N)CO,1.8747999668121336,test,9990,True
CC1COC(=O)C(=O)C1,5.96560001373291,train,9991,True
CC1OCC2NC2C1=O,3.098700046539306,train,9992,True
O=C1CNc2ccoc21,4.977700233459473,train,9993,True
N#CCOC1CC=CC1,3.210700035095215,train,9994,True
CC1(C)CCC12CCC2,0.0557000003755092,train,9995,True
C#CC1C(C)OC1(C)C,1.094499945640564,valid,9996,True
N#Cc1cccc(N)c1,5.605000019073486,train,9997,True
CC#CC#CCCCO,1.23989999294281,train,9998,True
CCC1C(=N)OC12CC2,2.504699945449829,train,-1,False
Cc1ncc(C)c(=O)[nH]1,2.405100107192993,train,9999,True
NC12C(=O)OC3C1OC32,2.5462000370025635,train,10000,True
O=C1CC2(O)C(O)CC12,2.1087000370025635,train,10001,True
CCc1ncnn1C=O,3.7190001010894775,valid,10002,True
N#CC1CC2(CC2O)O1,4.59499979019165,train,10003,True
C1=CC2CC23OCCC13,1.1763999462127686,train,10004,True
CC1=C2CN3C2C3(C)C1,1.4098999500274658,train,-1,False
CCCC1(C)OC1C=O,3.2202999591827397,train,10005,True
CC1C2OCC(CO)C12,2.433900117874145,train,10006,True
CCC#CC(C)C=O,2.8329999446868896,train,10007,True
CCCC1OCC12CO2,1.684499979019165,train,10008,True
CCC#CC#CC(N)=O,4.320700168609619,train,10009,True
COC1(C#N)CC(C)C1,3.4735000133514404,train,10010,True
Cn1cc(N)c(O)c1N,1.8314000368118288,train,10011,True
N=c1[nH]c(=O)c(N)no1,2.109600067138672,train,-1,False
Cn1ccnc(O)c1=N,2.079900026321411,test,-1,False
CC#CCC(CO)OC,2.4800000190734863,train,10012,True
CN1Cc2conc2C1,3.355799913406372,train,10013,True
C#Cc1ccn(C)n1,2.934600114822388,train,10014,True
CC1=CC2(CC1)CC2O,1.7117999792099,train,10015,True
CC(O)CC1CCCO1,2.047300100326538,valid,10016,True
O=C1CC2CC2OC1=O,5.491899967193604,train,10017,True
CC12CN3C4C3C1(O)C42,1.5403000116348269,train,-1,False
COCCC(C)=O,1.5781999826431274,train,10018,True
CC1=CC(C)C(O)C1=O,2.9393999576568604,train,10019,True
Cc1cnc(N)cn1,1.573799967765808,train,10020,True
CC1C=CCOC(=O)C1,4.1996002197265625,train,10021,True
N#CC1(C#N)CNC=N1,6.877999782562256,valid,10022,True
O=CC12CC3(O)CC1C32,3.425299882888794,train,10023,True
O=CC1CCCC12CO2,3.2848000526428223,train,10024,True
CC1(O)C(C#N)C1C#N,5.811200141906738,train,10025,True
Oc1cc2ccoc2[nH]1,1.4012999534606934,train,10026,True
CCCC1OCC(=N)O1,2.21370005607605,train,-1,False
O=C1CC2COC(=O)C12,5.517600059509277,train,10027,True
COCC(=O)CC=O,4.493199825286865,train,10028,True
CN1CCN=C(N)C1=O,2.0190999507904053,train,10029,True
N#CC1C2OCCOC12,4.368599891662598,train,10030,True
CC1(O)C(=O)C2C(O)C21,2.289499998092652,train,10031,True
CC1=CCNC(=O)C1C,3.52020001411438,train,10032,True
N#CC1CC2(O)CC12N,3.974100112915039,test,10033,True
C1OC23CCC2(CC3)O1,1.1176999807357788,valid,10034,True
C1=CC2(CC1)CC2,0.1560000032186508,train,10035,True
O=CC12CCN1CC2=O,3.346400022506714,test,-1,False
Cc1[nH]cnc1C1CO1,3.439199924468994,test,10036,True
CC1OCC(C2CO2)O1,1.538100004196167,train,10037,True
N#CCc1cocc1N,2.263200044631958,valid,10038,True
CN(C)c1cnco1,3.0272998809814453,valid,10039,True
CN1CC12C=CC1OC12,2.598599910736084,train,-1,False
Cc1nn(C)c(C)c1C,2.233999967575073,train,10040,True
CC(C)C(C=O)C1CO1,2.701299905776977,train,10041,True
CC1NC(=N)C(=O)C1C,4.308899879455566,train,10042,True
NC(=O)C(CO)OC=O,3.80489993095398,train,10043,True
CC1COCC(C#N)O1,3.7699999809265137,valid,10044,True
C1CC2C3COC1CC23,1.4083000421524048,train,10045,True
CN=CN(C)C(C)=O,2.8289999961853027,train,10046,True
CC(O)C12CCCN1C2,2.1786999702453613,train,-1,False
OCC#CC(O)C1CN1,0.9160000085830688,train,10047,True
OCC1(CO)OC2CC21,1.767699956893921,valid,10048,True
CC1C(NC=O)C2CN12,3.409600019454956,train,-1,False
C#CC1(C(C)(C)O)CC1,1.7197999954223633,train,10049,True
OC12CCN3C1CCC32,1.9119000434875488,valid,-1,False
C#CC#CC#CCO,2.096299886703491,train,10050,True
OC1C=CC2NC1C2O,3.3036000728607178,train,10051,True
C#CC(=O)N(C)C(C)=N,1.2615000009536743,valid,10052,True
O=CCN=c1occo1,5.479899883270264,train,10053,True
COCC(C)(C)CO,2.2681000232696533,valid,10054,True
CC1(C)CC(O)C12CO2,2.57699990272522,train,10055,True
CC(=O)C1OC1C1CN1,3.9335999488830566,train,10056,True
CC1C(C)C12COC=N2,1.5509999990463257,train,10057,True
CC12C(O)C3(O)C1NC23,1.1957000494003296,train,10058,True
CC1C(=O)NC(=O)N1C,2.539999961853028,train,10059,True
Cc1c[nH]cc1N,1.711400032043457,train,10060,True
COC1C2C3N2CC13O,2.127500057220459,train,10061,True
CCC1OCCC(=N)O1,2.122499942779541,train,-1,False
CCC1CCC1(O)CO,2.216200113296509,train,10062,True
CC12CC3C1C1CC1C32,0.0447999984025955,valid,10063,True
CC1(CCO)C=CCC1,1.2067999839782717,test,10064,True
CC1N(C)CC12CCO2,2.3324999809265137,train,-1,False
C1=C(C2CO2)C2CC2C1,1.7533999681472778,train,10065,True
CCC1OC2CC1C2,1.5022000074386597,train,10066,True
N#Cc1nnoc1C=O,0.7936000227928162,valid,10067,True
N=C1CC2CC2(O)CO1,3.003000020980835,train,-1,False
CC1CC=CCCC1O,1.3837000131607056,train,10068,True
CC1C=CCOC2CC12,1.0889999866485596,train,10069,True
C#CC(=O)N1CCC1C,3.933000087738037,train,10070,True
CC12C=CC3(COC13)O2,0.6111999750137329,train,10071,True
C1C2OC3C1C2C1NC13,1.0724999904632568,valid,10072,True
O=CC1=CC(O)CCC1,2.9742000102996826,train,10073,True
CCC1OC2(C#N)CC12,4.8267998695373535,train,10074,True
OCC1(O)CCC2NC21,1.6153000593185425,train,10075,True
C1=CC23OC4C2N(C1)C43,1.5789999961853027,train,-1,False
CCCOCC1CC1C,0.8424999713897705,valid,10076,True
C#CCC12CC1CC2C,0.6406999826431274,train,10077,True
CC1(C=O)CC1OC=N,1.5591000318527222,train,-1,False
CC1[NH2+]C2CC12C(=O)[O-],13.054499626159668,valid,10078,True
C1=C2C(CC3CC23)OC1,1.6367000341415403,train,10079,True
CC1C2CC1C2C1CC1,0.1967999935150146,train,10080,True
CC12CC1(CO)OC=N2,0.4517000019550323,train,10081,True
COC1(CO)C2CC1N2,2.0127999782562256,valid,10082,True
Cc1cc(C)n2c1CC2,1.8531999588012693,train,10083,True
N#CC1CC1C(N)=O,6.344200134277344,train,10084,True
Cc1c[nH]c(C(C)C)n1,3.0288000106811523,valid,10085,True
COC(C)CC(C)C#N,5.155799865722656,train,10086,True
CNc1cnc(O)n1C,2.158499956130981,train,10087,True
N#CC12C=CCC1C2O,4.508900165557861,train,10088,True
CC12C=CC3(O)CC1C32,1.1291999816894531,train,10089,True
CC12CC1C(C(N)=O)O2,3.11299991607666,train,10090,True
CC1(O)C2C=CC(=O)C21,4.464799880981445,train,10091,True
CC12CC(O1)C2(N)C#N,2.6119000911712646,train,10092,True
C#CC12C=CC3C(O1)C32,1.6217999458312988,train,10093,True
CC(=O)CCC(=O)CO,2.757499933242798,train,10094,True
O=CC(CO)CCO,2.3036000728607178,valid,10095,True
CC1CC(=O)OCCO1,3.312299966812134,valid,10096,True
CC1CCC2C3CC2C13,0.2092999964952469,train,10097,True
Nc1nc[nH]c(=O)c1F,3.9695000648498535,train,10098,True
O=c1cnn2c(n1)CC2,6.2480998039245605,test,10099,True
CC1C=C(C#N)C2NC12,5.068699836730957,valid,10100,True
COc1ncno1,2.298099994659424,train,10101,True
C#Cc1nc(C#N)c[nH]1,7.204699993133545,train,10102,True
C#CC1OC1C#C,1.6949000358581543,train,10103,True
CCC1(C)NC1C1CN1,2.781500101089477,valid,10104,True
O=C1C2CCC3C1N23,2.935100078582764,train,-1,False
CC#CC12COC(C1)C2,1.912700057029724,train,10105,True
C1CC2OC1CC1NC12,2.7465999126434326,train,10106,True
CNc1c[nH]cnc1=O,7.050000190734863,train,10107,True
NC(=[NH2+])c1c[nH]c(=O)[n-]1,10.023200035095217,train,-1,False
COC1C2OC(=O)OC12,5.285600185394287,train,10108,True
CCC1NC12CCC2=O,2.1066999435424805,train,10109,True
CCN1CC(=N)OC1=O,3.362600088119507,train,10110,True
OC1C(O)C2NC1C2O,3.5650999546051025,train,10111,True
CC1=CCC2OCC=C12,1.7410999536514282,train,10112,True
CC12CCC3(O)CN1C32,2.352299928665161,train,-1,False
COC(C)C(=O)C(C)=O,0.8073999881744385,train,10113,True
N#CC12CC1COCO2,4.825799942016602,train,10114,True
N=c1nc(CO)nco1,4.053899765014648,train,-1,False
Cn1ncn2ccnc12,1.5146000385284424,valid,-1,False
CC(C)C(C)(O)CC=O,3.293800115585327,train,10115,True
CC1=CC(CO)CC1=O,3.345499992370605,train,10116,True
CN1C2CC1(C)C1OC21,1.552899956703186,train,-1,False
O=CC#CCCC1CC1,4.20550012588501,train,10117,True
C1OC23CCN(C2)C13,0.8284000158309937,train,-1,False
C#CC1N=C(C)N2CC12,1.5397000312805176,train,-1,False
C1CC1C12CC1C1NC12,1.5901000499725342,train,10118,True
C#CCN=COC,2.6798999309539795,train,10119,True
CCCC1=CCNC1=O,3.681699991226196,test,10120,True
O=CCC1=CC2CC1C2,2.560800075531006,valid,10121,True
Cc1n[nH]c(CO)c1C,3.458699941635132,train,10122,True
ON=C1C(O)CCC1O,1.9368000030517576,train,10123,True
CC1(CO)CC(=O)C1O,1.8288999795913696,train,10124,True
CC1=NC(C(C)O)CO1,1.2230000495910645,valid,-1,False
OC1COc2onnc21,3.274199962615967,train,-1,False
COc1nccoc1=O,3.4688000679016118,valid,10125,True
CC1=CC2OCC1O2,2.1993000507354736,train,10126,True
CC1(O)CN2CC21CO,3.661099910736084,train,-1,False
CC#Cc1nc(O)c[nH]1,3.069999933242798,test,10127,True
CC1C2CC=CCCC12,0.3030999898910522,valid,10128,True
O=C1COC12CC(O)C2,2.1547000408172607,train,10129,True
N=C1C=C(N)C(=O)O1,3.71370005607605,valid,10130,True
CNC(=O)C(CO)CO,2.1749000549316406,train,10131,True
N#CC12CC(=O)C1CN2,1.864400029182434,train,10132,True
Nc1oc(=O)ccc1F,4.059700012207031,train,10133,True
CC1OC(=N)N2C(C)C12,4.268499851226807,test,-1,False
CC12CCC1(C1CC1)C2,0.3332999944686889,train,10134,True
O=CC1=CCCC12CC2,3.249099969863892,train,10135,True
OC1CC23COCC12N3,3.953399896621704,train,10136,True
OCCC1C2CCCC12,1.3342000246047974,train,10137,True
Cc1[nH]c(=O)oc1CO,4.0518999099731445,train,10138,True
CCCC1C2OC3C1C23,1.6368000507354736,train,10139,True
CC1CC2OC(C)C12C,1.750300049781799,valid,10140,True
CCC(C)(O)CC=O,3.211199998855591,train,10141,True
CCC1C=CCC1O,1.3535000085830688,train,10142,True
CCc1noccc1=O,1.7883000373840332,train,10143,True
CCC12CC(CC1=O)C2,2.81690001487732,train,10144,True
CCC1(C)NC(C)C1=O,2.4600000381469727,test,10145,True
O=C1CC(C2CN2)N1,3.4502999782562256,train,10146,True
CC(O)C1C2CC1C2=O,2.521199941635132,valid,10147,True
N=C(N)c1cn[nH]n1,2.8285999298095703,train,10148,True
CC#CC1(O)COC1C,3.071500062942505,train,10149,True
CCC(C)C1=NCCO1,1.1698999404907229,valid,10150,True
C#CC12OCC1OC2=O,4.044700145721436,train,10151,True
COCC(O)C1CC1,1.7173000574111938,train,10152,True
CC12CC(C1)C1CN1C2,1.3897000551223757,train,-1,False
CC(=O)C(=O)CCO,1.4665000438690186,valid,10153,True
O=C1CC(O)C=CCO1,5.385600090026856,test,10154,True
COCC1OCC1CO,1.6793999671936035,train,10155,True
CC(C=O)C(=O)NC=N,3.196000099182129,test,10156,True
N#CC1OCCC1CO,3.4098000526428223,train,10157,True
Cc1c(N)c[nH]c1O,1.1407999992370603,train,10158,True
O=CC1CC(N2CC2)C1,3.2513999938964844,train,10159,True
C#CC1NC1C(O)C=O,4.15339994430542,train,10160,True
C#CC12OC1CC2C,1.8458000421524048,train,10161,True
CC1C2C3C4CC4C2N13,1.5544999837875366,valid,-1,False
C1=CC2CC23OCC=C13,1.159999966621399,train,10162,True
CC(O)C1OCC(=N)O1,2.452500104904175,train,10163,True
CC(C)N1CC1C#N,3.0188000202178955,train,-1,False
OC12C3C4=CC1N(C4)C32,1.6432000398635864,train,-1,False
OCC(C1CC1)N1CC1,1.4248000383377075,train,-1,False
O=C1CC2(O)C3CC3C12,3.427799940109253,valid,10164,True
CC12CC34CC=C(C13)C24,1.4428999423980713,train,-1,False
Cc1ccc(=O)n(C)c1,4.037499904632568,test,10165,True
OCC1COCOC=N1,2.721400022506714,valid,10166,True
CC1CCCC1C,0.1273999959230423,valid,10167,True
COC12CC1CCC2=O,2.750699996948242,train,10168,True
O=C1NC2C3OC3C12O,5.346199989318848,train,10169,True
C#CC(=O)C1COC1,3.3570001125335693,train,10170,True
CC(O)(C=O)C1(C)CC1,2.1340999603271484,train,10171,True
COc1nc(N)n[nH]1,1.9077999591827397,test,10172,True
CC1CC1C1CC1(C)C,0.0524000003933906,train,10173,True
C1#CCC=CCCC=C1,0.875,valid,10174,True
O=CN1CCCNC1=O,7.00029993057251,train,10175,True
CC1CC2CC1CCO2,1.440999984741211,train,10176,True
CN=COC1CNC1=O,3.2639000415802,train,-1,False
C#CC1(C)C(=O)CN1C,2.4511001110076904,train,10177,True
Nc1ccoc(=O)c1,6.308199882507324,train,10178,True
N#CC(N)CCC1CC1,4.838799953460693,train,10179,True
COc1cnc(=O)[nH]c1,6.85099983215332,valid,10180,True
CC1CC=C(C(N)=O)C1,3.634900093078613,train,10181,True
CCC(=O)C(=N)N,1.850299954414368,train,10182,True
CC12CC3CC1OC2C3,1.7584999799728394,valid,10183,True
CC1N=C2OC3CC1C23,3.562000036239624,test,-1,False
C#CC(CC)OCC=O,2.843400001525879,train,10184,True
CC1C2C(O)C1C2C#N,3.186000108718872,test,10185,True
C#CC1C=CC(=O)C1,3.038800001144409,train,10186,True
CC12CCC3C(=O)N1C32,4.356500148773193,train,10187,True
N=C(N)Nc1cnno1,0.9308000206947328,train,-1,False
CC(C=O)C1CC1O,3.0385000705718994,train,10188,True
CC12CCC(=O)C1(C)O2,3.016700029373169,train,10189,True
C1CC2OCC(CO1)O2,1.1710000038146973,train,10190,True
N#CC1(N)CNC1,1.8519999980926516,train,10191,True
C1OC2OCC1C1OC21,2.4001998901367188,train,10192,True
COC(=O)C12CCN1C2,1.4086999893188477,train,10193,True
CN1CCCN=C1C=O,3.4021999835968018,train,10194,True
CCC#CC1(CO)CN1,2.332900047302246,train,10195,True
C#Cc1ccncc1O,3.1203999519348145,train,10196,True
CC1CC(=NCCO)O1,4.548500061035156,test,-1,False
O=COc1cc[nH]c1,5.579500198364258,train,10197,True
COC1OCC2CC21C,1.235100030899048,valid,10198,True
CC1([NH3+])COC1C(=O)[O-],6.095200061798096,test,-1,False
COC(C#N)C(N)CO,5.510600090026856,train,10199,True
C#CC(C)C(C)(O)C=O,2.3150999546051025,train,10200,True
C#CCC(C)NC(C)=O,3.0845000743865967,train,10201,True
C#CCC(C=O)C(C)=O,1.4417999982833862,valid,10202,True
c1nc2c(o1)N1CC1C2,1.780400037765503,train,10203,True
O=C1OCC2CC2O1,5.359600067138672,train,10204,True
CC1Cc2ncoc2N1,2.6278998851776123,valid,10205,True
N#CCn1cc(N)cn1,2.841399908065796,train,10206,True
CC1CCC(C)C(=O)N1,3.791899919509888,train,10207,True
COCC1CNC(=O)C1,3.36929988861084,train,10208,True
C#CC(C)(C#C)C(C)C,0.5809000134468079,train,10209,True
CC#CC(C)C1CCC1,0.1916999965906143,test,10210,True
CCC1CC1(O)C(C)=O,2.4458000659942627,train,10211,True
CN1CC2(O)CC12CO,2.651400089263916,train,-1,False
C1CC2C3CC(O1)C23,1.325899958610535,train,10212,True
CC1C(O)C2C1N2C=O,4.212800025939941,train,10213,True
NC(=[NH2+])CC(=O)[O-],0.6586999893188477,valid,-1,False
O=CC1=CCCC1=O,5.984700202941895,train,10214,True
N#CC1C(N)C1O,3.084399938583374,valid,10215,True
C#CC12CC(=O)CN1C2,1.579699993133545,valid,10216,True
CC1(C)C(O)C2(C)NC12,2.6610000133514404,train,10217,True
CC(CO)OC(=N)CO,2.845999956130981,test,10218,True
CC1C2C(C)C3(CO3)C12,1.857800006866455,valid,10219,True
O=C1C=CCCCN1,4.403299808502197,valid,10220,True
C#CC1=CC2CC1(O)C2,1.1650999784469604,train,10221,True
O=Cn1cc(O)nn1,3.916899919509888,train,10222,True
C#CC1OC2C3OC1C23,2.29259991645813,train,10223,True
N=c1ccccc(=O)[nH]1,2.330199956893921,train,-1,False
C#CC1CC2(O)CC1C2,0.6966000199317932,train,10224,True
O=CC12CCOC1CN2,3.0037999153137207,train,10225,True
N#Cc1ccccc1F,5.139999866485596,train,10226,True
CCn1nccc1CO,1.3589999675750732,train,10227,True
O=CC1C2C3CCN2C13,1.5770000219345093,train,10228,True
C1=NC2C(CC23CO3)O1,1.669100046157837,train,-1,False
CCNc1c[nH]c(=O)o1,5.219200134277344,train,10229,True
C#CC(C=O)OC(C)=O,2.388200044631958,train,10230,True
Cc1coc(=N)[nH]1,3.7223000526428223,train,-1,False
N#CCC(=O)NC1CC1,1.291100025177002,train,10231,True
CC(=O)COCC#N,6.514900207519531,train,10232,True
O=COC1C2C3CC3C12,4.149899959564209,train,10233,True
COc1cc(N)c(O)[nH]1,0.7222999930381775,train,10234,True
O=CNCCC#CCO,2.5025999546051025,train,10235,True
OC1C2CC3N2CC13O,2.199700117111206,train,-1,False
C#CC1(CC)C(C)N1C,1.7152999639511108,valid,-1,False
CC1C2CC(C2)C1(C)O,1.2900999784469604,test,10236,True
CN1CC1(C)C(=O)C=O,2.084199905395508,train,10237,True
Nc1cc(N)nc(F)c1,4.070499897003174,train,10238,True
O=CC1=CCCC2CC12,3.5390000343322754,train,10239,True
CC1CC1(CO)OC=N,3.62470006942749,train,10240,True
COC1C(C)C1CCO,2.576299905776977,train,10241,True
CCN1CC2CN2C1=O,4.665599822998047,train,10242,True
CCc1[nH]c(=O)oc1N,4.260600090026856,test,10243,True
O=CN1C=CCCC1=O,3.713000059127808,train,10244,True
C1CC(CCC2CO2)C1,1.678699970245361,train,10245,True
N=C1N(C=O)CC12CN2,3.2802000045776367,valid,10246,True
CC1CN=C2OCC21O,2.655600070953369,train,-1,False
CC1COC12CNC2=O,3.912800073623657,train,10247,True
c1cn[nH]c1,2.2276999950408936,train,10248,True
CC1(O)CC12OC1CC12,1.232699990272522,train,10249,True
CC(C)OC(=O)C(N)=O,1.9257999658584597,train,10250,True
CCc1coc(=N)[nH]1,3.7852001190185542,test,-1,False
CC1CC(=O)CO1,2.019399881362915,train,10251,True
OC12C=CCC1CC2,1.5394999980926514,train,10252,True
CC(CO)C1CNC1=O,3.713000059127808,train,10253,True
CC(C)(O)C1(C#N)CN1,5.046199798583984,train,10254,True
O=C1CC(CO)C2CC12,4.360099792480469,valid,10255,True
Cc1ccc2n1CC2C,1.9823999404907229,train,10256,True
Nc1oncc1C=O,4.6407999992370605,train,10257,True
CN1C=C(C=O)CC1,5.769599914550781,train,10258,True
O=C1C2C=CC1(CO)C2,2.484100103378296,test,10259,True
C1=C2C(CC1)CC1CC21,0.3853999972343445,train,10260,True
C#CC#CC1(C#C)CO1,1.6852999925613403,test,10261,True
CCCN=C1CCO1,2.0815000534057617,train,10262,True
CC(=O)C1C=CCC1O,3.138999938964844,train,10263,True
C#CC1(C)COC1CC,1.2026000022888184,test,10264,True
CC12CC(C1)C1CCC12,0.1212000027298927,train,10265,True
O=COC1CC2NC21,5.763899803161621,train,10266,True
C#CCC1(O)CC(O)C1,0.9261999726295472,test,10267,True
O=C1CC2C=CCOC12,2.735599994659424,valid,10268,True
CC12OC1C1(CO1)C2O,3.313499927520752,train,10269,True
O=C1C=CC2OCC12O,1.7689000368118286,train,10270,True
C#CCOCC1CO1,2.597899913787842,train,10271,True
Cc1c(N)nc(O)n1C,1.8738000392913816,train,10272,True
C#CC(O)C(C)C#N,5.048500061035156,train,10273,True
[NH3+]CC1CCC1C(=O)[O-],15.511699676513672,valid,10274,True
CN=c1onnn1C=O,2.974800109863281,test,-1,False
COC1C2CC1(OC)C2,1.496500015258789,test,10275,True
CNc1ncc(O)cn1,1.22599995136261,train,10276,True
C1=NC2CC3CCC32O1,1.777999997138977,test,-1,False
CCC#CCC#N,4.073800086975098,valid,10277,True
O=CC1CC12C=CCO2,4.050000190734863,test,10278,True
CC1(C)COC=N1,1.432800054550171,train,10279,True
N#CC1(C=O)CC1C=O,2.333400011062622,test,10280,True
CC(C)N=c1[nH]cno1,3.2507998943328857,train,-1,False
CCOC(=O)C(C)N,1.9884999990463257,train,10281,True
CC1C(O)C1(C)O,1.052899956703186,train,10282,True
O=CCC1C2CCOC12,3.515199899673462,train,10283,True
OCC(C1CN1)N1CC1,3.80049991607666,train,-1,False
CC(C)C(=O)CCC=O,3.4238998889923096,train,10284,True
N=C1CC(O)C=CCO1,3.903599977493286,valid,-1,False
COC1C(=NO)CC1C,0.5415999889373779,test,10285,True
CC12CC1c1nccn12,3.842600107192993,train,10286,True
CC(C)C1(C(C)O)CO1,1.7628999948501587,valid,10287,True
CC(C)C#CC#CC#N,6.574699878692627,train,10288,True
O=CN1CC12C=CCC2,3.912499904632568,valid,10289,True
CC(C)CC(=O)C(C)C,2.307800054550171,train,10290,True
CC1OC1C1(C=O)CC1,3.070499897003174,train,10291,True
CC1C2C3C4C3C1(C)N24,1.731600046157837,train,-1,False
CCOC(=O)CCOC,0.9124000072479248,train,10292,True
CN=C1OC(C)C1CO,2.690999984741211,train,10293,True
N#CC1OC2CCC1O2,3.150099992752075,test,10294,True
CNc1c[nH]c(NC)n1,2.880800008773804,train,10295,True
[NH3+]CC1(C(=O)[O-])CC1,6.116399765014648,valid,-1,False
Cc1oncc1C1CN1,2.751199960708618,train,10296,True
CC1C(=O)CCC1(C)O,3.2578999996185303,train,10297,True
OC1C2CC3CC(O3)C12,2.276099920272827,train,10298,True
CC1=C(C#N)C(O)CC1,3.705199956893921,train,10299,True
C1=NC2(CC2)C2CC2O1,1.8787000179290767,valid,10300,True
C#CCC1CC1CC=O,2.186300039291382,train,10301,True
CC1(C)OCC1NC=O,2.753499984741211,train,10302,True
NC(=O)C1OC1C=O,5.261499881744385,train,10303,True
CC12C(O)CC1N2C=O,3.792200088500977,train,10304,True
COC1C(C)C2OCC12,2.312700033187866,train,10305,True
NC(=[NH2+])CNCC(=O)[O-],4.965000152587891,train,-1,False
C1CCCCCCC1,0.0427000001072883,test,10306,True
CCN1C2C3NC2C31,1.391800045967102,train,10307,True
OC1C=CCOCCC1,1.0391000509262085,train,10308,True
CC1C2OC3C1C(O)C23,2.1275999546051025,train,10309,True
O=CC1(O)CC(=O)C1,0.6571000218391418,train,10310,True
N#CCC1(OC=N)CC1,6.232500076293945,train,10311,True
CC1C2CC(O2)C1(C)C,1.5853999853134155,train,10312,True
CC(=N)OC(C)C(C)O,2.206199884414673,train,10313,True
C1=CC2CC1COC=N2,2.3122000694274902,train,10314,True
CC(=O)C(O)CC1CC1,2.788100004196167,train,10315,True
Nc1c(O)n[nH]c1O,0.9643999934196472,train,10316,True
COC1C2CC1OCO2,1.2783000469207764,valid,10317,True
CCCc1ccn(C)n1,2.013400077819824,train,10318,True
N#CC1CN(C2CC2)C1,4.5046000480651855,train,10319,True
Cc1onc2nnoc12,3.4305999279022217,train,10320,True
Cc1nc2ocnn2n1,1.8518999814987185,test,10321,True
CC#CC(=O)NC=NC,2.9388999938964844,train,10322,True
CN1CC(O)C1=O,2.5859999656677246,train,10323,True
C#CC1OC1C(C)(C)C,1.653499960899353,train,10324,True
CC12C=CC3(CN3)C1C2,1.7573000192642212,train,10325,True
C1CC2=C(CO1)COC2,1.1886999607086182,train,10326,True
C1=CC2COC23CC1C3,1.6582000255584717,test,10327,True
CCOC1CC2C1N2C,1.778599977493286,train,-1,False
N#CCC12CCC1(O)C2,4.314799785614014,valid,10328,True
O=CC1C2OC1C1NC12,4.122099876403809,train,10329,True
CC1CC(=O)N1C,3.7929000854492183,train,10330,True
Cn1cncc1C1CC1,4.003600120544434,train,10331,True
C#CCCC(CC)CO,2.04040002822876,train,10332,True
CCC(O)(C=O)CC=O,3.2165000438690186,train,10333,True
CC12CC3(C=CCC13)C2,0.2610999941825866,train,10334,True
CN=C(C#N)OC(C)=O,2.8650999069213867,train,10335,True
CC([NH3+])(C(=O)[O-])C1CN1,4.669099807739258,train,-1,False
OCC12CC3NC3C1O2,3.100800037384033,test,10336,True
C#CC1CC(=O)C(=O)N1,5.525400161743164,train,10337,True
CCC12C3CC1N(C)C32,0.7167999744415283,train,-1,False
O=C1COCC(CO)O1,3.0745999813079834,train,10338,True
CC1CC2(C)CC1(O)C2,1.316499948501587,valid,10339,True
CCC12CC(=O)C1N2C,2.763099908828736,valid,-1,False
CC1OC(C)C1OC=O,2.9409000873565674,train,10340,True
CNC(=O)C#CC(C)C,3.8685998916625977,train,10341,True
O=CC1C=CCC(=O)C1,3.1319000720977783,train,10342,True
N=c1cc(N)c(N)co1,5.1921000480651855,train,-1,False
OC1C(O)C2C3CC3C12,2.112600088119507,train,10343,True
CNC1CNC1C#N,4.878699779510498,valid,10344,True
CC1OC2(C)C(C#N)C12,4.884399890899658,train,10345,True
CC1COc2onnc21,5.004300117492676,train,-1,False
c1[nH]nc2[nH]nnc12,3.5267999172210693,train,10346,True
Nc1coc(=O)c(N)n1,3.1473000049591064,train,10347,True
O=C1CC2NC1C1OC21,1.941100001335144,train,10348,True
O1C2C3C4C5C1C2N5C34,0.9678999781608582,train,-1,False
CC1C2OCOC1C2O,1.682800054550171,train,10349,True
CC1OCC2C3CC1N23,0.6549000144004822,train,-1,False
CC1CC2C3OC1C23,1.6628999710083008,train,10350,True
N#CC1(N)CNC1=N,5.639500141143799,train,10351,True
OC1CC2C1=CC1NC12,2.4302000999450684,train,10352,True
CCc1cn[nH]c1,2.2314000129699707,train,10353,True
O=C1CNCC2COC12,3.5174999237060547,valid,10354,True
Cc1nc(N2CC2)co1,1.0027999877929688,train,10355,True
CC1C2CCC(CO)N12,1.093500018119812,train,-1,False
C#CC1CC2=CCCC21,0.3404000103473663,train,10356,True
COC1C(O)C1NC=O,1.7747000455856323,train,10357,True
O=C1C=CNC(=O)NC1,2.2049999237060547,train,10358,True
Cc1n[nH]c(=N)n1C=O,4.065899848937988,train,-1,False
CC1(C)OC12CCCC2,1.7231999635696411,train,10359,True
CC12C=CC(CO1)OC2,1.1691999435424805,train,10360,True
CN1C2C3C=CC2(C)C31,1.057800054550171,train,10361,True
CCC12CCC1CO2,1.5729000568389893,train,10362,True
CC(C)C(=O)NC=O,5.523499965667725,train,10363,True
N#CCCc1c[nH]cn1,7.26669979095459,valid,10364,True
C#Cc1cccoc1=N,3.2411000728607178,train,-1,False
O=C(CO)OC1CC1,2.9563000202178955,train,10365,True
Cn1ncc(=N)c(F)n1,3.046099901199341,train,-1,False
CC1OCC12COC2,0.3025999963283539,train,10366,True
C1OC2C1OC21COC1,2.476900100708008,train,10367,True
Oc1nc2c(o1)CCO2,1.2788000106811523,train,10368,True
C#CCC(C#N)COC,4.541100025177002,train,10369,True
N#CCn1cc(N)nn1,2.484800100326538,train,10370,True
CC12OC1C(O)C2O,2.3122000694274902,train,10371,True
C1=CCC2(C1)CN1CC12,1.61899995803833,train,-1,False
O=CC1C2CC=CC12O,2.591399908065796,train,10372,True
CCC12CN3C1C(=O)C32,3.719399929046631,train,-1,False
O=Cc1cnno1,3.461899995803833,train,10373,True
CCC1CC(O)C1C=O,2.385999917984009,train,10374,True
N#CC1C=CCC1=O,5.265699863433838,train,10375,True
CC(=O)C1COC(=N)O1,1.8552000522613523,train,10376,True
N#CC12CNCCN1C2,5.142199993133545,valid,10377,True
Cc1c(N)nn2c1CC2,2.4667999744415283,train,10378,True
CN1CCCCOC1=O,4.504499912261963,train,10379,True
N=C1COCC2(CC2)O1,2.6103999614715576,train,10380,True
CC(=O)c1cncnc1,2.330300092697144,train,10381,True
C#CCc1coc(N)n1,1.8798999786376955,train,10382,True
CC12CC1COC=N2,1.9753999710083008,train,10383,True
CC1=CC(O)C2NC2C1,2.5555999279022217,train,10384,True
CCC1(O)CN2CC21,2.532599925994873,train,-1,False
N#CC1(N)CC2CC21,2.929800033569336,train,10385,True
OC1CC2(CC2)C12CN2,1.2482999563217163,valid,10386,True
O=CC1CC2CCC2C1,3.1006999015808105,train,10387,True
CC(C#N)c1cnno1,4.686600208282471,train,10388,True
CN1C2C3NC3CC21C,2.2685999870300293,train,-1,False
CCCC(O)C(C)=O,2.801500082015991,train,10389,True
O=C1C2CC2C12CCO2,3.628000020980835,train,10390,True
COC(C)C(N)=O,3.3431999683380127,train,10391,True
CCOc1cnoc1N,3.577199935913086,train,10392,True
CCC1(C#N)NC2CC21,3.04830002784729,train,10393,True
C#CC12CC(C1)C2=O,2.854300022125244,train,10394,True
NC(=[NH2+])[c-]1ccc(=O)o1,6.732900142669678,train,-1,False
CN=CN(C)C(=N)C=O,2.066499948501587,test,10395,True
CC1OCC(C2CN2)O1,2.243499994277954,valid,10396,True
OC1CC2CC(C1)O2,1.70169997215271,train,10397,True
CCC(O)(C=O)CO,3.9618000984191895,train,10398,True
CC(C)C12CC(C1)C2=O,2.845000028610229,train,10399,True
CC(=O)C1C2C=CCN21,1.0669000148773191,valid,-1,False
CN(C)c1c[nH]cc1N,1.6079000234603882,train,10400,True
CCC1CCOC12CC2,1.5680999755859375,train,10401,True
CCC12OCC1C2C#N,4.958499908447266,train,10402,True
O=C1CCc2occc21,3.095499992370605,test,10403,True
COC1(C)CC(O)C1=O,2.193700075149536,train,10404,True
Oc1nc2n(c1O)CC2,1.5658999681472778,train,10405,True
N#CC12CC3CCC1N32,5.102000236511231,train,10406,True
CCC(=O)OCC=O,2.859299898147583,valid,10407,True
CC1N2CC2C1(C)O,2.569700002670288,train,-1,False
COc1c[nH]c(OC)c1,3.577800035476685,train,10408,True
CCC1CC(=O)NC1=O,1.8996000289916992,train,10409,True
CCOC1CC1O,1.756600022315979,train,10410,True
C#CC12NC1C1CC12O,0.5705000162124634,train,10411,True
CC1C2(O)CC2C12CC2,1.1770999431610107,train,10412,True
CC1(C)C2CC(=O)NC21,3.6953999996185294,train,10413,True
CC1(C)NC1C1CCO1,2.2435998916625977,train,10414,True
O=CC1CC=C(CO)C1,3.52209997177124,test,10415,True
CC1OC1CCCCO,1.0059000253677368,train,10416,True
CCC1C(=O)OC2CC21,4.017899990081787,train,10417,True
CCC1OC1C(C)=NO,1.452399969100952,train,10418,True
CC1CC12CC(C)(C)O2,1.4789999723434448,train,10419,True
CC1CN1c1cc[nH]n1,2.1212000846862797,train,10420,True
NC(=O)NCC#CCO,2.905600070953369,train,10421,True
CC(=O)C(O)(CO)CO,0.7443000078201294,train,10422,True
CC1C(C)C12CCCO2,1.329300045967102,train,10423,True
CC1=CC2C3C4C1C4N23,1.739199995994568,train,-1,False
COC1(C)CC=CCC1,0.9341999888420104,train,10424,True
O=C1COC=NC1CO,3.08240008354187,train,10425,True
OCC12CC1C=CCO2,2.1738998889923096,train,10426,True
N=C1OCC1COC=O,5.366099834442139,train,10427,True
N=C1OCOC(=O)C1=O,4.868899822235107,valid,10428,True
OC1C2C3C4CN(C14)C23,0.7943000197410583,train,-1,False
O=C(CCO)C1CC1O,1.9778000116348269,valid,10429,True
CC1Cn2c1coc2=O,5.72189998626709,train,10430,True
CC1=CC2CCC2(O)C1,1.0633000135421753,valid,10431,True
CC(CC#CCO)=NO,1.260800004005432,train,10432,True
CC1C2C3COCC2C13,1.4112000465393066,train,10433,True
CC1(C)CC1C(N)=O,3.3264000415802,valid,10434,True
N#CC(C=O)NC1CC1,3.3482000827789307,train,10435,True
O=C1CC2(CN2)C12CO2,3.200000047683716,valid,10436,True
C#CCOC1C(C)C1C,0.8948000073432922,train,10437,True
COCC1=NC2CC2O1,1.238800048828125,train,10438,True
O=CC12CC(O)(CO1)C2,3.0720999240875244,train,10439,True
COC(CO)C1CC1,2.1217000484466557,train,10440,True
C#CC(=O)COC=NC,4.496799945831299,train,10441,True
CC1(C(=O)C#N)CC1O,4.964000225067139,train,10442,True
CCCC12CC(=O)C1N2,2.754699945449829,train,10443,True
O=CC12C3CN1CC32O,1.999500036239624,train,10444,True
CCC1CC2(CO2)C1O,1.9217000007629397,train,10445,True
C#CC(C)(C)C#CC,0.7470999956130981,train,10446,True
COC1C(C)CC1CO,1.292099952697754,valid,10447,True
N=C1NC2COC2C1=O,4.525899887084961,train,10448,True
CC1C2CC3(C#N)C2N13,5.349899768829346,train,-1,False
N#Cc1cnoc1C=O,1.5746999979019165,train,10449,True
C#Cc1[nH]ccc1C,1.4455000162124634,train,10450,True
O=CC1OC(=O)C2CC12,5.441199779510498,valid,10451,True
CCC(=O)c1ccn[nH]1,2.1563000679016118,train,10452,True
CC1CC(O)CC1=NO,1.1638000011444092,train,10453,True
CC1=CC2(O)CC2(O)C1,1.970700025558472,train,10454,True
CC(=N)N1CCCC1=O,3.991400003433228,test,10455,True
O=CC(O)CC(=O)CO,1.1079000234603882,train,10456,True
CC1(OCC2CN2)CC1,1.8176000118255613,train,10457,True
C#CC1C=CC2COC12,2.1129000186920166,test,10458,True
CN1CC(O)C1CC=O,2.749099969863892,valid,-1,False
COCC1(C#N)CCO1,3.2708001136779785,train,10459,True
CC(CCCO)C1CO1,1.1233999729156494,train,10460,True
CC1=CCC2(CC2)C1,0.3091999888420105,valid,10461,True
CC(C#N)CCCC=O,2.296999931335449,train,10462,True
C#CCc1noc(=N)[nH]1,3.680700063705444,train,-1,False
CC1=CC2OC2(CO)C1,1.89110004901886,train,10463,True
C#CC(O)C(C)C=O,3.3117001056671143,train,10464,True
CC1CC(=O)C(C#N)N1,5.46999979019165,train,10465,True
N#CC12CCC1C2O,4.97599983215332,train,10466,True
C#CCCC(C#N)OC,3.0957999229431152,train,10467,True
CCC1C2OC(C)C12C,1.6442999839782717,train,10468,True
CCC12CC(C)(O1)C2O,1.6126999855041504,train,10469,True
CC1C=CN(C)C(=O)C1,2.8849000930786133,train,10470,True
C1CC1C1CC2CC21,0.2055999934673309,train,10471,True
C1=CC2Cc3ncc1n32,3.232100009918213,train,10472,True
CC1NC12CCOC2,1.5877000093460083,train,10473,True
C1=NC2CC3NC23CO1,0.804099977016449,train,10474,True
c1cc2nocnc-2n1,1.4602999687194824,train,-1,False
CC1(C(N)=O)OC2CC21,2.493299961090088,test,10475,True
O=CC12CC1OC(=O)O2,5.50439977645874,train,10476,True
CC1CC2OC(=O)C2O1,4.019899845123291,train,10477,True
Nc1nn2ccnc2o1,3.890700101852417,train,-1,False
c1cc2cc[nH]c2cn1,3.696000099182129,train,10478,True
OCC1C2C3N2CC13O,3.066800117492676,train,10479,True
C#CC(O)COC=NC,3.887500047683716,train,10480,True
CC1C2CC3C2CC13O,1.271399974822998,train,10481,True
COC(C=O)CC1CC1,2.032399892807007,train,10482,True
Nc1cnc(F)[nH]c1=O,1.1548999547958374,train,10483,True
CC12COC(C1)C(=O)N2,4.554299831390381,train,10484,True
C#CC(C)(C#C)C1CN1,1.3300000429153442,train,10485,True
N#CC1OCC(=O)CO1,3.309799909591675,train,10486,True
O=C1NCC1(O)C1CO1,2.563800096511841,train,10487,True
COc1[nH]cnc1C,3.4962000846862797,train,10488,True
CC12C3CC1C1C3C12,0.2206999957561493,train,10489,True
N#CC1(N)C=CC2NC21,4.323299884796143,train,10490,True
COCC#CC(C)O,2.6331000328063965,train,10491,True
CC1=CCCCOC1=O,4.620800018310547,train,10492,True
CC1(C)NC(=O)CC1=O,2.742500066757202,train,10493,True
N=c1ncnnn1C=O,2.937700033187866,train,-1,False
CC(O)C1CN2CC12,1.707900047302246,train,-1,False
C1CC2C3C(CCN23)O1,0.8101000189781189,train,-1,False
O=CNCC1CO1,2.43149995803833,train,10494,True
O=CC12NC3C1OC32,2.3489999771118164,train,-1,False
C1=CC23CCC2C2C1N23,1.618399977684021,train,-1,False
N#CCN=COC(N)=O,4.890699863433838,valid,10495,True
CC1=CC2OC2C1C,1.9838000535964968,train,10496,True
O=Cc1coc(CO)n1,4.492099761962891,train,10497,True
CC(=O)N1C2C3OC2C31,2.59089994430542,train,-1,False
OCCC12CC3C(O1)C32,2.0028998851776123,train,10498,True
CCC1(O)CC1N1CC1,0.5999000072479248,train,-1,False
CN=CN1C=CCC1=O,1.7389999628067017,valid,10499,True
N#CC1C(=O)CN2CC12,3.954799890518189,train,-1,False
O=C1C2CC3NC2C13O,2.336400032043457,train,10500,True
C1CC2C1OCC21CN1,2.604399919509888,train,10501,True
CC12CC1NCC(=O)O2,4.635499954223633,valid,10502,True
C1COC(C2CCO2)=N1,1.2202999591827393,train,10503,True
Cn1ccc(CCO)n1,2.9860999584198,train,10504,True
CC1OC12CC=CC2=O,4.160299777984619,train,10505,True
O=C1CC23CCC2CC13,2.95199990272522,train,10506,True
O=CNCc1cnoc1,4.4629998207092285,train,10507,True
CC1(C2NC2C=O)CN1,4.223499774932861,train,10508,True
CCNc1nnon1,4.214399814605713,train,10509,True
COc1cnc(C)nc1,2.608799934387207,valid,10510,True
CC(C)C1(O)CC2OC21,1.8137999773025515,train,10511,True
CCNc1cnoc1N,3.7999000549316406,train,10512,True
NC1C(=O)OC1CO,2.376199960708618,train,10513,True
N=C1OCC=C1C1CO1,2.355299949645996,train,-1,False
N=C1C=CC(N)C(=O)O1,1.9276000261306765,valid,-1,False
COCc1nocc1C,3.022700071334839,train,10514,True
OCC12OC(C1O)C2O,1.20169997215271,test,10515,True
CC#CC1OCC1C#N,2.033600091934204,train,10516,True
CC1CC1C1CCO1,1.6394000053405762,train,10517,True
CC12CN3C(=O)NC1C32,5.058499813079834,train,10518,True
N=C1OC(C=O)C1C=O,3.7909998893737793,train,10519,True
CC1CC2(CN2)C1C=O,3.5076000690460205,valid,10520,True
CCC1CC(C)(C)C1=O,2.546299934387207,valid,10521,True
OCC12CC3C(C1)N32,0.959999978542328,train,-1,False
CC1C(=O)OC2CC21C,4.22790002822876,train,10522,True
CC1=C2CC3C(CC1)C23,0.5831000208854675,train,10523,True
N#CC#CCNC(N)=O,4.929900169372559,train,10524,True
CC1CC2CC2C1(C)C,0.2221000045537948,train,10525,True
CC1=CCCC(=O)NC1,3.806699991226196,train,10526,True
N=C1Cc2[nH]ccc2O1,3.652299880981445,train,-1,False
O=C1CC2C(CCO)N12,3.422800064086914,test,10527,True
CCC1NC1C(C)O,2.723599910736084,train,10528,True
CC1COC=NCC1=O,2.578000068664551,train,10529,True
CC(C)c1nc(N)no1,1.8285000324249268,train,10530,True
C#CC12CCC1C(C)C2,0.828499972820282,valid,10531,True
CCC(C#N)(CC)CC,3.939500093460083,valid,10532,True
O=C1CCC12CC(O)C2,3.8796000480651855,train,10533,True
CN=c1cnoc(=O)[nH]1,4.48799991607666,train,-1,False
CCC12C3NC1C3N2C,1.1119999885559082,train,-1,False
C#CC1C2N(C)CC12O,1.3006000518798828,train,10534,True
CC(C#N)NC=O,3.601599931716919,train,10535,True
CCC#CCCCO,1.2813999652862549,train,10536,True
C#Cc1ccc(O)cn1,3.6029999256134033,train,10537,True
COC(C)COCC#N,3.657399892807007,train,10538,True
CC1CC(=O)C1(C)C=O,2.3473000526428223,train,10539,True
[NH3+][c-]1ccc2nn[nH]c21,12.197699546813965,valid,-1,False
CCC1(C)CN1C(N)=O,3.205399990081787,train,10540,True
OC1(C2CN2)CC2CC21,2.976799964904785,train,10541,True
C#CC(C)C(C)C=O,2.840100049972534,train,10542,True
C#CC1(CNC=O)CN1,3.607899904251098,train,10543,True
Cc1nnoc(=O)c1N,6.099699974060059,train,10544,True
CC(O)(CO)C1CCO1,3.074700117111206,train,10545,True
CC(=NO)C(O)CCO,0.8159000277519226,valid,10546,True
Cc1coc(C(N)=O)n1,4.85699987411499,train,10547,True
CC12C3=CCC1N2C3,0.7807999849319458,train,-1,False
C#CCc1cn[nH]n1,0.4377999901771545,train,10548,True
C#CC(=O)C1C=CCO1,3.5225000381469727,test,10549,True
CC1CC(OC(N)=O)C1,2.3080999851226807,train,10550,True
OCC12CCC1O2,1.852300047874451,train,10551,True
CC1C2CC2CC12CC2,0.2574000060558319,train,10552,True
O=C1C=CC2(CO)CN12,3.470499992370605,valid,10553,True
CC1C(O)C2C(C)N12,1.8526999950408936,valid,-1,False
OCC1(O)CC2COC21,1.888800024986267,train,10554,True
c1noc2nnnn12,3.91510009765625,train,-1,False
OCC1CC2C(O)C12,1.3874000310897827,train,10555,True
CCC1CC1C(C)OC,1.2130000591278076,train,10556,True
O=CCC1C2C=CCN21,2.6445000171661377,train,10557,True
CC1OCCC(O)C1C,1.674399971961975,train,10558,True
C#Cc1ccc(C#N)[nH]1,3.924999952316284,train,10559,True
O=CC1CC2CCC=C12,2.289299964904785,train,10560,True
CCC12CCC1C(C)O2,1.4559999704360962,test,10561,True
CC12CC3(CO3)C1N2,2.28410005569458,train,10562,True
CC1OCC2C3C1CN23,1.7583999633789062,train,-1,False
N#CC1(O)CCOCC1,2.4814999103546143,train,10563,True
C#CC(C#N)C(=O)C#N,4.078700065612793,train,10564,True
CC1OC2C(CO)CC12,0.5432000160217285,test,10565,True
CC1(O)COCC2CC21,1.9464999437332156,train,10566,True
O=CC1OC2C(C=O)C12,5.181000232696533,train,10567,True
O=CC1=CC2CC3C1C23,3.61899995803833,train,10568,True
CC1CC(N)(C#N)C1C,2.8378000259399414,train,10569,True
CCC(C)(O)C(=O)CO,3.938699960708618,train,10570,True
C#CC12CC3CC3N1C2,1.7015000581741333,train,-1,False
CC1CC(=O)C2(C)OC12,2.8022000789642334,valid,10571,True
NC12CN=C3NC1C32,3.467900037765503,train,10572,True
C#CC1OC2C3CC3C12,1.9390000104904173,train,10573,True
C#Cc1[nH]ccc1CO,1.3323999643325806,valid,10574,True
OCC12CCC3C(C1)C32,1.455299973487854,test,10575,True
N#Cc1nnn(C=O)n1,3.0327999591827397,train,10576,True
N#CC12CC(=N)OC1C2,2.887399911880493,train,-1,False
N=C1COCC(=N)N1,1.7732000350952148,train,10577,True
Cn1ccc(C2CC2)n1,1.9026999473571775,valid,10578,True
OC1C2COC1OC2,1.6714999675750732,train,10579,True
c1nc2nc[nH]c2[nH]1,6.930300235748291,train,10580,True
NC(=O)C1C2CCC1C2,3.3160998821258545,train,10581,True
N#CC1OC1C1CC1O,4.545199871063232,test,10582,True
C#CCCC(=O)NCC,3.475399971008301,train,10583,True
CCCC1=CC(=O)CC1,4.2667999267578125,train,10584,True
O=C1C=C(CO)C2CN12,6.137899875640869,test,10585,True
CC1(O)CNC(=O)C1,4.37559986114502,train,10586,True
CCCCC1(C)OC1C,1.6866999864578247,train,10587,True
N#CC#CC1COCO1,3.8810999393463135,train,10588,True
O=CC1=CCC2(CN2)C1,4.44290018081665,train,10589,True
O=CN1CC=CNC1=O,5.940999984741211,valid,10590,True
CCC1OC2CC2C1=O,2.066499948501587,train,10591,True
CNC(=O)NCC1CO1,1.9471999406814573,train,10592,True
C#CC1(C#C)COC1=N,2.1719000339508057,train,10593,True
CC1(N2CC2)C=CCC1,1.0631999969482422,valid,-1,False
N=C1NC(CO)C1O,1.9718999862670896,train,10594,True
OCC12CC1OCO2,0.771399974822998,train,10595,True
CC#CC1NC1(C)CC,1.2936999797821045,train,10596,True
C#CC(C)C1(C=O)CC1,2.6196999549865723,valid,10597,True
C1=C2CC3N4CC3(C1)C24,1.881600022315979,train,-1,False
CC(O)C(C)OC1CC1,2.160399913787842,train,10598,True
Cc1c(N)onnc1=O,4.74459981918335,train,-1,False
OC12C3COC1C2OC3,2.623699903488159,train,10599,True
CCC1(O)C=CCC1O,1.1604000329971311,test,10600,True
Cc1cncn1C(N)=O,2.841399908065796,valid,10601,True
Nc1cc(O)cnc1O,3.001300096511841,train,10602,True
CC1(C)CC2(C)CC12,0.2617999911308288,train,10603,True
CC#Cc1nccn1C,3.8450000286102295,train,10604,True
C#CC1(N)C=CNC1=O,2.759000062942505,train,10605,True
N=C1CCC2(CO1)CO2,2.078200101852417,train,-1,False
C1=CC2(C3CC3)OC2C1,1.805799961090088,valid,10606,True
O=C1OCC2(CN2)C1=O,6.055099964141846,train,10607,True
CC12CCC(O)C1C2,1.6437000036239624,train,10608,True
CC(=NO)C(C)C(C)C,0.4708999991416931,train,10609,True
OCCC1C2CCN12,0.4296999871730804,train,10610,True
CNc1cc(OC)c[nH]1,1.6715999841690063,train,10611,True
CCC(=O)CC(=O)OC,2.302299976348877,valid,10612,True
CC1Cc2c(O)ccn21,3.032099962234497,train,10613,True
CC#CC(C)CC1CC1,0.0926999971270561,train,10614,True
CC1(C)C2C3C4C3N1C42,1.4603999853134155,train,-1,False
Cc1[nH]cc(N)c1C,1.7330000400543213,train,10615,True
O=Cn1cc(CO)nn1,5.376299858093262,train,10616,True
CC1OC1C(C)(O)C=O,2.005599975585937,test,10617,True
OCC12C3CC1C2CO3,2.335200071334839,train,10618,True
OCCC12CC1N1CC12,2.5148000717163086,train,-1,False
CCOCC(CC)CC,1.0561000108718872,train,10619,True
C#CCC(C=O)COC,3.7820000648498535,train,10620,True
C#Cc1cnc(C)nc1,1.1208000183105469,train,10621,True
CC12COC1C21COC1,2.4537999629974365,valid,10622,True
CC1(O)CC1CC#N,4.660299777984619,train,10623,True
CC1(O)C2C(=O)NC21C,3.367500066757202,train,10624,True
N#CC1(O)CCCNC1,2.473900079727173,test,10625,True
C#CC1CC(O)(C=O)C1,1.9737999439239504,train,10626,True
C1C2OC34CN(C3)C4C12,1.3415000438690186,train,-1,False
N#Cc1ncc(=O)on1,2.5834999084472656,train,10627,True
CC1(CC#N)COCO1,4.378799915313721,train,10628,True
O=CC1CC(CCO)O1,1.8077000379562376,train,10629,True
O=CC1CC2(COC2)N1,2.7665998935699463,test,10630,True
CC1=CCC2C1C2(C)C,0.1872999966144561,valid,10631,True
C#CCC(C)C(C)=O,2.434799909591675,train,10632,True
CC1CC2OC12C=O,3.8559000492095943,test,10633,True
CC([NH3+])c1nocc1[O-],3.6468000411987305,train,-1,False
O=CNCC1OC1C=O,2.878200054168701,train,10634,True
C1C2CC34CC3(CO4)N12,1.745100021362305,train,-1,False
Nc1cc(C2CN2)co1,2.6429998874664307,train,10635,True
CCc1noccc1=N,2.2249999046325684,train,-1,False
CC(=NO)C(C=O)CO,2.5706000328063965,valid,10636,True
COC(=O)NCC(C)C,2.129699945449829,train,10637,True
CC12C3C4C1C4(CO)C32,1.7649999856948853,train,10638,True
CC12C3CC1N2C3=O,4.414599895477295,train,10639,True
CC12C(=O)C3CC1CC32,3.0694000720977783,train,10640,True
C#CC1(C)CN1C=O,3.2973999977111816,train,10641,True
ON=C1CC2CC12,1.243499994277954,train,10642,True
C#CC12C3CC1C2C3O,1.1728999614715576,train,10643,True
CC1CN=C(N)C(=O)C1,1.1806999444961548,test,10644,True
OC1COC2C3CC12C3,1.71150004863739,train,10645,True
CNC(=O)C(O)CCO,3.26259994506836,train,10646,True
N#CC1CC23CC(O2)C13,5.618000030517578,valid,-1,False
CCC1C(C)CC2OC21,1.779099941253662,test,10647,True
C1C2OC(C3CO3)OC12,2.3355000019073486,train,10648,True
OCC12C3CC1(O)CC32,2.3352999687194824,test,10649,True
OC12C3CC1C3C21CO1,2.5673999786376958,valid,10650,True
O=CC1C(=O)C2CC1C2,2.845900058746338,train,10651,True
N#CC1COC12CC2,2.829400062561035,train,10652,True
CC(=O)c1ncc(C)o1,3.04830002784729,train,10653,True
CC1(C)CC(O)C(=O)N1,3.967900037765503,train,10654,True
OCC12COC1C2O,1.1582000255584717,train,10655,True
N#CC1(C=O)CCO1,3.1017000675201416,train,10656,True
CC(C)C1(C=O)CO1,2.140000104904175,valid,10657,True
CC(C)C1CC1C(C)C,0.0265999995172023,test,10658,True
Cc1c[nH]c(CCO)n1,2.211999893188477,valid,10659,True
O=Cc1cnoc1,1.0032000541687012,train,10660,True
C1OC2C3C4CC(C14)C23,1.4744000434875488,test,10661,True
O=C1OC(CO)C2OC12,3.4368999004364014,train,10662,True
NC(=O)C1(C(N)=O)CC1,3.7541000843048096,train,10663,True
CC1(O)CC(=O)C1,3.201499938964844,train,10664,True
C#CC1COC1=O,3.661999940872192,train,10665,True
ON=C1CCC2NC12,1.7299000024795532,train,10666,True
N#CC1(N)C=CC(O)C1,5.374499797821045,train,10667,True
CCNC=O,3.694000005722046,train,10668,True
CCC12OC3C(C1O)C32,1.9901000261306765,train,10669,True
Cc1ncnc(=O)cn1,3.2223000526428223,test,10670,True
N#CC1(CO)OC2CC21,5.072299957275391,train,10671,True
CCNc1cn(C)nn1,4.08459997177124,train,10672,True
OC1CC1C#CC1CC1,1.7438000440597534,train,10673,True
COC1C(=O)CC2NC21,3.791800022125244,train,10674,True
CC(O)CCN(C)C=O,4.009600162506104,train,10675,True
C#CCn1nnc(N)n1,2.3710999488830566,test,10676,True
COC1(C#N)CCCO1,3.9776999950408936,train,10677,True
COc1cc(O)c(N)[nH]1,1.6605000495910645,train,10678,True
N#CC(N)C12CCN1C2,4.029699802398682,train,-1,False
C#CC12CC(N1)C2OC,1.88919997215271,train,10679,True
CC1CCN2CC2C1O,2.154099941253662,train,-1,False
C1#CCCOCCCC1,1.4077999591827393,train,10680,True
CC1=Cc2ncnn2C1,4.269599914550781,train,10681,True
OCC1(CO)C2CCC21,3.094399929046631,train,10682,True
Cc1coc(CCO)n1,0.9114999771118164,train,10683,True
CC1CCOC1C,1.3726999759674072,train,10684,True
CCc1nc(N)n(C)n1,3.2844998836517334,train,10685,True
CN1C2C=C(C=O)CC21,2.332200050354004,train,10686,True
CC(=N)OC(=O)CCO,2.433900117874145,train,10687,True
CC1(CO)OCC1=O,1.3128999471664429,train,10688,True
OC12C3CC1C2OC=N3,1.274799942970276,test,-1,False
CNC(=O)C1CC(=O)O1,1.3904999494552612,train,10689,True
CC1CNC(C#N)C1=O,5.507199764251709,train,10690,True
Cc1cn2ncnc2[nH]1,4.80019998550415,valid,-1,False
OCC1=CCCC1CO,2.138700008392334,train,10691,True
CC1(NCC=O)COC1,1.8428000211715696,train,10692,True
CNc1ccn(C)c1,1.5816999673843384,train,10693,True
CN=C1NC2COC12,3.517899990081787,train,10694,True
CC1=CC2OC1(C)C2C,1.8276000022888184,train,10695,True
CCc1cnnn1C,4.900899887084961,valid,10696,True
C#CCC(C)C#CC,0.8356999754905701,valid,10697,True
O=c1oncc(F)c1F,3.770900011062622,train,10698,True
C1C2CC1N1CC21,1.468000054359436,train,-1,False
CC12NC(C1=O)C2CO,1.6134999990463257,train,10699,True
Cn1ncc(O)c1CO,1.111299991607666,test,10700,True
CC1=CC2(CO)OC2C1,2.249799966812134,train,10701,True
N=C1C=C2C3NC3C2O1,4.812699794769287,train,-1,False
CN1CC1C1C2CC1O2,1.326799988746643,train,-1,False
CC(C)(C)C1OC1CO,1.8847999572753904,train,10702,True
C1=C2C3OC4C(C1)C2C34,1.2979999780654907,train,-1,False
CC1(OC=O)CNC1=O,5.312600135803223,train,10703,True
COC(CC#N)C(C)=O,3.745500087738037,train,10704,True
CCC(O)C1(C=O)CN1,2.6435000896453857,train,10705,True
C#CC1CNC1(C)C#N,2.7600998878479004,train,10706,True
CCCC(C#N)NCC,4.925600051879883,train,10707,True
N#CCn1cnoc1=N,2.379499912261963,train,-1,False
N=c1cc[nH]ncc1=O,4.997600078582764,valid,-1,False
CC(=N)N(C)C(N)=O,3.7446000576019287,train,10708,True
Nc1coc(C2CN2)n1,2.180799961090088,train,10709,True
C#CC1(C#C)CC2CN21,1.778499960899353,train,-1,False
OCC1C2C=CCC1O2,1.571499943733215,train,10710,True
C#CC12COCC1(C)N2,1.291800022125244,train,10711,True
CN(C)C(=O)N(C)C=O,3.396199941635132,train,10712,True
Nc1cc(O)c(O)[nH]1,1.6445000171661377,test,10713,True
CC(O)(C#N)CC1CC1,3.4955999851226807,train,10714,True
CC(C)OC(C#N)CO,4.314199924468994,train,10715,True
N#CC#CC(N)C1CO1,3.829200029373169,train,10716,True
CC1=CC2CC2C12CO2,1.728700041770935,train,10717,True
CC1COC(C)OC=N1,1.5196000337600708,train,10718,True
O=CC1C2CC2C12CC2,2.661200046539306,valid,10719,True
COC1C=CC(O)C1C,2.494999885559082,train,10720,True
C#CC12CCC1(CC)N2,1.725200057029724,test,10721,True
OC1C2CCC1C2,1.4944000244140625,train,10722,True
CC1CCC2CCC2C1,0.1807000041007995,train,10723,True
N#CC1C2CCC(=O)C12,4.65310001373291,train,10724,True
C1OC2C3CN(C3)C12,1.215499997138977,train,-1,False
CC#CCc1ccno1,2.949700117111206,test,10725,True
O=CC1C2C=CCN12,1.6917999982833862,valid,-1,False
O=C1CC=CCOC1=O,4.821400165557861,train,10726,True
Cc1cnc(N)o1,1.9776999950408936,train,10727,True
CC12COC(=N)N1C2,4.177000045776367,train,10728,True
CCC12COC3CN1C32,0.6057000160217285,train,-1,False
N=c1[nH]nn[nH]c1=N,1.809000015258789,valid,-1,False
COc1ccoc1OC,1.5736000537872314,train,10729,True
CCC1C=C(C)C(=N)O1,3.0292000770568848,train,-1,False
N=c1cc[nH]nc1C=O,6.440000057220459,train,-1,False
COC1CCC(=O)CO1,2.7453999519348145,train,10730,True
CC1C2CC(=N)OC12,2.963900089263916,train,-1,False
N#CCN1CC(O)C1,3.496299982070923,train,10731,True
COCC(=N)NC(C)=O,5.887599945068359,train,10732,True
Cc1ncncc1N,3.823400020599365,train,10733,True
C1C2OC34CC(C3)C4C12,1.232200026512146,train,10734,True
COC(C)CC(O)CO,3.0562000274658203,train,10735,True
O=CC(O)c1cnon1,1.8286999464035036,train,10736,True
CCc1cc(C=O)co1,3.649600028991699,train,10737,True
C1=NC2CC3C(CC23)O1,2.097100019454956,train,10738,True
CC1N=C2OC3C2C13C,3.780400037765503,train,-1,False
O=C1CN2CC13OCC23,2.512700080871582,train,-1,False
Cc1c[nH]nnc1=N,4.860199928283691,valid,-1,False
CC12C3CCC1C2OC3,1.6031999588012695,test,10739,True
N=C1COC(=O)CO1,2.649899959564209,valid,10740,True
CCOc1cc(C)n[nH]1,3.0785000324249268,valid,10741,True
CN=c1cc(N)onn1,3.1377999782562256,valid,-1,False
CC1CC1C(=O)NC=O,5.573500156402588,train,10742,True
CCC1(C(C)OC)CN1,0.7172999978065491,train,10743,True
CC1(C23CC2CO3)CO1,1.0295000076293943,valid,10744,True
C1=CC2N3CC24C1CC34,2.186800003051758,train,-1,False
Cc1oncc1NC=O,5.512800216674805,train,10745,True
c1nonc1OC1CC1,3.406899929046631,valid,10746,True
O=C([O-])C1C[NH+]2CC1C2,12.499500274658203,train,10747,True
N#CC#CC1CN1,4.036399841308594,train,10748,True
N#CC12CC(N1)C2=NO,3.9514000415802,train,10749,True
C#CC1OC2CCC12,1.7894999980926514,train,10750,True
Fc1ccncn1,1.90910005569458,train,10751,True
Cn1ccc(=O)oc1=N,4.795899868011475,train,-1,False
COC1(C)C=CC(C)C1,1.0579999685287476,train,10752,True
CCC12C3C1N1C3C12C,2.075500011444092,test,-1,False
C1=CC2CCC2C=CC1,0.0375999994575977,train,10753,True
O=CN1C(=O)CC1CO,6.537499904632568,valid,10754,True
CC12OC3(C=O)C1NC23,3.103699922561645,train,10755,True
O=CC1=CC2C3OC1C23,4.547699928283691,train,10756,True
C#CC(O)C(N)=NCC,3.614399909973145,train,10757,True
C#CCC(=O)C1CC1C,2.231800079345703,train,10758,True
CCOC(C)C1COC1,2.9110000133514404,train,10759,True
CC1=C(CO)C2NC2C1,1.7786999940872192,train,10760,True
C1OC2CC3(CC3)C1O2,1.757699966430664,train,10761,True
CC1=C2NCC2NC1=O,4.531099796295166,train,10762,True
O=C1CC(O)C2CN12,3.947200059890747,valid,10763,True
CC1C(O)CC2C(C)C12,1.5196000337600708,test,10764,True
CC12OC3CC1C(O)C32,2.133500099182129,train,10765,True
COC1C(C)C1(C)CO,1.4362000226974487,train,10766,True
OCC1(CO)COC=N1,2.965100049972534,train,10767,True
CCC1COC12CC2,1.7680000066757202,train,10768,True
N#CC1(N)CC(O)C1,1.618899941444397,train,10769,True
CC#CC1CC(C#N)C1,4.449399948120117,train,10770,True
CC1CC2(C)OC12CO,2.0344998836517334,test,10771,True
O=CN1CC2CC21CO,4.986100196838379,train,10772,True
OC1C2OC3CC2(O)C31,2.872499942779541,test,10773,True
CC1CC1C1CC(O)C1,1.2829999923706057,test,10774,True
CN1CC1,1.1353000402450562,train,10775,True
CC1CCN(C(N)=O)C1,3.956899881362915,test,10776,True
CN(C=O)C(C)(C)C=O,2.252700090408325,train,10777,True
CC1(CO)C(O)C2CN21,1.4354000091552734,train,-1,False
N=c1nc(N)nn[nH]1,2.862600088119507,train,-1,False
Cc1ncc(CC#N)[nH]1,2.1761999130249023,train,10778,True
CCCC12C3C4C(C31)N42,1.6685999631881714,train,-1,False
C1CC23OC2CCC3O1,1.0406999588012695,test,10779,True
O=C1OC2CNC2C1O,5.855100154876709,train,10780,True
N#CC1CCC2CCN12,4.39139986038208,train,-1,False
CC1COC2C3CC12C3,1.621999979019165,train,10781,True
N#CCCC(O)CC=O,2.0729000568389893,train,10782,True
CC12C=CC(=O)CN1C2,3.3554000854492188,train,10783,True
CC1CCC(C)(CO)O1,2.688499927520752,train,10784,True
CC12CC3C(C1)C32C,0.4821999967098236,train,10785,True
CCC(C)C(=O)NC=O,5.492300033569336,train,10786,True
CC1C=CC2(C=O)CC12,3.3540000915527344,train,10787,True
C#CCc1ccoc1,0.4713000059127807,train,10788,True
C1CC2CC3CCC1C23,0.1958000063896179,train,10789,True
CC1CCCC(C#N)N1,4.45359992980957,valid,10790,True
CC1(C2CC2)OC2CC21,1.5628999471664429,train,10791,True
CC1CN1C(=O)NC=N,2.676500082015991,train,10792,True
COC(C)C(C)C(C)C,1.023300051689148,test,10793,True
CC1N(C)C1(C)C#N,5.11929988861084,train,-1,False
C1OC2CC3OCC1=C23,0.2381000071763992,train,10794,True
CC(C#N)C(=O)CCO,3.1373000144958496,train,10795,True
ON=C1CC(O)C12CN2,2.2307000160217285,train,10796,True
COC1C=CC2(C)NC12,2.1349000930786133,test,10797,True
O=C1NC2CC2OC1=O,6.611400127410889,train,10798,True
C#CC12CC(C)(C1)C2O,1.5805000066757202,train,10799,True
C1C2N1C1C3N4CC23C14,1.766700029373169,train,-1,False
C#CC(C)C(C#C)OC,1.1748000383377075,train,10800,True
O=C1C=CC2(CC1)CO2,3.185800075531006,test,10801,True
O=C1C2NC2C2(O)CC12,3.1810998916625977,train,10802,True
O=CC1C2CC(O)CC12,3.854300022125244,train,10803,True
O=C1C2C=CC1C1CC21,2.84660005569458,train,10804,True
O=CC1C2CCC12CO,2.899399995803833,train,10805,True
N#CC1C2C=CC(=O)C12,5.151299953460693,test,10806,True
C1OC2C3NC3C3C1C23,2.477400064468384,train,10807,True
C#CC1CN1C(=O)C=O,2.0789999961853027,train,10808,True
COC12C=CC3C1CC32,1.0456000566482544,train,10809,True
N#CCC12CC3C1CC32,3.947099924087525,train,10810,True
CC(=O)C(C)C1CC1O,2.7284998893737797,train,10811,True
O=CC1=CN2CCC2C1,4.529799938201904,train,10812,True
CC(=O)c1nc(C)c[nH]1,2.312299966812134,train,10813,True
O=CC12NC1CC2=NO,2.44729995727539,train,10814,True
CCC1CC1C(C)C=O,2.827199935913086,train,10815,True
CNc1oncc1CO,2.838900089263916,train,10816,True
OCC1C2CC1C21CN1,1.6713000535964966,train,10817,True
O=C1C=CNCC(O)C1,3.342600107192993,train,10818,True
CC1(C)C2NC(=O)C21C,3.7356998920440674,valid,10819,True
CC1(C)CC(=O)C12CC2,2.9779999256134038,train,10820,True
CC1=C2C3C(C1)C1C2N31,2.6482999324798584,train,-1,False
N#CC1OCOC1CO,2.642899990081787,train,10821,True
C#CC1C(C)CC1CC,0.6272000074386597,train,10822,True
CC1CC2OC2C1C#N,5.286900043487549,train,10823,True
N=COc1cncnc1,2.1517999172210693,train,-1,False
CC1CN=C(N)C1=NO,1.9225000143051147,test,10824,True
C1OC2C3C1C2C1OC13,2.7146999835968018,test,10825,True
CCc1cnc(C)o1,1.7932000160217283,train,10826,True
CC1C(=O)C2(C=O)OC12,3.335700035095215,train,10827,True
CCCOC(=O)NC,2.4093000888824463,train,10828,True
CC(=N)OCC#N,1.9312000274658203,train,10829,True
C#Cc1cocnc1=O,4.591300010681152,test,10830,True
CCCC(C#N)CO,3.251199960708618,train,10831,True
CC1C2CC1(C)C2(C)C,0.2084999978542328,train,10832,True
OC1CCC23CC(C2)C13,1.5901999473571775,valid,10833,True
CCC(NC=[NH2+])C(=O)[O-],2.774800062179565,train,-1,False
CN=C1NC2C(N)C2O1,2.141700029373169,train,10834,True
CCC12CC(C)C1C2O,1.611799955368042,train,10835,True
O=c1cccnc(O)c1,4.484399795532227,valid,10836,True
C1=C2CCC23NC3CC1,1.4780999422073364,train,10837,True
CCOC(C#N)C#N,4.587600231170654,train,10838,True
CCCC1CC=C(C)C1,0.2125000059604644,train,10839,True
O=CC12CC3CCN1C32,3.4256999492645264,train,-1,False
CNC(=N)C(=O)CCO,1.7835999727249146,valid,10840,True
C1CC23CCC12COC3,1.4990999698638916,test,10841,True
CC12CC(CO)=CC1C2,1.5192999839782717,test,10842,True
CC(C)C1CCCC1=O,2.6412999629974365,train,10843,True
CC12OC(=O)C1(N)C2O,3.4463999271392822,train,10844,True
O=C1CCC(O)CO1,3.82699990272522,valid,10845,True
CC1CC(C(C)CO)C1,1.3983999490737915,train,10846,True
N#CC12NC1C1CC2O1,3.72320008277893,train,10847,True
CC(C)N1CC1CC#N,3.989000082015991,valid,-1,False
COCC(=O)OCC=O,3.539999961853028,train,10848,True
CC12COC(O1)C(=O)C2,3.497299909591675,test,10849,True
CC12CC3(C=O)OC1C32,2.7427000999450684,train,10850,True
O=CC1CNC(=O)C1,2.9921000003814697,train,10851,True
CC12CC1c1cccn12,2.068599939346313,train,10852,True
CC12CC(C)(C1)N2C=O,3.912400007247925,train,10853,True
CC(CO)C(C)C(N)=O,3.004600048065185,train,10854,True
CN=C1NC(=O)C2NC12,1.723099946975708,train,10855,True
CC(CO)N1CC1,2.566999912261963,train,-1,False
O=C(CO)C1(CO)CO1,2.834700107574463,train,10856,True
CN1C=CCOCC1=O,3.4289000034332275,train,10857,True
NC(=O)Nc1ncon1,4.652400016784668,train,10858,True
CC(NC=O)C(O)C=O,1.535599946975708,train,10859,True
CN1C2CCC1(C)C2=O,2.145400047302246,train,-1,False
COC12CC3OC1C32O,0.3727999925613403,train,10860,True
CCC12OCC1C2(C)O,2.105600118637085,test,10861,True
O=CCC1C2CC1(O)C2,4.189899921417236,valid,10862,True
C#CC1OC2(C)CC12C,1.9467999935150144,train,10863,True
OCC1C2C3CC(O3)C12,2.5120999813079834,train,10864,True
OCC1CN1CC1CN1,3.282099962234497,train,-1,False
C1COC2C3OC2C3C1,2.464200019836426,valid,10865,True
CC(=N)N1C=NCC1=O,2.593600034713745,train,10866,True
COCC1(O)CC(=O)C1,3.621299982070923,train,10867,True
OCC1CC2NC12,1.4391000270843506,train,10868,True
CC12OC1C=CC2C=O,3.103399991989136,train,10869,True
N=c1ncc(C=O)no1,2.041699886322021,train,-1,False
O=C1C2C=C(CO)C1O2,3.220599889755249,train,10870,True
C1C2N1C1C3C4CC32C41,1.442199945449829,train,-1,False
CC1OC2C(C#N)C12O,3.942500114440918,valid,10871,True
C#CCn1ncoc1=O,2.456899881362915,train,10872,True
O=C1C=CC2C(O)C2O1,4.127999782562256,train,10873,True
N#CC1COC1CCO,2.848700046539306,train,10874,True
CC(O)C1(C#N)NC1C,2.2355000972747803,train,10875,True
N#CC1CC(O)C1C=O,4.149600028991699,train,10876,True
Cc1cc(F)c(F)cn1,1.4529000520706177,train,10877,True
N#CC(=O)C(=N)N,5.719799995422363,valid,10878,True
CC(=O)C1OCCC1O,2.2058000564575195,train,10879,True
Oc1nc(C2CO2)c[nH]1,2.3018999099731445,test,10880,True
CC12NC1C1NC12CO,2.399499893188477,train,10881,True
NC1=NCCC(=O)N1,2.541199922561645,train,10882,True
O=C1CC2(O)CC2C1O,2.542099952697754,train,10883,True
Nc1c[nH]c(CO)c1O,3.2111001014709477,train,10884,True
C#CCCC1CC(=N)O1,2.3224000930786133,train,10885,True
CC1COCC2(O)CC12,1.8845000267028809,train,10886,True
O=C1OCC(O)C2CC12,3.34470009803772,train,10887,True
C1COCC2CC2C1,1.2302000522613523,train,10888,True
CC1C(=O)C(C)C1C#N,3.707900047302246,train,10889,True
CCNc1[nH]cnc1O,1.9688999652862549,train,10890,True
CCC1C2CC3C(O2)C13,1.4918999671936035,test,10891,True
C#CC1OC1(C#N)C#N,4.100900173187256,train,10892,True
C1OC23C1CC21CC3O1,1.319200038909912,train,10893,True
COC(C)c1ncc[nH]1,2.569299936294556,train,10894,True
C#CC12CCN1C2C#N,3.0566999912261963,test,-1,False
O=C1NC2CC2C2NC12,3.8898000717163086,test,10895,True
O=CN1C=CCC2CC21,3.854599952697754,train,10896,True
CC1=CC=CCC(=O)N1,3.1833999156951904,valid,10897,True
C1=CC2(CO2)C2(C1)CN2,2.4649999141693115,train,10898,True
Nc1onc2ocnc12,3.307800054550171,train,10899,True
CC(=NCCO)OC=O,4.288400173187256,train,10900,True
CC1(C#N)C(=O)C2CN21,5.1483001708984375,train,-1,False
CC#CC(C)(CC)CO,1.4460999965667725,train,10901,True
CC1CN2C(=O)NCC12,4.499000072479248,valid,10902,True
O=C1CC(C2CCC2)O1,4.288899898529053,train,10903,True
N=C(CO)N1C=NCC1,1.312600016593933,train,10904,True
CC#CC(C)(O)C(C)C,1.770799994468689,train,10905,True
C#CC1CC1C(C)(C)O,1.5705000162124634,train,10906,True
Nc1occ2c1NCC2,0.9435999989509584,train,10907,True
C#CC(C#C)C1CCO1,1.9327000379562376,train,10908,True
Nc1[nH]c(O)nc1O,0.4736999869346618,train,10909,True
CC(C)CC(C)OC=O,3.968400001525879,test,10910,True
N=C(OC=O)C1CCO1,3.702800035476685,train,-1,False
ON=C1CCC2CC2C1,0.8729000091552734,train,10911,True
N#CC1C=CCOCO1,4.99560022354126,train,10912,True
CC1(O)C(=O)C(O)C1O,0.9976000189781188,train,10913,True
CCCc1n[nH]cc1C,1.9701999425888064,valid,10914,True
OCCOc1ccno1,2.023200035095215,train,10915,True
CCOC(C)CC,0.9463000297546388,train,10916,True
Nc1cnco1,2.96589994430542,train,10917,True
C#CCC1(C#C)CO1,1.903499960899353,train,10918,True
OCCCc1cnco1,3.024800062179565,train,10919,True
C#CC(=O)C1CC2NC21,3.4647998809814453,train,10920,True
CCOC1CN(C)C1=O,2.637700080871582,train,10921,True
CCc1ncc(CO)[nH]1,1.9958000183105469,train,10922,True
COc1[nH]c(N)cc1C,2.2083001136779785,valid,10923,True
OC1C=C2CCOC2C1,2.0304999351501465,train,10924,True
O=CC12CC3C4C3N1C42,3.3684000968933105,test,-1,False
Cn1nnc(=O)nn1,5.41349983215332,train,10925,True
C#CC(CC#N)C(C)C,3.4556000232696533,train,10926,True
O=C1CC(=NO)CO1,3.7376999855041504,train,10927,True
CCCC12COCC1C2,1.6025999784469604,valid,10928,True
N#CCCCCCCO,3.9521000385284415,train,10929,True
O=C1C=CNCC12CN2,4.934599876403809,train,10930,True
O=C1CCC12NCC2O,1.5077999830245972,train,10931,True
CC1=NC(C)C=CCO1,1.4189000129699707,train,10932,True
C#CC1NC1CCC=O,3.155600070953369,train,10933,True
CC1N(C)C1(C)C1CC1,1.3229000568389893,train,-1,False
CCCC(C)C#CC#N,5.600599765777588,train,10934,True
N#CC12CC1N=C(N)N2,4.208199977874756,train,10935,True
Cn1cnc(O)nc1=N,3.97979998588562,train,-1,False
CC(O)CCCC#N,5.181099891662598,train,10936,True
CCC1CC(=O)C1O,2.1798999309539795,train,10937,True
N#Cc1cncnn1,3.4209001064300537,train,10938,True
COC(C)CCCO,1.3809000253677368,train,10939,True
C1OC2C3C1C1OC1C23,3.019700050354004,train,10940,True
O=C(CC1CN1)N1CC1,2.4851999282836914,test,10941,True
CC1OC(=O)C2NC12,5.090199947357178,test,10942,True
OCC1NC12CCC2,2.4479000568389893,train,10943,True
N#CC1OC23CN(C2)C13,3.843400001525879,train,-1,False
CC(C)N1C2C3CC3C21,0.7692000269889832,train,-1,False
CC(O)CCCC(C)O,2.7690999507904053,train,10944,True
N=COC1C(=N)N2CC12,3.7776999473571777,test,-1,False
CC1C2N1C(C)C21CN1,2.074399948120117,train,-1,False
CCC1(N)CNC1C#N,4.462100028991699,train,10945,True
N#CCC12CCC1C2,4.085400104522705,train,10946,True
O=C1NCC2CCCN12,4.03249979019165,train,10947,True
N#CC12CC1NC(N)=N2,6.532800197601318,train,10948,True
CC1(O)C2CC3CC2C31,1.2556999921798706,train,10949,True
C1Cc2nnoc2O1,4.84250020980835,train,-1,False
CC12CC1C1C(CO)N12,1.405900001525879,test,-1,False
CN1C2C(O)C1C21CC1,2.373500108718872,train,-1,False
C#CC12CC1(O)C(C)O2,2.6424999237060547,train,10950,True
OCCCc1ccc[nH]1,2.2967000007629395,train,10951,True
CC(C)C1(C)CN1C,1.1491999626159668,train,10952,True
C#CC1C2C3CC3(C)N12,1.295300006866455,test,-1,False
CC1(O)CC(OC=N)C1,4.286200046539307,train,10953,True
CC#CC(CO)CCC,1.8990999460220337,train,10954,True
OC1C2OC1C1C(O)C21,1.631500005722046,train,10955,True
N=c1cconnc1=O,1.860599994659424,test,-1,False
CC1=CNC(=O)N2CC12,4.24970006942749,train,10956,True
CC1(C#N)C(N)C2CN21,4.885799884796143,train,-1,False
CCC1(C)CCC1=O,2.542799949645996,train,10957,True
CC12COC(CC1O)O2,2.3598999977111816,train,10958,True
CC12CC3C(CO)C1N32,2.828900098800659,train,-1,False
CC1OCC2(CC2)CO1,1.5225000381469729,train,10959,True
CC12C3CN(C31)C2(C)C,1.6821000576019287,train,-1,False
CC1(C)CCOC(=N)O1,4.788300037384033,train,10960,True
C#CC(=O)CC1CC1O,2.274399995803833,train,10961,True
O=C([O-])COC1C[NH2+]C1,5.78249979019165,train,-1,False
N#CC(C#N)(C#N)C#N,0.0001999999949475,train,10962,True
CC(O)C1C2N=COC21,2.7994000911712646,train,-1,False
COC1C2C3C1C2N3C,1.0288000106811523,train,10963,True
NC(=O)OC1CC1O,2.8575000762939453,train,10964,True
CN=C1OC(C)CC1=O,4.2667999267578125,test,10965,True
Cc1ccc(C)c(N)c1,1.4984999895095823,train,10966,True
CC(=O)C1C=CCO1,3.1215999126434326,train,10967,True
CC1CC(=NO)CC1=O,2.022900104522705,train,10968,True
CC12COC13COC3C2,1.8253999948501587,train,10969,True
N#CCCOCC=O,1.360200047492981,train,10970,True
CC(O)C(O)C1(C)CO1,1.5755000114440918,valid,10971,True
C#CC(OC=O)C(C)O,3.087500095367432,train,10972,True
O=C1C=C2C=CCC2C1,4.585599899291992,train,10973,True
C#CC1=NC(C=O)CN1,2.678299903869629,valid,-1,False
CC12C3C=CC14OC2C34,1.9383000135421755,train,-1,False
OC12CC3C4OC3C1C42,2.183799982070923,train,10974,True
O=CC1CCCCC1O,3.761699914932251,train,10975,True
CCC12CC(CO)(C1)O2,2.3050999641418457,train,-1,False
OCC1OC2C3NC3C12,4.151899814605713,train,10976,True
Nc1cc2n(n1)C=CC2,1.9794000387191768,train,10977,True
O=CNC1CC1(O)CO,4.492599964141846,train,10978,True
O=C1Cc2cn[nH]c2C1,1.4938000440597534,train,10979,True
Nc1cc(C=O)ccn1,3.4546000957489014,train,10980,True
CC#CCCC1OC1C,1.820099949836731,train,10981,True
CC12OC(CC1O)C2O,2.875600099563598,train,10982,True
Nc1ncoc(=O)c1F,4.799799919128418,train,10983,True
C#CC(C)(N)C#N,2.6809000968933105,train,10984,True
Nc1cocc1[N+](=O)[O-],3.719899892807007,train,10985,True
CC1=CCC2OC1C2O,1.2657999992370603,test,10986,True
CCC1CN=COCO1,1.687999963760376,train,10987,True
C1=CC23OCC4C2C1C43,1.4293999671936035,valid,10988,True
C#CCC1(C)OC1C,2.036799907684326,train,10989,True
CC1C2OCC(=O)C12,2.2802999019622803,test,10990,True
N=C1OCCC2C(O)C12,3.2098000049591064,train,10991,True
CC1OCC12CCCC2,1.8861000537872317,test,10992,True
O=C1C2CCC1C1NC21,4.329100131988525,train,10993,True
Nc1oncc1C1CN1,3.5448999404907227,train,10994,True
O=C1CC2C1C21CCC1,3.4730000495910645,train,10995,True
COCc1ncc(N)o1,2.5936999320983887,train,10996,True
CC1CC2C(=O)OCC12,4.424499988555908,train,10997,True
C#CC(C#N)NC,4.278299808502197,train,10998,True
C#CC12COC=NC1C2,1.4686000347137451,train,10999,True
N=C1CCC(=O)O1,2.4934000968933105,train,11000,True
OC1CC=C2CC=CC21,1.6292999982833862,train,11001,True
COc1nc(C)cn1C,2.118799924850464,train,11002,True
CC1NC12C=CCC2O,1.825700044631958,train,11003,True
COC1C(CO)C1CO,2.482599973678589,train,11004,True
O=CCC1CC(=O)C1,0.7946000099182129,train,11005,True
CC1C2CC=CC(=O)N12,4.30810022354126,test,11006,True
COC1(C)C=CC(=N)O1,3.160599946975708,train,11007,True
Cn1cnoc(=O)c1=N,4.795599937438965,train,-1,False
COC12CCOC(C1)C2,1.1567000150680542,train,11008,True
OC1CN2CC3(CN3)C12,3.0855000019073486,train,-1,False
C#CCCCC1CCC1,0.8220000267028809,train,11009,True
CC1=CC2CC2(CO)C1,1.3180999755859375,train,11010,True
C#CC1(C)C2COC21C,1.111600041389465,train,11011,True
NC12CC1OC2=O,3.342400074005127,valid,11012,True
N#CC1(CN)COC1=N,5.001399993896484,train,11013,True
CCc1ncoc1NC,2.5748000144958496,train,11014,True
C#Cc1[nH]ccc1NC,0.9832000136375428,train,11015,True
C#CC1OC(=O)C2OC12,4.1956000328063965,valid,11016,True
N=C1NC(=N)C2(CC2)O1,2.62310004234314,train,11017,True
CC1(C)CC(O)C1(C)O,1.5353000164031982,train,11018,True
CC1(C(C#N)CO)CO1,2.0360000133514404,train,11019,True
CN=c1occ[nH]c1=O,4.87470006942749,train,-1,False
CC1(O)CCCC(O)C1,1.9646999835968015,train,11020,True
C#Cc1c[nH]c(=NC)o1,2.7909998893737797,train,-1,False
C#CC1C2CC3C2C13C,0.8339999914169312,train,11021,True
CCCC1(C)CC1(C)O,1.2684999704360962,train,11022,True
CC(C)Cc1cnc[nH]1,3.7011001110076895,train,11023,True
CC1COCOC12CC2,1.6717000007629397,train,11024,True
CC(=O)OC1CC(O)C1,2.2860000133514404,train,11025,True
OC12CC3=CC4C1N4C32,2.0114998817443848,test,-1,False
CN=c1ncnncn1,2.0838000774383545,train,-1,False
C1CCC2C3CC2C3C1,0.215499997138977,train,11026,True
CCC(C=O)C(C)CO,1.6203999519348145,train,11027,True
CC1(O)C(=O)OC2CC21,3.1391000747680664,train,11028,True
C#CCC(C#CC)CC,0.8618999719619751,train,11029,True
C#CC1CC2(COC2)O1,2.273900032043457,train,11030,True
OC12CCC1(O)C1CC12,2.237299919128418,train,11031,True
CN1C2C=CC1C1NC12,1.919600009918213,test,-1,False
NC(=[NH2+])c1[n-]nnc1O,8.841699600219727,train,-1,False
CC1(C=O)NC1(C)CO,1.9278000593185425,train,11032,True
CC1CNC(=O)C12CC2,3.713500022888184,train,11033,True
O=CNc1cnno1,6.031799793243408,train,11034,True
CC(=O)C12COC1CN2,2.87719988822937,valid,11035,True
CN(C)C(=O)C1COC1,4.2083001136779785,train,11036,True
CC12OC3C(OC1=O)C32,4.553299903869629,train,11037,True
CC1(C)CC1(C#N)C#N,5.251800060272217,test,11038,True
CNC(C)c1nc[nH]n1,2.5374999046325684,train,11039,True
N#CC12OCC1CC2O,3.408400058746338,test,11040,True
CC1NC1CC(O)CO,4.55079984664917,train,11041,True
CC12CC=CC1COC2,1.4012999534606934,train,11042,True
O=CC1C(O)CC12CN2,5.540800094604492,train,11043,True
O=CCCC12CCC1N2,3.0559000968933105,train,11044,True
CC1=CC=CCOC1,1.0094000101089478,train,11045,True
CCC1NC(C)(C)C1=O,2.438499927520752,train,11046,True
C#Cc1c[nH]cc1OC,3.47790002822876,train,11047,True
OC12CC34CC=C(C13)C24,1.4779000282287598,test,-1,False
CC1CC2=CCC(O)C21,1.3696999549865725,valid,11048,True
OCC1(O)C2CC3C2C31,1.975200057029724,train,11049,True
CC1C2C=CC1(O)C2,1.0735000371932983,train,11050,True
Cn1cnc(OC=N)c1,5.311299800872803,train,-1,False
CC#CCOCC(C)=O,2.0882999897003174,train,11051,True
C#Cc1ocnc1CO,1.6908999681472778,train,11052,True
N#CC1CCC1NC=O,2.5696001052856445,train,11053,True
CC1C=CC(=O)N1C=O,6.587399959564209,train,11054,True
Nc1nncc(F)c1O,3.9583001136779785,train,11055,True
N#CCCNCC#N,0.9415000081062316,train,11056,True
COC=NC1CC(C)C1,2.811800003051758,test,11057,True
COCC1C2CC(=O)N12,3.3276000022888184,train,11058,True
CC1C(C)C(C=O)C1C,3.081199884414673,valid,11059,True
CC(CC#N)CC1CC1,4.126999855041504,train,11060,True
OCC(O)C1OCCO1,2.478100061416626,train,11061,True
CC1(c2cc[nH]c2)CC1,1.9078999757766724,train,11062,True
CCOC(C)CN1CC1,1.77400004863739,valid,-1,False
COCC1CC2NC12,1.510200023651123,train,11063,True
CC1CN=COC(C)C1,2.345499992370605,train,11064,True
C#CCc1coc(=N)[nH]1,3.42549991607666,train,-1,False
CC12CCC1NC(=O)N2,4.036799907684326,train,11065,True
COC1CC(C)CO1,0.7351999878883362,train,11066,True
CC1CC2CCCC2O1,1.4484000205993652,train,11067,True
N=C1OC2C3N=CN1C32,2.6714000701904297,train,-1,False
CNc1cnc(F)cn1,3.562000036239624,train,11068,True
COCC(C)(O)C(C)C,2.163100004196167,test,11069,True
COC1C=C(C)C(C)C1,1.2110999822616575,train,11070,True
CN=C1COC2CC2O1,2.4672999382019043,train,-1,False
OC12CC3CC1C2(O)C3,2.4200000762939453,train,11071,True
CCN=C1CCCO1,2.885499954223633,train,11072,True
CC1=NC(C)C(C#N)O1,3.0536000728607178,train,11073,True
CC(O)C1C2CC(=O)N21,3.085599899291992,train,11074,True
CC1C2OC(C#N)C12N,5.42710018157959,train,11075,True
C#CC1C2OC1(C)C2O,1.2984000444412231,train,11076,True
N#CC12OC3C4C(C31)C42,4.8354997634887695,train,11077,True
CC(O)C12COC1CN2,2.036600112915039,train,11078,True
CCC(OC)C1(C)CN1,2.31060004234314,train,11079,True
N#CC1(O)C2C3CN3C21,2.7971999645233154,train,-1,False
CC12C=CC(O)C(C1)O2,2.363899946212769,train,11080,True
N#CC(O)c1ncc[nH]1,4.561600208282471,train,11081,True
CC(=O)CN(C)C(C)=O,3.289499998092652,train,11082,True
O=CC1=CNC2(CC2)C1,5.420499801635742,train,11083,True
O=C1COC23CC(C2)C13,1.910599946975708,train,11084,True
CC(OC=O)C(F)(F)F,3.640300035476685,train,11085,True
CCC1=CCC(=N)OC1,3.5927000045776367,train,-1,False
CC1(C(C=O)CO)CC1,3.85260009765625,train,11086,True
Cc1nocc1CC#N,3.5185000896453857,train,11087,True
OC1CC23COC2(C1)C3,1.8116999864578247,train,11088,True
CC1COCC2CC1O2,0.840399980545044,train,11089,True
CCC1C(O)C1CCO,3.323899984359741,test,11090,True
CCC1(C=O)C2CC1C2,2.703200101852417,valid,11091,True
CC12OCC3CC1CC32,1.312199950218201,train,11092,True
O=C1C=CC2(CC2)CO1,5.22130012512207,train,11093,True
Cc1cc(C2CN2)c[nH]1,3.497100114822388,train,11094,True
COc1nocc1CO,3.16510009765625,train,11095,True
CC(CO)[NH2+]CC(=O)[O-],5.742199897766113,valid,-1,False
COc1nc(O)c(O)[nH]1,0.8842999935150146,train,11096,True
COc1cncc(=N)o1,4.047999858856201,train,-1,False
N#CC1C2C=CCC1O2,2.2260000705718994,train,11097,True
CNC1(C#N)CCC1,4.430399894714356,train,11098,True
CC1CN1C(C#N)CN,4.098199844360352,train,-1,False
CCC1COCC2OC12,1.0779000520706177,test,11099,True
O=C1CC2CN12,3.813100099563599,valid,11100,True
CCC#Cc1nc[nH]n1,1.905900001525879,train,11101,True
OC1CC2CC1OCO2,3.0211000442504883,train,11102,True
CN1CC(O)CNC1=O,3.61899995803833,train,11103,True
CC12CN(C=O)C1C2O,4.512599945068359,train,11104,True
C1OC2C3C1C3C21CO1,2.146899938583374,train,11105,True
N=c1cnc(=O)nn[nH]1,4.023399829864502,train,-1,False
CC1(C#N)C2CCN21,5.213399887084961,train,-1,False
CNC12CC1OC2=N,1.7208000421524048,valid,11106,True
Cc1ncn(C)c(=N)n1,2.3940999507904053,train,-1,False
CC1CC=CC(=O)CC1,3.747100114822388,train,11107,True
CC1CC(C)OCO1,1.7741999626159668,train,11108,True
C#CC(=O)CC(C)CC,2.6178998947143555,train,11109,True
CC12C3C4CC3C1(O)C42,1.031599998474121,train,11110,True
COC1CC2(O)CC2O1,1.271299958229065,train,11111,True
CNC12CNC1(C#N)C2,4.815899848937988,train,11112,True
Cc1cnc(C2CO2)o1,2.6561999320983887,train,11113,True
CCC(C)(CO)C(C)O,1.9993000030517576,train,11114,True
COCC1C=C(C)CC1,0.9067999720573424,train,11115,True
C#CC1OC(=O)N2CC12,4.8917999267578125,train,11116,True
COC12CCC1OC2,2.1326000690460205,train,11117,True
C1=CC2C3CCC1OC23,1.2520999908447266,train,11118,True
CC(C#N)c1c[nH]nn1,2.138999938964844,test,11119,True
CC(C)(OC=N)C1CO1,3.993200063705444,train,-1,False
N#CCOCC=O,2.854700088500977,train,11120,True
CCC1C(O)CC1O,2.4605000019073486,train,11121,True
CC1(C)NC(=O)C=C1N,5.867000102996826,test,11122,True
C#CCN1C=CCC1=O,2.9672999382019043,train,11123,True
O=CC1C=CC(=O)CO1,1.6742000579833984,train,11124,True
O=C1CNC2C3OC3C12,3.546799898147583,train,11125,True
C#CC1OC1C(C)C#N,2.3220999240875244,train,11126,True
C#CC1OC1C#CCO,1.2696000337600708,train,11127,True
CC(O)C1CCCOC1,0.4772999882698059,train,11128,True
CC1OC1C1(CO)CO1,2.5917000770568848,train,11129,True
COC(=O)CC1(C)CO1,2.175299882888794,train,11130,True
CC1(C(O)C=O)CCO1,1.5211000442504885,train,11131,True
C#CC(O)C1CCC1=O,2.348299980163574,train,11132,True
CC#CC(CC)OC=N,3.697900056838989,train,-1,False
CC12C3COC1C2C3=O,3.6849000453948975,train,11133,True
CC12COCC1C(=O)O2,4.542799949645996,train,11134,True
O=CCC1C2OCOC12,3.713399887084961,test,11135,True
CCN=C1NC(C)CO1,3.4274001121521,train,-1,False
CC12CC1CC(=O)C2O,2.65910005569458,test,11136,True
N#CC1OCC(O)CO1,5.152100086212158,train,11137,True
CC1(C)C2CC1C(=O)O2,4.405099868774414,train,11138,True
COc1cc(N)[nH]n1,2.706899881362915,train,11139,True
CC#CC(C)C1CC1O,1.4392999410629272,train,11140,True
N#CC12CN3C(C1=O)C32,3.9330999851226807,train,-1,False
C1OC23CCC2C2C1C23,1.3896000385284424,train,11141,True
C#CC1=CNC(=O)CC1,2.025099992752075,valid,11142,True
CC1N=C(C=O)NC1=N,0.5421000123023987,train,-1,False
C#Cc1nc(N)c(C)o1,2.0392000675201416,valid,11143,True
C#CC(CO)OCCO,2.5183000564575195,train,11144,True
N#CC1C(N)CC2CN21,3.585900068283081,train,-1,False
CCCC1COCC1=O,1.6706000566482544,train,11145,True
CN(C=N)c1nn[nH]n1,2.7985999584198,train,11146,True
C#CCCC1C2COC12,2.0550999641418457,train,11147,True
C#CC1C2CC(C)C1C2,0.8651000261306763,train,11148,True
O=CC12CC(CO1)C2=O,3.779799938201904,train,11149,True
COC1C(O)CC1C#N,3.653899908065796,valid,11150,True
CCC1OCC1C1CC1,1.7908999919891355,train,11151,True
C#CC1N(C)C1(C)C#C,1.3538999557495115,train,11152,True
CC#CC(=O)CN1CC1,2.9567999839782715,train,11153,True
C#CCn1nnc(C)n1,2.3145999908447266,valid,11154,True
C#CC1CN1CC#N,4.1656999588012695,train,11155,True
C[NH2+]CC(O)CC(=O)[O-],7.135900020599365,train,-1,False
C#CC1NC1C1OC1C,1.9170000553131104,train,11156,True
C#CC1CNC(C#N)=N1,4.754099845886231,valid,-1,False
CC1(C)OC2C=CC1O2,1.6303999423980713,test,11157,True
N=C1OCC(C=O)O1,2.615499973297119,valid,11158,True
CN=COC(CO)CO,2.40910005569458,test,11159,True
CC#Cc1ncnn1C,3.911099910736084,train,11160,True
N=COC1CC=CC1O,2.8850998878479004,train,-1,False
O=CCOC12CN(C1)C2,1.054800033569336,valid,11161,True
CCOC(=O)CN(C)C,1.868000030517578,train,11162,True
OCC1CC(O)C12CN2,0.3513000011444092,train,11163,True
CCC(=O)C(C)OC=N,2.1182000637054443,train,-1,False
O=C1NCC=C2CCC12,3.466599941253662,train,11164,True
CC1CCCN=COC1,2.301100015640259,train,11165,True
CN1CC12COC2C=O,3.904799938201904,train,-1,False
CC1(CO)CC2CC21,1.52839994430542,train,11166,True
O=C1COC2C(=O)OC12,2.610300064086914,train,11167,True
OCCn1cc(O)cn1,0.7221999764442444,train,11168,True
CCOC1C2CC1C2O,1.9112000465393064,train,11169,True
CC1CN2CC1C2C=O,2.5025999546051025,train,-1,False
COCCC1CC(=N)O1,2.7076001167297363,train,11170,True
CC1CCC(C#N)OC1,5.032599925994873,train,11171,True
CC1CCOC12CC2O,0.8847000002861023,train,11172,True
CN1C2C3NC3C21C=O,3.027899980545044,train,11173,True
CC1(C2(C=O)CO2)CC1,2.2300000190734863,train,11174,True
N=C1OCCC1C=O,2.202199935913086,train,-1,False
C1=NC2C3OCCC23O1,2.14490008354187,train,11175,True
CC1(C2=NCCN2)CO1,1.7770999670028689,test,-1,False
CC(CO)C(O)CC#N,4.4980998039245605,train,11176,True
CC1(C2CCO2)CN1,1.4931999444961548,train,11177,True
CN1C2COC(C)(C)C21,0.7282000184059143,train,-1,False
CC(C)(C=O)C(O)C#N,1.9147000312805176,train,11178,True
O=C1C=CCC(O)C1,4.2743000984191895,valid,11179,True
CC1CCC1OCCO,2.170399904251098,valid,11180,True
CC12CC3CCC(O1)C32,1.595900058746338,train,11181,True
CC#CCOC1CC1O,2.8394999504089355,train,11182,True
N#CC1C2OC(=N)OC12,5.995699882507324,train,11183,True
NC(=O)N1CC12COC2,1.833199977874756,train,11184,True
C#CC1(C)NC1CCO,1.6512000560760498,train,11185,True
CC1OC(CO)CC1O,3.618799924850464,valid,11186,True
CC1CC1C(O)CO,2.62280011177063,train,11187,True
CC#CC(C=O)C(C)O,2.782700061798096,test,11188,True
C#CC1(CO)C2COC21,2.188800096511841,train,11189,True
C#CC12CC(CC)(C1)O2,1.8245999813079836,valid,-1,False
CC(=N)NC(=O)OC=N,1.8293999433517456,train,-1,False
C#Cc1cc(=O)nc[nH]1,7.406700134277344,test,11190,True
CC1=CCOCC2NC12,2.496000051498413,train,11191,True
Cc1oncc1N,3.941800117492676,valid,11192,True
CC(C#N)NCC1CO1,5.05079984664917,train,11193,True
c1n[nH]c(NC2CC2)n1,4.19950008392334,train,11194,True
CCC12C3C4N3C1C42C,2.225100040435791,train,-1,False
COC1CC(=O)N(C)C1,3.6398000717163086,train,11195,True
N=c1oncn1CC=O,1.3566999435424805,train,-1,False
Cn1ccc(=NO)cn1,3.0787999629974365,train,-1,False
Cc1nc(O)c(N)o1,1.932000041007996,train,11196,True
COc1coc(C)c1C,0.5440999865531921,test,11197,True
Cc1oc(C=O)nc1O,3.762200117111206,test,11198,True
C#CC1C2CCCC12,0.8859000205993652,train,11199,True
Nc1coc(N)c1CO,2.2167000770568848,train,11200,True
O=CCN1C=NCC1=O,1.0264999866485596,train,11201,True
CC(O)Cc1nc[nH]n1,4.218299865722656,train,11202,True
O=C1OCCC(CO)O1,4.998600006103516,train,11203,True
N#CC1=CC2NC2C1=O,6.930500030517578,train,11204,True
CC(=N)OC(=O)C1CN1,3.35260009765625,train,11205,True
C1=CC2CC3CC2CC13,0.2203000038862228,train,11206,True
Cc1cc2ncoc2[nH]1,3.4665000438690186,valid,11207,True
CNC(C)(C)C(=O)OC,2.229399919509888,test,11208,True
Nc1coc([N+](=O)[O-])c1,6.132599830627441,test,11209,True
Cc1cc(F)ccc1O,2.2309000492095947,train,11210,True
CC1C2OC=NC12C=O,2.3891000747680664,train,11211,True
Cc1[nH]c(N)cc1C=O,5.445300102233887,train,11212,True
N=C1CNC(CO)CO1,1.6933000087738037,train,11213,True
C#CCC(O)C1CN1,2.386699914932251,valid,11214,True
CCC1(O)C(=O)OC1C,3.3113999366760254,train,11215,True
CC1CN1C1CC2NC21,2.320499897003174,train,-1,False
CNC1=NCCOC1=N,0.926800012588501,train,-1,False
COc1cc(N)n(C)c1,2.020400047302246,train,11216,True
O=COC1CCCCO1,5.076499938964844,train,11217,True
CN1C2C(=O)C1C21CN1,4.026299953460693,test,-1,False
CCC12C(=O)NC1C2O,4.569300174713135,train,11218,True
CCC1(N2CC2)CC1O,0.5286999940872192,valid,-1,False
OCCCC(O)CO,3.265399932861328,train,11219,True
CCC1(C#N)CC(=O)O1,4.057199954986572,train,11220,True
CC12CC1CC(O)C2O,2.325400114059448,train,11221,True
CC1(O)CCOC1(C)C,1.9804999828338623,test,11222,True
CC1C=CCC(C)C1,0.2286999970674514,train,11223,True
C#CC(O)CC1(O)CC1,2.1451001167297363,train,11224,True
Cc1cnc(O)n1C=O,4.420100212097168,train,11225,True
CC(C)(C)CCC#N,4.300600051879883,valid,11226,True
OC1C=CCC2CC1C2,1.8378000259399412,train,11227,True
CC(C)C(C)COC=O,4.190299987792969,train,11228,True
c1nc2oncc2o1,3.387200117111206,train,11229,True
C#CC12C=C(C)C(C1)O2,2.05679988861084,test,11230,True
OCCC1CC2CC1O2,2.822499990463257,valid,11231,True
CC12CNC1C(C#N)O2,4.779600143432617,test,11232,True
C#CC1=CC(=O)N2CC12,4.541900157928467,train,11233,True
C1CC23CC(O1)C2CO3,0.7110999822616577,train,11234,True
CNCC1(C#N)CCO1,4.862299919128418,train,11235,True
CC1CCC(C#N)N1C,4.360199928283691,test,-1,False
OCC1CCCO1,2.77810001373291,train,11236,True
N#CCCC(=O)NC=N,5.212299823760986,train,11237,True
CN=CNc1conn1,4.177000045776367,train,11238,True
CC1C2C3C4NC4C2N13,2.938699960708618,train,-1,False
N=C1CC(C(F)(F)F)O1,1.791700005531311,train,11239,True
O=C1C(CO)CN2CC12,2.5713999271392822,train,-1,False
N#Cc1cc(N)on1,6.737299919128418,train,11240,True
CCN1C=CC(=NO)C1,2.927999973297119,train,-1,False
OCC12CC3C4C(C31)C42,1.3659000396728516,train,11241,True
Cn1cc(CC#N)nn1,2.8568999767303467,valid,11242,True
N=c1occ2n1CCN2,4.453199863433838,test,-1,False
CCOC(C)(C)CC=O,3.3861000537872314,valid,11243,True
C#CCC(O)C(=O)C#C,3.1489999294281006,train,11244,True
CN1CC2OCC21C,2.2881999015808105,valid,-1,False
O=CC1CC12COC2,2.674099922180176,train,11245,True
CCc1ccc(N)n1C,1.4503999948501587,train,11246,True
C#CCn1cncc1O,2.9976999759674072,valid,11247,True
Cc1c[nH]c(N)c1C=O,4.377200126647949,train,11248,True
CCC1C=CCC1OC,1.0020999908447266,test,11249,True
O=C1C2C=CCC1(O)C2,2.142899990081787,train,11250,True
CC1CC=C2C3NC3C21,1.5492000579833984,valid,11251,True
OCCCC(O)C1CN1,2.7184998989105225,train,11252,True
C#CC1C2CC1O2,1.486899971961975,train,-1,False
CCC1(O)CC(O)C1O,1.0667999982833862,train,11253,True
C1CC23COC2C1N3,0.8787000179290771,train,11254,True
O=CCn1ncc(O)n1,1.479699969291687,train,11255,True
CC1(O)C2CC3NC3C21,1.753499984741211,train,11256,True
N#CC12CCC(=O)C1C2,3.2767999172210693,train,11257,True
Oc1cc2n(n1)CC2,2.5882999897003174,train,11258,True
C#CCCCC(=O)CO,4.082300186157227,test,11259,True
C#CC12CC3C(O1)C32C,2.096199989318848,train,11260,True
OCCC#CC(F)(F)F,3.091399908065796,train,11261,True
CC#CCCOC,1.1704000234603882,train,11262,True
CCC1(C)C2NC(=O)C21,3.916599988937378,train,11263,True
N=c1c(F)c[nH]nc1N,3.236000061035156,train,-1,False
C1OC2C3OC24C1CC34,2.070499897003174,train,-1,False
N=c1occ(O)oc1=O,3.640300035476685,train,-1,False
CCC12CC(C)C1(O)C2,1.061900019645691,valid,11264,True
OCC1=CC2C3C1CN23,2.996900081634521,train,-1,False
N#Cc1cc(=N)nc[nH]1,4.136600017547607,test,-1,False
CC(C)(C=O)OC=N,3.1810998916625977,valid,11265,True
CC1C(=O)CC1CC=O,1.3760000467300415,train,11266,True
C#CCCC(C#C)C=O,2.059799909591675,test,11267,True
C1OC2CC3C1CC3O2,2.4958999156951904,train,11268,True
CCCCC(C)(C)C#N,4.134300231933594,train,11269,True
CC1(C2CCOC2)CC1,1.6901999711990356,train,11270,True
C#CC(=O)C12CC(C1)C2,2.9927000999450684,train,11271,True
C1C2OC3C4CC2C1C43,1.351199984550476,train,11272,True
N=C(N)c1ncoc1N,1.4642000198364258,train,11273,True
O=C1OCCCCCO1,4.2891998291015625,train,11274,True
CC1OC12CC1CC12,1.6575000286102295,train,11275,True
N=c1cncccc1O,2.949899911880493,train,-1,False
O=C1CC(CC2CO2)C1,4.107200145721436,train,11276,True
O=C1C2C=CC1C2O,2.187599897384644,train,11277,True
Nc1ccc([N+](=O)[O-])o1,6.909800052642822,test,11278,True
COCc1c[nH]cc1C,0.7257000207901001,train,11279,True
Nc1nc(CC=O)co1,4.349999904632568,train,11280,True
C#CC(C)(CC)C(N)=O,3.717400074005127,train,11281,True
CCn1cc(C)nc1C,3.504300117492676,valid,11282,True
CC12C=CCC1(C)CC2,0.1155000030994415,train,11283,True
N#CC12NC3C1CC32O,4.3358001708984375,valid,11284,True
CC1C2OC1C2N(C)C,1.966099977493286,train,-1,False
CC12C3CN1C2(C#N)C3,5.277500152587891,train,-1,False
OC12C=CC3CC1C2O3,0.4106000065803528,train,11285,True
OC1COC2CCC2C1,0.3790999948978424,train,11286,True
CN1CCC(=O)C1,2.36080002784729,test,11287,True
CCCN1CCC1C#N,4.401199817657471,train,-1,False
CN1C2C3OC3C21CO,1.4240000247955322,test,11288,True
C#CC12OC3C1CC32O,2.8696000576019287,train,-1,False
C#CC(C)C1OC2CC21,1.2610000371932983,valid,11289,True
C1C2C3CC4(CO4)C3N12,2.5088999271392822,train,-1,False
CC1CN1C1CC2CC21,1.3115999698638916,train,-1,False
Cc1nc[nH]c(=O)n1,4.113999843597412,train,11290,True
CC(C)(C)C(F)(F)F,2.027899980545044,train,11291,True
Cn1cnn(C=O)c1=O,5.415599822998047,train,11292,True
O=Cc1cc[nH]c1,4.661300182342529,valid,11293,True
Cc1ccc(CC#N)o1,4.192399978637695,train,11294,True
C#CC1CC=C2CCC21,0.4993999898433685,train,11295,True
COc1oc(C)nc1N,2.633500099182129,train,11296,True
N#CC1(N)CNC(=O)C1,4.320300102233887,train,11297,True
COC(C#N)C(C)CO,2.8236000537872314,train,11298,True
OC1COc2c[nH]cc21,1.8885999917984009,test,11299,True
CC(C)c1cnon1,3.841599941253662,train,11300,True
CC(=O)Oc1cnon1,3.953000068664551,train,11301,True
O=C1CC2OC2CCN1,3.572200059890747,test,11302,True
CN=C1CCOCO1,1.4366999864578247,train,11303,True
C1CC23C4CC2(C4)OC13,1.5881999731063845,train,11304,True
CCC1C2CC=CC12C,0.096000000834465,train,11305,True
N#CC12CC1CN2C=O,4.139100074768066,train,11306,True
CC(O)C1NC1C,2.2060999870300293,test,11307,True
COC1CC2CC(=O)C21,3.752099990844727,valid,11308,True
CC12CC(=O)C(CO1)O2,1.5096999406814575,valid,11309,True
CNC(=O)N1CC1,2.874599933624268,train,11310,True
CN=c1[nH]c(C=O)no1,3.3857998847961426,train,-1,False
Cc1cc(O)n(C=O)c1,2.763099908828736,train,11311,True
N#CC1(C(=N)N)CCO1,4.974500179290772,train,11312,True
COC1(CC#N)CC1C,4.65749979019165,train,11313,True
CC12CC3C(=O)C1CN32,2.476999998092652,train,-1,False
CC1=C2COC2CC1=O,2.569200038909912,train,11314,True
CC1=C(C)CC(O)C1,1.819000005722046,train,11315,True
CC(C)C#CC1CN1,1.8626999855041504,train,11316,True
CCC(=O)CC=O,2.6303999423980717,train,11317,True
C1=CC2C3NC3C2OC1,2.006999969482422,train,11318,True
C#CCCCCC(C)O,1.467900037765503,train,11319,True
N=C1OC2(C=O)C(O)C12,1.9989999532699585,train,-1,False
N#CC1=CCOC(=O)C1,3.3666000366210938,train,11320,True
CC1C2COC12,1.6332000494003296,train,11321,True
C#CCC1CC1(C)OC,1.653499960899353,test,11322,True
O=C1CC2OC3C1C23,3.385200023651123,valid,11323,True
CC1=CCC2CC2C=C1,0.2104000002145767,test,11324,True
C#CC1C2CC(=O)NC12,3.525000095367432,train,11325,True
CC1C=CC2(C1)NC2C,1.2704999446868896,train,11326,True
CC(O)C12CC(O)C1N2,3.1054999828338623,train,11327,True
C#CCC(=O)CC(N)=O,1.9924999475479128,train,11328,True
CC1C(C)C1(C)C1CC1,0.1825000047683715,train,11329,True
O=C1C(=O)C2OC2C1O,3.1807000637054443,train,11330,True
CC1OCC2OC(=N)C12,2.696000099182129,train,-1,False
ON=C1COC1,1.1555999517440796,train,11331,True
CC1(CO)OCCCO1,3.3194000720977783,train,11332,True
N#CC12C3NC4C3C1C42,5.448699951171875,train,11333,True
CC(=O)CC1C(C)C1O,3.756700038909912,valid,11334,True
Cc1nccncc1=N,0.6717000007629395,train,-1,False
CC#CCC1CCCC1,0.1914999932050705,train,11335,True
N=C1N2C3C(O)C1(O)C32,1.937600016593933,test,-1,False
CC(=N)OC1(C)CCC1,2.3986001014709477,train,11336,True
O=C1CCC=C1CO,2.161400079727173,train,11337,True
CC12C3OC4C3N1C42,0.3206000030040741,train,11338,True
Cc1ccc(F)oc1=N,2.202800035476685,train,-1,False
COC1C2C3C2C2C1C32,1.01610004901886,train,11339,True
CC1CC2CN2C1CO,2.853300094604492,train,-1,False
CC1C2C3C1C2C31CO1,1.913699984550476,train,11340,True
CC1C(C=O)N2CC12C,2.2076001167297363,train,-1,False
N=C1OCC12CC1CC12,2.5727999210357666,train,-1,False
c1nnn2nccc2n1,2.740900039672852,train,11341,True
C#CC1CC2(CCC2)O1,1.6512000560760498,valid,11342,True
CC1C[NH+](CC(=O)[O-])C1,5.511199951171875,train,-1,False
CC(O)C1(C)CCOC1,2.1867001056671143,train,11343,True
CC1C(C)C2(O)CC12O,1.3565000295639038,train,11344,True
O=C1C2NC3C1OCC23,4.3927001953125,train,11345,True
COC1CC(C)CC1=O,2.4540998935699463,test,11346,True
C#CC1(C=O)CCCO1,1.910699963569641,train,11347,True
CC12CC3C(O)C1C32O,1.9151999950408936,train,11348,True
CC1(C2C3CN2C3)CO1,1.934000015258789,train,-1,False
C1=NCC2(CC3NC32)O1,2.8642001152038574,train,-1,False
O=c1ccccc(O)c1,3.5815999507904053,train,11349,True
C#Cc1c(N)coc1N,0.395000010728836,train,11350,True
COC=Nc1c[nH]nn1,0.7910000085830688,train,-1,False
CC1C(C)C1C#N,4.168700218200684,train,11351,True
CC1OC12CNC(=O)C2,4.196199893951416,train,11352,True
C#CC1OCCC1(C)C,1.5842000246047974,train,11353,True
CC1=CC(=O)OC12CC2,5.392300128936768,train,11354,True
N#CC(N)C(N)C1CN1,1.854699969291687,valid,11355,True
CNc1c(N)c[nH]c1C,1.9579999446868896,train,11356,True
N#CC1CC2NC12C=O,5.910399913787842,train,11357,True
CNc1cnc(C#N)[nH]1,7.3277997970581055,train,11358,True
CCCCc1nn[nH]n1,1.9908000230789185,train,11359,True
CCOC(C)CCOC,1.5497000217437744,train,11360,True
CC1CC12C=CC(=O)N2,4.686399936676025,train,11361,True
C#CCCC1CO1,1.7246999740600586,train,11362,True
CCC1CC2(CCO2)C1,1.5882999897003174,train,11363,True
C1CC12CC1C3OC3C12,1.6518000364303589,test,11364,True
Cc1noc(OC=O)n1,2.259299993515014,train,11365,True
CC(O)CC1CCO1,2.6793999671936035,test,11366,True
CC1(C)CC(C)(C)C1=O,2.4776999950408936,train,11367,True
Cc1occc(=O)c1F,4.746600151062012,train,11368,True
Nc1cc(N)nc(O)n1,3.936800003051758,train,11369,True
Cc1nnoc1NC=N,6.479300022125244,train,11370,True
c1nc2c(o1)OCCO2,2.5810000896453857,valid,11371,True
O=C1CCCCC1O,3.154900074005127,train,11372,True
CC1OC2=NCCC21C,3.811300039291382,train,-1,False
N#CC1CCOC1C#N,5.352099895477295,train,11373,True
C#CC(CC)CC(C)O,2.071199893951416,train,11374,True
CCCOCCC=O,2.958899974822998,train,11375,True
N#CC1=CCOC(=O)N1,3.279099941253662,train,11376,True
Nc1ccn2c1C=CC2,1.4076000452041626,train,11377,True
c1nn2nnnc2[nH]1,7.101799964904785,train,-1,False
OC1CC23C=CCC12C3,1.366199970245361,train,11378,True
C1=CC2CCCC2OC1,1.0861999988555908,train,11379,True
Nc1cc(F)ccc1F,1.741199970245361,train,11380,True
C#CC(=O)C1(C)CCO1,1.7330000400543213,train,11381,True
CCc1cccn1C,2.001499891281128,train,11382,True
C#CC1COC(C)CO1,0.5795000195503235,train,11383,True
CCCC(CCO)=NO,1.134600043296814,train,11384,True
C#CC(C#C)C(C)C#N,3.668800115585327,train,11385,True
CC1C=CCNC(=O)C1,3.536099910736084,valid,11386,True
CC(O)COC(C)C=O,2.100100040435791,train,11387,True
c1cnnnn1,4.380000114440918,train,11388,True
Cc1cc(C)c(C#N)o1,5.227799892425537,train,11389,True
NC1=Nc2nn[nH]c2C1,7.472700119018555,train,11390,True
CCC1(C)CC(C)(O)C1,1.3073999881744385,train,11391,True
CCc1n[nH]c(N)n1,3.275099992752075,train,11392,True
C#CCC(=O)C(N)=O,1.6085000038146973,valid,11393,True
CC1OC(=N)C12OC2C,3.3666999340057373,train,-1,False
COC1CCC(C)(C)O1,0.6172000169754028,train,11394,True
Cc1[nH]nc(CO)c1N,3.202199935913086,train,11395,True
Cc1n[nH]nc1C#N,4.031400203704834,train,11396,True
CCC1(C)CCC1O,1.2452000379562378,train,11397,True
N#CC1CC2N=COC12,4.013700008392334,train,-1,False
COC(C)C(O)CCO,1.2401000261306765,test,11398,True
CC#CC(CC)COC,1.1793999671936035,train,11399,True
CC1CC2(CN2C)C1O,1.9357000589370728,valid,-1,False
COCCC(C=O)OC,2.7811999320983887,train,11400,True
CC1CN2C1C2C1CN1,2.0871999263763428,valid,-1,False
Cc1c(N)cn(C)c1N,0.9836999773979188,train,11401,True
CC1CC2CC(O2)C1O,2.46399998664856,train,11402,True
CC1CC(O)(CO)CO1,2.3087000846862797,train,11403,True
CC(C=O)C1(C#N)CO1,1.8854999542236328,train,11404,True
N=C1OCC12CCOC2,1.742799997329712,train,11405,True
N#CCC1(C2CO2)CC1,3.467099905014038,train,11406,True
CNCc1nc(O)no1,3.724999904632568,train,11407,True
C1CC2C3OCC(O1)C23,1.086300015449524,train,11408,True
O=C1CC2CC12N1CC1,1.8911999464035036,train,-1,False
Nc1oncc1CC=O,2.5504000186920166,train,11409,True
O=C1CCOCCC1O,2.337500095367432,train,11410,True
C1=CC2=CCOC2C1,1.4075000286102295,train,11411,True
COCC1CC1CC#N,4.1504998207092285,train,11412,True
CC1Cc2nc(N)nn21,2.2585999965667725,train,-1,False
O=CC12CC1CCC2O,3.9965999126434326,train,11413,True
CC12OC3C4C1CN4C32,1.2144999504089355,valid,-1,False
CCC1CCC2OC2C1,1.791200041770935,train,11414,True
C1CC23CC4CC2C1C43,0.0795999988913536,train,11415,True
Cc1cnnn(C)c1=O,0.8126000165939331,valid,11416,True
N=c1cnn(C=O)nn1,2.418299913406372,valid,-1,False
N#Cc1c[nH]c(O)c1,5.872000217437744,train,11417,True
OC1CCc2onnc21,2.720900058746338,train,-1,False
N=C1OC2(CO)CCC12,1.4329999685287476,train,-1,False
CC(C)C(C)(O)C(N)=O,2.3970000743865967,train,11418,True
Cc1c[nH]c(=N)o1,3.525500059127808,test,-1,False
C#CC1(CC)CNC1=O,3.436800003051758,train,11419,True
N#CC1CC2C(C#N)C12,7.18779993057251,train,11420,True
O=c1[nH]c2c([nH]1)COC2,2.024300098419189,train,11421,True
COC=Nc1ccco1,2.70989990234375,train,-1,False
CN1C(=O)NCC1C=O,2.3108999729156494,train,11422,True
CC(C#N)(C=O)OC=N,2.0794999599456787,valid,11423,True
Nc1noc(=O)n1C=O,6.3541998863220215,valid,11424,True
Nc1ncn(C=O)c1O,3.094399929046631,test,11425,True
C1=CCCCOCCC1,1.0894999504089355,train,11426,True
C1C2CC34COC13CN24,1.0809999704360962,train,-1,False
C1OC2CC3OC3C1O2,1.7414000034332275,train,11427,True
CCC1C2C=C(C)CC21,0.3206999897956848,train,11428,True
OCCCC1C2CC1O2,3.101999998092652,train,-1,False
CC(C)NC(=O)C(C)C,3.2641000747680664,train,11429,True
C1OC2C3COC2C1O3,0.3948999941349029,test,11430,True
C#CC1N(C)C2CC12C,0.7943000197410583,test,-1,False
CC1=CC2(O)CC(C1)C2,1.5817999839782717,train,11431,True
CC(C=O)CC(=O)C=O,2.138000011444092,train,11432,True
O=C(C1CCC1)C1CC1,2.5708999633789062,train,11433,True
N=CNC(=O)NCC=O,5.546000003814697,train,11434,True
Cc1[nH]c(CO)cc1N,1.54639995098114,train,11435,True
Nc1coc(=O)cc1N,6.543399810791016,train,11436,True
COC(C)c1cn[nH]c1,3.0367000102996826,valid,11437,True
O=CCC(=O)C1COC1,3.099800109863281,train,11438,True
C1=CC2C3COC1C23,1.5715999603271484,train,11439,True
NCC(=O)N(C=O)C=O,3.6222000122070312,train,11440,True
CC1=NC(C)(C)C(C)O1,1.2365000247955322,train,-1,False
CCCCN1CC1C#N,3.1637001037597656,test,-1,False
C1CC2C(CC23CO3)O1,1.4118000268936155,train,11441,True
CC1(C)CC12COC=N2,1.3651000261306765,train,-1,False
CC(=O)NC(C)(C)C=O,2.8952999114990234,train,11442,True
N=C1C2OC3C2C2C3N12,3.822799921035767,train,-1,False
CC1(C2CN=CO2)CO1,1.958699941635132,test,-1,False
Oc1c[nH]nc1C1CC1,0.6108999848365784,train,11443,True
CCC12CCCC1CC2,0.096900001168251,valid,11444,True
N#Cc1oncc1C=O,1.1390999555587769,train,11445,True
CC(C#N)N1CC1C,4.191299915313721,train,-1,False
OC1CC(O)C2NC12,2.255199909210205,train,11446,True
CC(C)C1(C=O)CN1,2.9488000869750977,train,11447,True
OC12CN=C3OC(C1)C32,3.088099956512451,train,-1,False
O=CCC1CCOCC1,2.40910005569458,train,11448,True
C#CCC(C)(C=O)C=O,1.4111000299453735,train,11449,True
C#CC(CC)C(C)C,0.5917999744415283,train,11450,True
CNC(=O)C1COC1,4.561399936676025,valid,11451,True
O=C1OCCC12CCO2,4.09630012512207,train,11452,True
CC1=NC2C(O)C2(C)O1,0.8359000086784363,train,11453,True
CC1COC2C(O)C12O,0.9305999875068665,valid,11454,True
N=c1[nH]c(C2CO2)co1,3.6031999588012695,train,-1,False
CC12NC1CNC2=O,3.998699903488159,train,11455,True
C1C2OC3C2C1C31CO1,1.6162999868392944,valid,11456,True
CC12CC=CC1C2C#N,4.256499767303467,train,11457,True
O=CN1CC(CO)C1,4.25629997253418,train,11458,True
Cc1cc(C=O)[nH]c1C,3.4453001022338867,train,11459,True
COC1(C)CCC(C)C1,1.038100004196167,train,11460,True
Cc1coc(N(C)C)c1,1.1971999406814575,train,11461,True
C#CC#CCCC=O,1.8860000371932983,train,11462,True
CC1CCC(=NO)CC1,0.9052000045776368,train,11463,True
C#CC1OC1C(O)CO,2.261399984359741,test,11464,True
N#CC1C2CC1(O)C2O,4.101900100708008,train,11465,True
C1C2CC1C1OCC1O2,1.2375999689102173,train,11466,True
N=c1cc[nH]c(=O)o1,4.15310001373291,train,-1,False
CC1C(O)C2(C=O)NC12,2.1405999660491943,train,11467,True
C[NH+]=C(C(=O)[O-])N(C)C,8.688199996948242,train,11468,True
CC1=CC2OC1C21CO1,0.4564000070095062,train,11469,True
OCCCCCC1CO1,2.7643001079559326,train,11470,True
CCC(=N)OC(=O)CO,2.477400064468384,train,11471,True
CC12C(=O)C3C4C1C2N34,2.818099975585937,valid,-1,False
N#CCC1C2CCN1C2,3.435800075531006,train,-1,False
O=C1C2OC3CC(O2)C13,2.9848999977111816,train,11472,True
Nc1c[nH]nc1C1CN1,3.569799900054932,train,11473,True
CC1(C)CC2C(C#N)N21,3.252000093460083,train,-1,False
O=C1NC2C3CCC12N3,3.32450008392334,train,11474,True
CNC(=O)NCCCO,2.601999998092652,train,11475,True
CC1CC(C)C(C#N)O1,4.709000110626221,valid,11476,True
CN1CC(=O)C1(C)C#N,3.654900074005127,train,11477,True
C#CC1=CCOC(=O)C1,3.9930999279022217,train,11478,True
CCOC(=N)C1CN1C,1.2148000001907349,train,11479,True
N#CC1CC2CN1C2,4.743100166320801,valid,-1,False
CN1CC1C1C2CC1C2,1.2274999618530271,train,-1,False
C1OCC2(COC2)O1,1.3934999704360962,train,11480,True
N#Cc1ccncn1,3.4130001068115234,train,11481,True
O=c1[nH]nc(N2CC2)[nH]1,3.7822999954223633,train,11482,True
OC12C=CC3C1OC32,2.81879997253418,train,-1,False
CC(=O)C12CC(C1)C2O,3.0227999687194824,test,11483,True
C1=CC2(CC1)CCO2,1.7024999856948853,test,11484,True
C1CC23OC2(C1)C1CC13,1.9825999736785889,train,11485,True
N#CCCc1ccno1,3.6554999351501465,train,11486,True
O=C1C2CC13OCC3O2,2.6270999908447266,train,11487,True
CC1(C)NCC(=O)C1O,2.103800058364868,train,11488,True
CC1(C#N)NC(=N)C1O,4.188199996948242,train,11489,True
CC1(O)CC1(C)C(N)=O,3.302999973297119,train,11490,True
CC(=O)C1=NC2CC2N1,1.865599989891052,train,11491,True
CC12CC1N1C(C=O)C12,3.200599908828736,train,-1,False
NC=Nc1ncco1,2.9296998977661133,train,11492,True
O=CC12CC1(CO)CO2,1.789199948310852,train,11493,True
CC1CCOC1C(N)=O,3.161900043487549,train,11494,True
N#CC12CCC(O1)C2N,4.244699954986572,train,11495,True
Nc1nonc(F)c1=O,3.0648000240325928,train,11496,True
OC1CC1C12CCC1O2,3.0353000164031982,train,11497,True
CC1C2OC1C2(O)CO,1.8420000076293943,train,-1,False
O=COCC1(CO)CC1,4.546899795532227,train,11498,True
OC1CC2(O)C3OC1C32,1.7192000150680542,train,11499,True
CC1(C)CN1CC(N)=O,3.828900098800659,train,11500,True
C#CC1(CC)CC(=O)C1,2.436199903488159,train,11501,True
O=CC1NCC1=NO,3.1198999881744385,train,11502,True
CCc1cnoc(=N)c1,3.950400114059448,train,-1,False
CC12CC1C1NC1CO2,1.6929999589920044,train,11503,True
NC(=O)C1N2CC1(O)C2,5.229599952697754,train,-1,False
C1=C2CC3CC23COC1,1.5096999406814575,train,11504,True
C#CC1COC2CN1C2,0.4045999944210052,train,-1,False
C#CCN=C1NCC1O,2.0782999992370605,train,-1,False
CC12CC=CCC1(O)C2,1.103600025177002,valid,11505,True
N=COC1CC1NC=O,4.749499797821045,train,11506,True
O=C1CC=CC1,2.5957999229431152,train,11507,True
O=C(CCO)OC1CC1,0.439300000667572,test,11508,True
CCC1C2NC(=O)C12C,3.604300022125244,train,11509,True
CC#CC1CC(C)C1=O,2.4560000896453857,train,11510,True
CCOCCCOCC,1.7753000259399414,train,11511,True
C1OC2C(O1)C1OC21,2.212599992752075,test,11512,True
N#CC1OCOC1=N,3.774899959564209,test,11513,True
O=C1CCC2(CC2)CN1,3.886100053787232,train,11514,True
CC1CC2C1C2(C)O,1.270400047302246,train,11515,True
COCC1CN1CC#N,6.00570011138916,train,11516,True
CC1(O)CC2CC1C2,1.2691999673843384,train,11517,True
CCC(O)CC1CC1,1.303699970245361,valid,11518,True
CN=c1nc(F)cn[nH]1,1.571499943733215,valid,-1,False
O=CCn1nncc1O,3.71779990196228,train,11519,True
CC1NC2C(N)C12C#N,4.627999782562256,train,11520,True
CC1CC(C2(C)CC2)C1,0.1261000037193298,train,11521,True
C#CC12CN3CCC1C32,1.2238999605178833,train,-1,False
CC12OC1C=CC21CC1,1.8955999612808228,train,11522,True
CCC1=CCCCC1O,1.3437999486923218,train,11523,True
CCC1NC1(C)CO,1.7059999704360962,valid,11524,True
CC(=O)CC(O)C1CO1,1.4270999431610107,test,11525,True
OC12CC3OC1C3(O)C2,3.788599967956543,train,11526,True
C#CC(C)C,0.657800018787384,train,11527,True
N#Cc1ncc(=N)on1,3.3561999797821045,train,-1,False
CC(C)C1(CCO)CC1,1.4280999898910522,train,11528,True
N#CC(N)C12CCC1C2,4.490799903869629,train,11529,True
C#CC1=NC(C#C)CO1,1.3461999893188477,valid,-1,False
Nc1c(F)nnoc1=O,4.589000225067139,train,11530,True
O=COC1CC=CCC1,4.14870023727417,train,11531,True
CC(=O)N1C=CC(C)C1,3.1712000370025635,train,11532,True
CC(C)CN1CC(=O)C1,2.5632998943328857,train,11533,True
C#CCc1ncn[nH]1,2.8055999279022217,train,11534,True
O=C1OC2C3CN3C12,3.354300022125244,train,-1,False
OCC12C3CCC1C2O3,1.6502000093460083,train,11535,True
C#CC(NC=O)C(C)=O,2.59060001373291,train,11536,True
CCc1nc(NC)n[nH]1,1.7487000226974487,train,11537,True
N#CC1OCOC12CC2,3.0390000343322754,train,11538,True
CC12C(O)CC1C2O,2.8422999382019043,train,11539,True
C#CC1C(=N)OC2CC21,3.003700017929077,train,-1,False
OCC1CN2CC2CO1,1.549399971961975,train,-1,False
CCC12NC1COC2=O,4.8460001945495605,train,11540,True
OCCC#CC1CN1,2.49429988861084,test,11541,True
Nc1occ2nc[nH]c12,3.1491000652313232,train,11542,True
c1cnn2nccc2n1,1.9703999757766724,train,11543,True
CC1=CC2C3CC1C2C3,0.2851999998092651,valid,11544,True
CC#CC#CC(=O)NC,4.245699882507324,train,11545,True
CCC1C2C3CC3(O)C12,1.2894999980926514,valid,11546,True
CC1(C#N)C2C3OC3C21,3.89739990234375,train,11547,True
CC1C2CC1C21CC1,0.1598999947309494,valid,11548,True
CC1C=CCC1CO,1.2384999990463257,train,11549,True
COCC(=O)NC(C)C,2.9526000022888184,valid,11550,True
c1nc(C2CN2)co1,0.9236000180244446,train,11551,True
C#CC(N)C(=O)NC,3.483299970626831,valid,11552,True
COC1CN=C(C)O1,2.062599897384644,train,11553,True
N=c1ccnc(O)[nH]1,1.742900013923645,train,-1,False
C#CCOC1(C)COC1,2.280400037765503,train,11554,True
CC12CN3CC(O1)C2C3,1.5124000310897827,train,-1,False
N=C1OC23CC=CC12C3,2.9254000186920166,train,-1,False
CCC1(C)CC2COC21,1.5850000381469729,valid,11555,True
Cc1[nH]c(N)c(O)c1C,0.8950999975204468,train,11556,True
N#CC(CN)C(N)=O,1.0374000072479248,train,11557,True
COc1nc(=N)cno1,2.8201000690460205,valid,-1,False
OC1CCc2conc21,2.322000026702881,train,11558,True
O=CC1(O)C=CCC1=O,4.025599956512451,train,11559,True
O=C1OC2C(O)C1C2O,3.319000005722046,train,11560,True
CCC1(CC(N)=O)CO1,2.962500095367432,train,11561,True
N#CCN1CC2C(O)C21,5.358799934387207,train,11562,True
COCC1(C)CC(=O)C1,3.0023999214172363,train,11563,True
C1CC23CC4OC12CC43,1.4886000156402588,train,11564,True
CC1(C)C2N1CC21CO1,2.563499927520752,train,-1,False
C#CC1=CC(C#N)OC1,4.308700084686279,train,11565,True
N#Cc1cccnc1,3.8666000366210938,train,11566,True
O=C1CC=CC2CC1C2,2.802799940109253,train,11567,True
N#CC1C=CCC1CO,3.0622000694274902,valid,11568,True
CC1(C=O)COC12CC2,1.3969999551773071,train,11569,True
O=c1nc(F)nc(O)o1,2.0367000102996826,test,-1,False
CC1(C#N)CNC(=O)N1,3.388200044631958,train,11570,True
Nc1cnn2c1CC2,3.025000095367432,train,11571,True
CC1OC12C=CCCC2,1.86899995803833,train,11572,True
O=C1C=CC23CCC12C3,3.4598000049591064,train,11573,True
CC(O)C(=O)C1CC1,3.2581000328063965,train,11574,True
O=C1COC2(COC2)C1,0.5964999794960022,train,11575,True
Cc1noc(N)c1CO,2.654599905014038,train,11576,True
COCCNC(=O)C=O,3.0204999446868896,train,11577,True
CC12CC(C#N)C1(C)N2,3.88700008392334,train,11578,True
c1n[nH]c2c1CC1CC21,2.7276999950408936,train,11579,True
C1=Cc2[nH]cnc2OC1,4.236599922180176,train,11580,True
CC#CC(C)C(C)C,0.2123000025749206,valid,11581,True
NCc1cc(=O)nc[nH]1,8.628999710083008,train,11582,True
OC1C2C=CC13CCN23,0.6265000104904175,train,-1,False
Cn1cncc(N)c1=O,1.0708999633789062,train,11583,True
CC1(C(N)=O)CC(=O)O1,1.327399969100952,valid,11584,True
CN1C2C3C(O)C2C31,2.2418999671936035,train,11585,True
O=C1OC2C3C1C1C2C31,4.577099800109863,train,11586,True
CC1C2CNC(=O)CC12,4.001500129699707,train,11587,True
CCCC1(C)OCC1=O,1.248900055885315,train,11588,True
O=C1OC2CC3(CN3)C12,5.222499847412109,train,11589,True
CCOC1C2OCC12O,1.7300000190734863,train,11590,True
CCC1(COC)OC1C,2.293100118637085,train,11591,True
CC1(O)COCC12CN2,2.9488000869750977,train,11592,True
CC(C)Oc1ccc[nH]1,2.141900062561035,train,11593,True
C#CC1(C(C)=O)OC1C,2.187000036239624,train,11594,True
COC1(C)CC1O,2.5202999114990234,train,11595,True
CC1OC2C(=O)CNC12,3.8691000938415527,train,11596,True
C#CC(C)NC(C)=O,3.1630001068115234,test,11597,True
Nc1ncoc1C1CC1,1.7999000549316406,valid,11598,True
O=C1CC=CCC1O,2.8022000789642334,train,11599,True
CC1(C)NC1C(=O)C=O,2.460400104522705,train,11600,True
CC(=O)Oc1ccn[nH]1,3.670200109481812,train,11601,True
CC1(CO)CCC1=NO,1.8761999607086184,valid,11602,True
CC1=CC(O)C(=O)C1=O,3.4535000324249268,train,11603,True
C1CC12COC21COC1,2.5522000789642334,train,11604,True
N#CC1(C(=O)[O-])CC1[NH3+],7.620699882507324,train,-1,False
C#CC1OC2C=CC1O2,1.666100025177002,train,11605,True
O=CNCC1CC(=O)C1,3.297800064086914,valid,11606,True
CCCC1C=CC2CC12,0.2240999937057495,train,11607,True
C#Cc1cnc(F)nc1,3.1747000217437744,train,11608,True
CC1(C2CCO2)CCO1,0.0966999977827072,test,11609,True
O=CC1(C2CC2)CN1,2.0790998935699463,train,11610,True
CC1C2COC3C(O2)C13,1.332200050354004,valid,11611,True
CC1CC1C1(O)CCC1,1.4688999652862549,test,11612,True
C#CCNc1cnon1,4.409200191497803,test,11613,True
CNC(=O)c1ncno1,4.245100021362305,train,11614,True
N#CC1CC2COC2C1,5.081600189208984,train,11615,True
CCC12CCC1COC2,1.5434999465942385,train,11616,True
CC(N)C(C#N)CC#N,7.474299907684326,test,11617,True
c1nc2n(n1)CCOC2,2.794600009918213,train,11618,True
N#CCOCC1CC1,4.611299991607666,train,11619,True
CCC1(CO)CC1O,1.6266000270843506,train,11620,True
CNc1nnon1,3.998600006103516,test,11621,True
COC1(C#N)CC2NC21,2.8324999809265137,train,11622,True
CCC12C=CC(N1)C2O,0.5062000155448914,train,11623,True
CCc1ccc(=N)oc1,3.6008999347686768,train,-1,False
O=CC(O)C1CC=CC1,2.2441000938415527,train,11624,True
CCC1CCC=C1CO,1.4967999458312988,train,11625,True
OC12CC1CN1CC12,2.2244999408721924,train,-1,False
COC(C(C)C)C(C)C,0.9103000164031982,train,11626,True
Cn1cc(N)c(N)n1,1.8522000312805176,train,11627,True
CN1C2C3C(O)C2(O)C31,1.01010000705719,train,11628,True
CC(=O)N1CCCC1C,3.760999917984009,test,11629,True
CCOC1C2CCC21C,0.9146000146865844,train,11630,True
CC#CC(=O)C1CC1,3.31820011138916,train,11631,True
CC12CC(O)CC1(C)N2,1.5785000324249268,train,11632,True
OC12C3CC1C1OC3C12,1.6013000011444092,train,11633,True
CC(=O)C1CC=CCC1,2.4746999740600586,train,11634,True
CC(C)(OC=O)C1CO1,4.445499897003174,train,11635,True
C#CCC(C)CC#C,0.3698999881744385,train,11636,True
Cc1cc[nH]c1C1CO1,1.0396000146865845,test,11637,True
CC1(C)COC2(C)CC12,1.26610004901886,train,11638,True
O=C1OCCOCC1O,4.225800037384033,test,11639,True
CC12CCC1(O)C1NC12,2.213200092315674,train,11640,True
CC1OC2(CO)C(C)C12,1.1775000095367432,train,11641,True
CC1OC(C)C1OC=N,3.2421000003814697,train,-1,False
CC1OCC2COC1O2,1.1686999797821045,train,11642,True
CC1C(O)C1(C)C(N)=O,2.492500066757202,train,11643,True
N#CC12NC3COC1C32,4.835599899291992,train,11644,True
C#CC(=O)C1CC1C=O,4.245299816131592,train,11645,True
Cn1c(N)nnc1N,5.177199840545654,train,11646,True
NC1=NCC2CC2C1=O,1.493299961090088,train,11647,True
COC1(C)CC12CCO2,1.1520999670028689,train,11648,True
O=CNCc1ncco1,4.003399848937988,train,11649,True
CC(=O)C#CC(F)(F)F,2.5592000484466557,valid,11650,True
COc1ccc(=O)oc1,4.914000034332275,test,11651,True
CC1C2OCC1(O)C2C,1.3037999868392944,test,11652,True
N#CC1OC(=N)C2CC12,3.2518999576568604,train,-1,False
O=COC1CC2CC2O1,4.175899982452393,train,11653,True
CN1CCc2cc[nH]c21,1.9677000045776367,train,11654,True
Cc1occ2c1CCN2,1.7724000215530396,test,11655,True
CC(C#N)C12CCC1C2,3.786900043487549,test,11656,True
O=C([O-])C12CC(C1)[NH2+]2,10.22439956665039,test,11657,True
C[NH+]=C(N)C(=O)[O-],8.874899864196777,train,11658,True
OCC1CC(=NO)CO1,1.937399983406067,train,11659,True
CCOCCC1(C)CO1,1.3109999895095823,test,11660,True
CCCN(C)CC#N,4.223700046539307,train,11661,True
CC1C2C1C1C3CN1C32,1.690999984741211,train,-1,False
CCN1C2CC3OC3C21,1.77839994430542,train,-1,False
CCC1C2CC1(O)C2C,1.188599944114685,valid,11662,True
CC(C#N)NC(=N)C#N,2.6291000843048096,train,11663,True
O=C1C2CC1C1(CN1)C2,3.246799945831299,valid,11664,True
C1NC2C3CC2OC1O3,1.840399980545044,train,11665,True
N=C(N)NC(=O)CO,1.833199977874756,valid,11666,True
CC1C2C(=O)CC(=O)C12,2.6071999073028564,train,11667,True
O=C(C1CC1O)N1CC1,4.186299800872803,train,11668,True
OCC#Cc1cnno1,5.188300132751465,train,11669,True
CCC1(C=O)CN1C,3.005599975585937,test,11670,True
CC#CCC(O)C(C)=O,3.320499897003174,test,11671,True
C1CC2C3OC1C1C3N21,0.3418999910354614,train,-1,False
C#CC1CC(C)(C#N)C1,3.810699939727783,train,11672,True
C#CC12CNC1(C#N)C2,3.515700101852417,train,11673,True
CC(=O)CC1CO1,3.3678998947143555,train,11674,True
CC12OCOC1CC2=O,2.0285000801086426,test,11675,True
N#CC(CO)OCC=O,3.5018999576568604,train,11676,True
O=CC1OC12CN1CC12,1.646299958229065,train,-1,False
OCc1c[nH]nn1,3.3513998985290527,train,11677,True
O=C1CC2OC1C21CN1,3.83459997177124,train,11678,True
CC#CC(C)C#CC=O,4.110499858856201,train,11679,True
C#CC12CC3C4C(C31)N42,2.0380001068115234,train,-1,False
CC12OC3=NCCC1C32,3.74399995803833,valid,-1,False
CC1C2CC3C(O2)C13,1.4675999879837036,train,11680,True
N1C2C3OC4C(O3)C4C12,2.1452999114990234,train,11681,True
CC1CC2OC(=N)C2C1,2.9577999114990234,valid,-1,False
CNCC(=O)C#N,2.7295000553131104,valid,11682,True
CCC(C)c1ncc[nH]1,3.3273000717163086,train,11683,True
CC1C2C=CC1O2,1.791200041770935,train,11684,True
CC12CC(=O)NCC1O2,4.213799953460693,train,11685,True
OCC1=CC2C=CC1C2,1.488800048828125,train,11686,True
C1=CC2(N3CC3)CC1C2,1.1096999645233154,train,11687,True
OC12CC3(C1)OC=NC23,2.5374999046325684,train,-1,False
CC#CC(C)N1CC1C,1.573699951171875,valid,-1,False
O=C1OCC2C3CC2C13,4.641499996185303,train,11688,True
CN=C1OCC2CC12O,1.9740999937057493,test,-1,False
C1CC23COC2(C1)C3,1.84309995174408,train,11689,True
Cc1ccoc1N(C)C,0.1891999989748001,train,11690,True
O=CC1CC2CC(O)C12,3.025099992752075,train,11691,True
CC1NCC(=O)C12CN2,3.3066999912261963,train,11692,True
C#CCCCCC#CC,0.8246999979019165,train,11693,True
CC(=O)NCCC(C)O,3.667399883270264,train,11694,True
CCc1c[nH]cnc1=O,6.948500156402588,train,11695,True
O=COC1C2NC(=O)C21,4.946599960327148,train,11696,True
OCC1CC12CCC2O,1.996399998664856,train,11697,True
Nc1ccc(C=O)[nH]1,5.982500076293945,train,11698,True
NC=NC(C=O)C(N)=O,1.683899998664856,test,11699,True
CCCCCN(C)C=O,4.001800060272217,train,11700,True
C#CC(=O)CCCC=O,3.95770001411438,train,11701,True
CC12CC=CC(C1)OC2,1.714400053024292,train,11702,True
C1CC2C3CC2(C1)C3,0.2849999964237213,train,11703,True
CC(=O)C1CC(C)C1C,2.514400005340576,train,11704,True
c1cc2n(n1)CCCC2,2.9537999629974365,train,11705,True
Cc1cc(O)c(N)n1C,0.6351000070571899,train,11706,True
CN=C(C)NC(=O)CO,2.848900079727173,train,11707,True
N#CC1(N)C(O)C2OC21,3.479700088500977,train,11708,True
CC1C2C3C4C(N24)C13C,1.8509000539779663,train,11709,True
CCC(O)C(CO)CO,2.094599962234497,valid,11710,True
COC1C2C3C1N(C)C23,1.145900011062622,train,-1,False
O=CC(=O)C1C2CCC21,1.8722000122070312,train,11711,True
CC12CN3CC(C1O)C32,2.408400058746338,train,-1,False
N=CN(C=O)C(=O)C=O,3.729700088500977,train,11712,True
O=CNCc1cn[nH]c1,1.7338000535964966,test,11713,True
O=CC1COC2CN1C2,2.3376998901367188,train,-1,False
O=[N+]([O-])c1cc[nH]n1,6.275000095367432,train,11714,True
Nc1occc1CO,1.5707000494003296,train,11715,True
CCCc1noc(=O)[nH]1,5.71560001373291,train,11716,True
NC1C(=O)OC12CC2O,5.59630012512207,train,11717,True
CC12C3CC4C(C31)C42C,0.2635000050067901,train,11718,True
CCC1(C)COC1,1.9318000078201292,train,11719,True
COCC12CC(=O)C1C2,3.6219000816345215,train,11720,True
CC12CC3NC3C1CO2,3.005000114440918,train,11721,True
CCC12OC1C1COC12,2.654900074005127,train,11722,True
CC#CC1(C)CC1C,0.1306000053882599,train,11723,True
CN1C2CC3NC3C21,2.3691999912261963,train,-1,False
N#Cc1ccc[nH]c1=O,7.7947001457214355,train,11724,True
CC1C2C=CC3CC1N32,1.6593999862670898,train,-1,False
CC1CCC1(C#N)C#N,4.816500186920166,test,11725,True
N=C1NC=NCC1O,4.040500164031982,train,11726,True
CC(CO)N1CC1CO,3.504600048065185,test,11727,True
CCC1C2C(C)OC12C,1.3941999673843384,train,11728,True
CC1CC2C(C)OCC12,1.465399980545044,train,11729,True
COC1CC2OC2CO1,2.828200101852417,train,11730,True
CNc1nnn2c1CC2,4.799099922180176,test,11731,True
CC1(C2CCC2O)CO1,2.593100070953369,test,11732,True
CN=c1nc(F)nn[nH]1,1.7559000253677368,train,-1,False
CC1C(C=O)C1N1CC1,3.996299982070923,train,-1,False
CCC1CC2(CC2)O1,1.492400050163269,train,11733,True
C#CC(=O)C(C)(O)CC,2.6140999794006348,train,11734,True
CC1OCC1(N)C(N)=O,3.928100109100342,train,11735,True
O=c1[nH]cc2n1C1CC21,4.043099880218506,train,11736,True
CC(C)C(=O)COC=N,4.7916998863220215,train,11737,True
CCCOCCNC=O,4.143199920654297,test,11738,True
O=CC1OC2CCC12,3.545799970626831,train,11739,True
Nc1cc(=O)cno1,4.763599872589111,valid,11740,True
CC1CC2OC1C2C=O,2.968300104141236,train,11741,True
O=CC12COC1CO2,1.948199987411499,train,11742,True
CC1CC1CC#CC=O,4.248000144958496,train,11743,True
N=c1[nH]c(O)c[nH]c1=O,5.944499969482422,test,-1,False
O=C1C2CC2N2CC12,2.4588000774383545,train,-1,False
OC1C2CCC1COC2,0.824999988079071,valid,11744,True
CC(=O)C(C)C1CC1C,2.6842000484466557,train,11745,True
ON=C1CC2CC1O2,1.6866999864578247,valid,11746,True
CCC1(O)C(C)OC1C,2.269599914550781,valid,11747,True
NC(=O)N1C2C3NC3C21,3.848900079727173,train,11748,True
CC(O)C(=O)C1NC1C,3.848900079727173,train,11749,True
CC(C)C(C)C=O,2.7421000003814697,train,11750,True
CN(C=O)C(N)=O,4.749300003051758,train,11751,True
CC(=O)C1(O)CN2CC21,2.016700029373169,train,11752,True
CC1CC23CCC2(C1)N3,2.016400098800659,valid,11753,True
O=C1CC=CC=CCN1,3.3011999130249023,train,11754,True
OC1CNc2oncc21,3.088599920272827,train,11755,True
CCOC12CC1C1NC12,1.2174999713897705,valid,11756,True
OC12CC1CC1(CO1)C2,0.847599983215332,test,11757,True
c1cc(C2CC2)n[nH]1,1.8377000093460083,train,11758,True
CC1(C=O)C(O)C1CO,4.110499858856201,valid,11759,True
N=C1OC2C3CC(O3)C12,3.716399908065796,train,-1,False
Nc1cnoc(=O)c1,7.281099796295166,train,11760,True
CN1C=NC(C)(C#N)C1,5.855199813842773,train,11761,True
N=COCCNC=O,4.9344000816345215,train,11762,True
CCCCCN1CC1,1.0044000148773191,train,11763,True
O=C1CCC=C2CNC12,3.3598999977111816,test,11764,True
c1ccc(C2CC2)nc1,1.7044999599456787,train,11765,True
CN=C(C#N)NC1CC1,2.8863000869750977,train,11766,True
CC1CCCC1O,1.3559000492095947,train,11767,True
CC1(C#CCC#N)CO1,2.753900051116944,valid,11768,True
OC1CCC2(O)CC12,1.8092000484466555,train,11769,True
CC1C2C(C)C1C21CO1,1.805999994277954,train,11770,True
CCC1(C2CC2)CO1,1.666200041770935,train,11771,True
OCC1NC1C1CO1,3.4941999912261963,valid,11772,True
CC1=NCCCO1,1.8009999990463257,train,11773,True
Cc1c(O)oc(N)c1N,1.692199945449829,train,11774,True
CCOCC1CC(C)O1,1.276600003242493,train,11775,True
O=C1C2CCC13COC23,3.530800104141236,train,11776,True
N=COC1C(=O)C2OC12,3.992899894714356,train,-1,False
CC(O)C1OCC1(C)C,1.1360000371932983,train,11777,True
O=CC1C2COCC1C2,2.114500045776367,train,11778,True
CC12COC(=N)OC1C2,4.643099784851074,train,-1,False
CN=C1C=CC(C)(C)O1,3.5199999809265137,train,11779,True
OCc1conc1O,3.057800054550171,train,11780,True
N#CCC1C2C(=O)CN12,2.3773000240325928,train,11781,True
Oc1ncccn1,2.4021999835968018,train,11782,True
Cc1c[nH]cc1NC=O,3.2021000385284424,train,11783,True
CC12OC1C1NC2C1=O,0.5583999752998352,test,11784,True
O=C1COCC2(CN2)C1,2.8248000144958496,train,11785,True
N=c1onnc(F)c1N,3.521199941635132,valid,-1,False
CC1C=CCC1OC=O,3.986000061035156,valid,11786,True
C#CC(O)(C#C)C1CC1,1.073099970817566,valid,11787,True
CCCC(=O)NC(N)=O,5.839099884033203,train,11788,True
NC(=O)C1C2C3CN3C12,2.3668999671936035,train,-1,False
CC1(OCC=O)CCC1,3.0197999477386475,train,11789,True
CC1CCCC12CO2,1.773300051689148,train,11790,True
CNc1ncc(=N)on1,3.0924999713897705,train,-1,False
N=c1[n-]c([NH+]=CN)co1,12.317899703979492,train,-1,False
C1OC2OCC1C21CC1,2.54259991645813,train,11791,True
CC1C(O)CCCC1O,3.065999984741211,train,11792,True
OC1CCOC1C1CN1,2.0850000381469727,train,11793,True
N=C1C2C3NC(=O)N1C32,4.6132001876831055,train,-1,False
CCC1(C)OCC2OC21,2.0696001052856445,test,11794,True
CC1C(CO)CC1CO,2.6068999767303467,valid,11795,True
OC1C=CC2(O)CC1C2,1.6114000082015991,train,11796,True
CC1CC2(C)CC1(C)O2,1.461300015449524,train,11797,True
CC1=C(C)C2(CC2)OC1,1.7583999633789062,train,11798,True
CC12CC(C1)N2CC=O,2.9672000408172607,train,11799,True
C1=CC2OCC1C1OC21,2.660799980163574,train,11800,True
C#CCc1cncn1C,3.623699903488159,train,11801,True
CCOC(=O)NC(=N)N,1.745100021362305,train,11802,True
C#CCNC(=O)CC=O,3.3940999507904053,train,11803,True
N=C1OC2CC(O1)C2=O,4.037099838256836,train,-1,False
O=CNC1CC2(CC2)C1,3.625900030136109,test,11804,True
CCC12CC(O1)C2=O,2.6324000358581543,train,11805,True
N#CCC1C(N)C1C#N,5.436800003051758,train,11806,True
CCC(O)C1NCC1=O,3.7309999465942383,train,11807,True
CC1CC2C(C)C2(C)C1,0.1280000060796737,valid,11808,True
N#CC1OCCC2CC21,4.977700233459473,test,11809,True
CC1C(=O)CC1CC#N,3.4530999660491943,test,11810,True
N#CC1=NCCO1,4.948200225830078,train,11811,True
Cc1noc(CC#N)n1,3.957200050354004,train,11812,True
CC(C#N)(C#N)C1CO1,3.242799997329712,train,11813,True
CNCC(C#N)C=O,1.9722000360488887,train,11814,True
C#CCC1CC2CC12,0.9157000184059144,train,11815,True
N=CNc1n[nH]nc1N,2.352400064468384,train,11816,True
CCc1nc[nH]c(=N)n1,2.295300006866455,train,-1,False
N#CC1CCCC2NC12,5.018400192260742,train,11817,True
O=CCC1(CO)COC1,2.553299903869629,train,11818,True
CCCc1cnnnn1,5.232999801635742,valid,11819,True
CN1C(=O)C2(O)C(O)C12,2.4567999839782715,train,11820,True
O=C1CN2CC2C1=O,3.633899927139282,train,11821,True
CC1(C)C2CC(C=O)C21,2.5464000701904297,valid,11822,True
O=C1NCC12CC1CN12,2.970099925994873,train,11823,True
N=C1OCC(=O)C1CO,3.138099908828736,train,11824,True
C#CC1OC(C)OC1C,1.0164999961853027,valid,11825,True
O=CNc1ccccn1,4.863999843597412,train,11826,True
N#CCCC1OC1CO,3.164400100708008,test,11827,True
CN=C1NC(=O)C2CC12,1.3008999824523926,train,11828,True
O=C1NC2CC3C(O1)C23,5.097899913787842,test,11829,True
CC1OC(=N)C(=O)C1O,3.0120999813079834,train,11830,True
COCC1CCO1,1.3299000263214111,train,11831,True
Cc1nn(C=O)c(=O)o1,3.4988999366760254,train,11832,True
N#CCC1C2CCC1O2,3.631200075149536,train,11833,True
N=C1OC2C3C(=N)N1C23,3.7909998893737793,test,11834,True
CCC(C#N)CO,3.229300022125244,train,11835,True
N#CC1CCC1OC=N,6.24459981918335,train,-1,False
COC12C=CC3C1N3C2,1.8986999988555908,train,-1,False
CCC12CC1CC(=N)O2,3.0810000896453857,train,11836,True
CCOC(C=O)C=O,2.349800109863281,train,11837,True
C#CC(COC)=NO,1.2890000343322754,test,11838,True
CCC1CCC(C)(O)C1,1.2842999696731567,train,11839,True
COC1C2CC(C2)C1C,0.9319000244140624,test,11840,True
C#CC(C)(C#CC)CO,2.1756999492645264,train,11841,True
CC#CCOC1CCC1,0.7904999852180481,train,11842,True
N#CC12CC(O)C(C1)C2,4.11870002746582,train,11843,True
CC1=CNC(=O)C12CC2,3.269700050354004,train,11844,True
N=c1ncnc(C=O)o1,0.8364999890327454,train,-1,False
C#CC([NH3+])CC(=O)[O-],6.035200119018555,test,-1,False
O=C1OCC(O)C1O,2.7671000957489014,train,11845,True
CC1=CCC(C(N)=O)C1,3.2348999977111816,train,11846,True
CCC([NH3+])C(N)C(=O)[O-],5.321899890899658,train,-1,False
O=CNC1CC1,3.5896999835968018,train,11847,True
CC1(CO)CCC2CN21,0.964900016784668,valid,-1,False
CN1CC=CC1=O,4.035699844360352,train,11848,True
C1OC23C1CC1C2OC13,3.3480000495910645,train,-1,False
Cc1noc(O)nc1=N,1.9997999668121336,valid,-1,False
CCC1=NCC(=O)N1,3.1352999210357666,test,11849,True
C#CC1CC=CC1OC,1.5017000436782837,train,11850,True
C1=C2C3C4CC3C24CC1,0.5692999958992004,train,11851,True
C1CC2OCC12,1.7553999423980713,train,11852,True
N#CCN1CC1CO,5.333899974822998,train,11853,True
CC(O)C(C)COC=O,5.277100086212158,test,11854,True
Cn1ncc(CO)c1N,2.497400045394897,train,11855,True
CC1(C)CCC2CC2C1,0.1392000019550323,test,11856,True
C1CC2OC3(C1)COC23,0.7060999870300293,train,11857,True
CCOC(=N)C1CC1,1.3933000564575195,train,11858,True
O=CNCC#CC1CN1,3.268699884414673,train,11859,True
Nc1cc(N)c(O)[nH]1,1.1345000267028809,train,11860,True
CC#CC1COC(=N)C1,3.424099922180176,train,11861,True
OCC(O)C#CC1CO1,2.602799892425537,train,11862,True
NC(=O)OC12CCC1C2,2.4832000732421875,valid,11863,True
COC1CC1C(C)(C)C,1.1523000001907349,train,11864,True
CC1(CO)CCOCC1,2.0078001022338867,train,11865,True
CCC1CC(C)C(C)O1,1.4348000288009644,train,11866,True
CC1(C=O)NC(=N)C1O,4.176000118255615,train,11867,True
CC(O)C(=N)N(C)C=O,2.077800035476685,train,11868,True
C#CC(O)C(O)CC,0.1326999962329864,train,11869,True
CC(C)C(=N)N(C)C=O,0.8967999815940857,train,11870,True
CCC1C2OC1C1CC12,1.5698000192642212,train,11871,True
C1CC2=C(C1)COCC2,1.3009999990463257,train,11872,True
CC1C2CC(=O)C1(C)C2,3.004199981689453,train,11873,True
C#CC1=CCCCC1=O,3.685499906539917,train,11874,True
C#CC1(C)OCC2CC21,1.4667999744415283,train,11875,True
CCC1(C)CC=CCO1,1.0540000200271606,train,11876,True
C1=CCCOCCC1,1.0794999599456787,train,11877,True
O=CC(CO)C(=O)CO,3.84850001335144,train,11878,True
COCC(C)CCO,0.4061999917030334,train,11879,True
CC(O)C(C)C(=O)C=O,2.0157999992370605,test,11880,True
C#CC12OC(=N)C1C2O,2.233299970626831,train,11881,True
C#CCc1nc(O)n[nH]1,3.229899883270264,train,11882,True
N#CCC1C2CC1O2,3.721199989318848,train,-1,False
OCC1C(O)C1C1CO1,3.964200019836426,test,11883,True
CC(=O)n1nccc1C,1.4208999872207642,train,11884,True
O=C1C(O)C2CN12,2.629699945449829,valid,11885,True
CN=C(N)C(=O)C1CC1,1.492300033569336,valid,11886,True
OCC1(O)C2CC1N2,2.146699905395508,train,11887,True
CN(C)C(C)(C=O)CO,3.164799928665161,valid,11888,True
C1CCC2CCC(C1)C2,0.0509999990463256,test,11889,True
N#CC(O)C(CO)CO,3.506599903106689,train,11890,True
OC1C2CC3C1(O)C23O,2.104300022125244,test,11891,True
O=C1OCC(O)C1CO,5.504199981689453,train,11892,True
OCC1=CC2CC3C1C23,1.5032999515533447,train,11893,True
N#CC1(CO)CN=CO1,3.508699893951416,valid,11894,True
COCC(=O)C(C)=O,0.934599995613098,train,11895,True
Cc1c[nH]c(O)c1C#N,4.917500019073486,train,11896,True
NC(=O)CC(O)C(N)=O,4.822999954223633,train,11897,True
C#CCOC(C=O)C=O,2.0355000495910645,train,11898,True
N=C(N)N1CCC1=O,0.557200014591217,train,11899,True
O=COCc1nnon1,3.5218000411987305,train,11900,True
O=C1CCC2CC1C2,3.098400115966797,train,11901,True
O=CC12NC1C1CC2C1,2.572000026702881,train,11902,True
CCC1CC(C)CO1,1.5608999729156494,train,11903,True
CNC(=O)C1CC1,3.381200075149536,train,11904,True
C1=C(C2CO2)CCOC1,2.194999933242798,test,11905,True
CC1=CCC2(CC2)OC1,1.19159996509552,valid,11906,True
CC12NC(C1=O)C1OC12,0.4329000115394592,train,11907,True
CC1OC12CCOC2,2.4916000366210938,train,11908,True
C1OC1C12C3C4C1N4C32,1.156000018119812,test,-1,False
CC(=NO)C1COC1=O,3.517800092697144,test,11909,True
C#CCC1CC2(O)CC12,1.2178000211715698,train,11910,True
CCC(CC1CC1)OC,0.9186000227928162,train,11911,True
Cc1nc(C)c(C)o1,1.4563000202178955,valid,11912,True
CC1CNCC(=O)C1,2.5796000957489014,train,11913,True
CC1CC(C)C(CO)C1,1.2231999635696411,train,11914,True
CN=c1cc[nH]cc1O,5.77239990234375,train,-1,False
CC1(C)C2(C)CCC12O,1.0666999816894531,train,11915,True
C#CC1=C(C)C2NC2C1,1.9299999475479128,train,11916,True
[NH3+]c1cc(=O)[nH]c(=O)[cH-]1,12.314800262451172,train,11917,True
O=CC(O)C(O)C1CO1,3.1631999015808105,train,11918,True
O=CN(C=O)CCCO,6.8403000831604,train,11919,True
C#CC1C2CC2N1C=O,4.164000034332275,train,11920,True
CC1CC(C)(O)CO1,1.8061000108718872,train,11921,True
C#CC12COCC1(O)C2,1.4670000076293943,train,11922,True
c1cc(CC2CN2)on1,3.738899946212769,train,11923,True
CC1(C)C2CCC3C1N32,1.6720000505447388,train,-1,False
CN=C(C)OCC(N)=O,2.82229995727539,valid,-1,False
COC1C2(C)CCC12O,1.5449999570846558,train,11924,True
CN1C2CC(O)C21C#N,3.768699884414673,train,-1,False
CC1OC2C3C=CC12N3,1.4200999736785889,train,11925,True
O=C1OC2(CC2)C2OC12,4.334000110626221,train,11926,True
Cc1cn(C)cnc1=N,5.930099964141846,train,-1,False
N=c1nccc(F)[nH]1,3.07069993019104,train,-1,False
CCc1cc[nH]c(=O)c1,4.22130012512207,train,11927,True
OCC1C2CC1C21CC1,1.339100003242493,train,11928,True
C#CC(COC)OCC,1.5361000299453735,train,11929,True
CN=c1cccno1,2.760900020599365,train,11930,True
OC1CCC12C1CCN12,1.6526000499725342,train,-1,False
CC12OC3C=CC1C32O,1.9465999603271484,train,11931,True
CC1CC(C)C2C(O)C12,1.7900999784469604,train,11932,True
C#CC(CC)N1CC1,1.156000018119812,train,-1,False
O=C1C=C2NC3C(O1)C23,4.864299774169922,test,11933,True
C#CC1OCC1NC=O,2.8203999996185303,train,11934,True
COCCC(N)C#N,3.588900089263916,train,11935,True
CC(=O)C12CC3C(C1)N32,2.2523000240325928,train,-1,False
C#CC1C(O)C2NC12,2.848900079727173,train,11936,True
CCC(C#CC=O)CO,2.9918999671936035,train,11937,True
CC12CN1C1CC1(O)C2,1.8009999990463257,train,-1,False
C1CC23C1C1C4C(C42)C13,0.0966999977827072,train,11938,True
O=CNC1=CCN2CC12,3.946000099182129,train,11939,True
CC1C2OCC(C)(O)C12,1.6747000217437744,valid,11940,True
Cc1onnc1NC=O,2.3733999729156494,train,11941,True
CCCC1C(C)C2CC12,0.2921999990940094,train,11942,True
N#CCC1CC(C=O)N1,5.641600131988525,train,11943,True
CC(O)C(C)(O)C1CC1,0.5763999819755554,train,11944,True
O=C1OC2C=CC3C2N13,5.03249979019165,train,11945,True
N#CCC1CC12COC2,2.3340001106262207,train,11946,True
O=C1C=Cn2cccc21,4.117800235748291,train,-1,False
CC1(O)CC(CC#N)C1,5.22130012512207,train,11947,True
N=C1NC=NC1C1CO1,2.8159000873565674,test,-1,False
CC(=O)N1CC2CCC21,3.7978999614715576,train,11948,True
CC#CC(C)CC=O,2.880800008773804,valid,11949,True
C#CC(=O)C(=O)C1CO1,1.690999984741211,train,11950,True
O=CC12CC(C1=O)C2O,2.748699903488159,train,11951,True
COC1CC1C(C)C#N,4.844200134277344,train,11952,True
Cc1ncccc1O,1.207200050354004,train,11953,True
CCC(C)C#CC(N)=O,3.957799911499024,train,11954,True
CCc1oc(N)nc1C,1.674399971961975,train,11955,True
CCC1=CC2C=CC1C2,0.2870999872684479,valid,11956,True
O=CC1=CNCCC1O,6.456699848175049,valid,11957,True
CC12CC(O)C1(O)C2,1.8200000524520876,valid,11958,True
CCC(C)(C#N)C=O,5.2795000076293945,train,11959,True
N=c1onc(F)cc1F,1.865599989891052,train,-1,False
COC12C=CC(C)(C1)C2,1.0715999603271484,train,11960,True
NC(=O)n1cnc(O)c1,3.655100107192993,train,11961,True
OCC1C2CC(O)C1C2,0.9218000173568726,train,11962,True
C#CC(C)NCCC#N,3.783999919891357,train,11963,True
O=CNC1C=CCC1O,3.6147000789642334,valid,11964,True
C1COC2C3OC(=N1)C23,3.93969988822937,test,11965,True
CCC1CCOC1=NC,2.585900068283081,train,11966,True
CC(C#N)C1(CO)CN1,1.9657000303268437,train,11967,True
NC1=CC(=O)NCCC1,5.146900177001953,train,11968,True
C1=CC23NC2CN2C1C23,0.5428000092506409,test,-1,False
CC12CCC(C1)OC2=N,2.9730000495910645,train,-1,False
CN1C(=O)CC12CC2,3.654299974441528,train,11969,True
CC12CC1OCOC2=N,1.8609000444412231,train,-1,False
CC1C(=O)C2C(C=O)C12,3.415699958801269,train,11970,True
NC1=CC(=O)C(C=O)C1,5.4375,valid,11971,True
CCCC(O)C(O)C#N,4.023499965667725,train,11972,True
C#CC1COC(C)(C)C1,0.9858999848365784,train,11973,True
Cn1nc2c(n1)CCC2,0.4090999960899353,train,11974,True
C#CCCn1ccnn1,4.13070011138916,train,11975,True
CC1CCOC(C)(C)O1,1.5103000402450562,train,11976,True
CC1C(N)C1(N)C#N,4.9257001876831055,train,11977,True
C#CCCC1CC1C,0.9169999957084656,train,11978,True
CC1(CC2CO2)CCC1,1.6509000062942505,train,11979,True
c1ncc2conc2n1,3.934299945831299,train,11980,True
O=C1CC2OC1C21CO1,3.160900115966797,train,11981,True
O=C1CCCC1CO,3.759000062942505,train,11982,True
NC(=O)C12CC(=O)C1N2,3.6665000915527344,train,11983,True
CCC1=CCC2(C)CC12,0.1991000026464462,train,11984,True
CCC1(CC)CC1(C)O,1.319599986076355,train,11985,True
CC1OC(C)C12CC2,1.573699951171875,train,11986,True
COCC1(C)NCC1=O,1.6991000175476074,test,11987,True
C#CC(CCC)OC=O,3.836400032043457,train,11988,True
OCC1(O)CCC1=NO,1.7746000289916992,train,11989,True
OCCN1CC1C1CC1,3.0464000701904297,train,-1,False
CCC1CC1OC(C)C,1.0709999799728394,train,11990,True
O=C1CC23CCC2(C3)O1,3.866199970245361,train,11991,True
Cc1c[nH]cc1C1CC1,1.6216000318527222,test,11992,True
CCCCC(C)OCC,0.9451000094413756,train,11993,True
O=CC1OCC12CN2,1.0784000158309937,train,11994,True
OC1C2COC13CCC23,2.731100082397461,train,11995,True
C#CC1(C)CCC(=O)N1,3.6045000553131104,train,11996,True
CCC(=O)C1(C#N)CC1,1.6523000001907349,train,11997,True
OCC1(O)C=CCC1,2.202699899673462,valid,11998,True
CCOC=NCC(C)=O,2.350600004196167,valid,11999,True
CC1OC2(CC2)C1(C)O,2.392899990081787,train,12000,True
OC1C=CC2CN3C1C23,2.8701000213623047,train,-1,False
CC1=NC(C=O)CO1,1.9701999425888064,train,12001,True
OC1COc2cnoc21,2.591200113296509,test,12002,True
CC#CC1OC1C(C)=O,3.3327999114990234,train,12003,True
COC(C#N)C#CC=O,4.321800231933594,test,12004,True
O=C1CC=CC1(O)CO,2.812999963760376,valid,12005,True
O=CCC(O)CCCO,4.067599773406982,train,12006,True
CC1CCCCN1C=O,4.071700096130371,train,12007,True
C#CC1CC(C)=CC1O,2.411900043487549,train,12008,True
Cn1cc2c(c1)NCC2,1.5015000104904177,train,12009,True
CCN1CC1C1CCC1,1.1863000392913818,train,-1,False
CC(=O)C1CCC(C)C1,2.533799886703491,train,12010,True
CC12CC1(CO)CCO2,0.9585999846458436,train,12011,True
CC1(C)C=CC(C#N)C1,4.114099979400635,train,12012,True
N#CC1(CO)C=CCC1,3.4646999835968018,train,12013,True
C1=CCC2CC(CC1)O2,1.5887000560760498,test,12014,True
O=C1C(O)C2CC2C1O,1.652500033378601,train,12015,True
CC1=CC2OC2(C)C1=O,2.9560999870300293,train,12016,True
O=C1CCC2C3OC3C12,3.4834001064300537,train,12017,True
CCC(CO)N1CC1,1.20360004901886,train,-1,False
O=CC12C(=O)C3NC1C32,3.4489998817443848,train,12018,True
CC1C2C3OC3(C)C12C,1.9602999687194824,train,12019,True
CC(C)(CO)C(=O)C=O,1.5579999685287476,valid,12020,True
CC12CCC1COC2=N,2.9214000701904297,train,-1,False
CC(=N)OC(=O)N1CC1,4.145400047302246,train,12021,True
C#CC1=CCC(C#C)C1,0.396699994802475,train,12022,True
Cn1nnc2nnoc21,0.8331000208854675,train,-1,False
OC1CC=CC12COC2,2.7925000190734863,train,12023,True
N=C1CN(C=O)CCO1,5.048500061035156,train,12024,True
N#CC1CC1NC=O,1.8825000524520876,train,12025,True
N=C1Cc2onnc2O1,2.322200059890747,train,-1,False
N=C1OCC=CC1=NO,2.716200113296509,train,-1,False
CCCOc1ccoc1,1.1902999877929688,valid,12026,True
CCC1(C)COC=N1,1.344599962234497,train,12027,True
CC1(C=O)OC1CC=O,1.0263999700546265,train,12028,True
O=C1NCCC2C(O)C12,3.756999969482422,train,12029,True
CCN=c1nccn[nH]1,2.086999893188477,test,-1,False
C#CC12CCC=C1CC2,0.8791000247001648,train,12030,True
CCC1CCC(C)=C1C,0.1891999989748001,train,12031,True
C1OC2CC1C1(CO1)C2,0.6039999723434448,train,12032,True
c1cc2cncc-2no1,3.222100019454956,train,-1,False
OCC1CC2CC3C2N13,2.75570011138916,train,-1,False
O=CC1CCOCC1O,2.714400053024292,valid,12033,True
N#CC1C2C=CC3C2N13,4.268700122833252,train,-1,False
CCCN1C(C)C1CO,2.5924999713897705,train,-1,False
CC12CN1C=CC2=NO,0.838100016117096,train,12034,True
CC1COC2CC2C1=O,1.893399953842163,train,12035,True
CC1(C2(O)CC2)CCC1,1.305299997329712,train,12036,True
C#CC#CC(C)CC#C,0.5648999810218811,train,12037,True
NC(=O)C(O)C#CCO,2.7314000129699707,train,12038,True
CC(C)(C)C1C2COC21,1.5364999771118164,train,12039,True
CCc1[nH]ncc1C,2.651099920272827,train,12040,True
C#CC1NCC1(C)C#N,3.136199951171875,test,12041,True
CC1(C)CCCC2CC21,0.1774999946355819,train,12042,True
C#CC1N2CC=CC12C,1.2603000402450562,train,-1,False
CCc1c[nH]cc1C=O,4.598800182342529,train,12043,True
OC1C(O)C12C1CC2C1,1.624400019645691,train,12044,True
CC1CCC1(O)C(N)=O,3.039999961853028,train,12045,True
C1C2OC3CC1C3O2,1.7581000328063965,train,12046,True
CCC#CCOC(C)C,0.8127999901771545,train,12047,True
CC1C=CCOC1C=O,3.635699987411499,train,12048,True
CC1C23COCC12OC3,1.228600025177002,train,12049,True
C#CC(CO)C(C)=O,3.017800092697144,train,12050,True
CCOCC(CO)CO,2.79040002822876,test,12051,True
COC(C)C(=O)OC=N,0.729200005531311,train,12052,True
CCC1C(C)C1C1CO1,1.5520000457763672,train,12053,True
CC1OC12C(=O)N1CC12,4.696300029754639,train,12054,True
CC(=O)COC1CC1O,4.934700012207031,train,12055,True
CC1(C2(CO)CO2)CN1,3.188800096511841,train,12056,True
CC1(CO)COC2CC21,1.9452999830245967,train,12057,True
Cc1ccc(N)c(C)c1,1.4429999589920044,train,12058,True
CC12CC1C=CN2C=O,3.7888998985290527,train,12059,True
N=C1CN=C2C(O)CN12,0.5544999837875366,train,-1,False
O=C1OCOC1C1CC1,2.763200044631958,train,12060,True
CCC1=CC(=N)OC1=O,2.5578999519348145,valid,-1,False
CC1=NC(C)C(=O)O1,2.183900117874145,train,12061,True
N#CC1CC1CCC=O,4.25059986114502,test,12062,True
CC1C2C3NC(=O)C2C13,3.912600040435791,train,12063,True
CC(C)(O)C1C2COC21,2.7423999309539795,train,12064,True
CC(C)C12CC1CC2O,1.3655999898910522,train,12065,True
OC12CCC13CCN3C2,1.8145999908447263,train,12066,True
C#CC1NC(=O)C2OC12,3.7981998920440674,train,12067,True
CC(C)C1(C)COC1=O,3.908200025558472,train,12068,True
CC(C)C1C(=O)N2CC12,3.8066000938415527,valid,12069,True
OC1CC2COC(C1)O2,1.1504000425338743,test,12070,True
CC1OC1C(C)(C)O,2.6939001083374023,train,12071,True
O=CNc1cnc(O)[nH]1,5.36359977722168,train,12072,True
CC1CC(N)C1(O)C#N,5.553800106048584,train,12073,True
C#CC1C2OC1C1OC21,0.5809999704360962,train,12074,True
Cc1nn(C=O)c(=O)[nH]1,5.635700225830078,test,12075,True
CCC1OC2C3CC1C32,1.4349000453948977,train,12076,True
CN=C1OCOC1=NC,3.0136001110076904,train,12077,True
C1CC2COCC2C1,1.6124000549316406,train,12078,True
Cc1c[nH]c2c1CCO2,0.4413999915122986,train,12079,True
CCC1(O)CC1(O)CO,1.2970000505447388,train,12080,True
CC12C3CC1OC2CO3,2.091099977493286,train,12081,True
Nc1onc2c1CCO2,5.460299968719482,valid,12082,True
[O-]N=C(CO)CC1C[NH2+]1,8.05210018157959,train,12083,True
OC1C23CCC12NC=N3,1.6890000104904177,train,12084,True
CCC1OC2CCC12O,2.319499969482422,test,12085,True
N#CCNC1CCC1O,5.606299877166748,train,12086,True
CCCC1(CO)CC1,1.3423000574111938,train,12087,True
CC1CC(O)(C#N)C1=O,4.013500213623047,test,12088,True
CC12CC1C1(C=O)CC21,3.343600034713745,train,12089,True
CCN=COC,2.839400053024292,train,12090,True
CCCN1CC2(CO2)C1,2.249000072479248,train,12091,True
CC1CC(=NO)C1O,1.379899978637695,train,12092,True
c1n[nH]cc1CC1CO1,3.8069000244140634,train,12093,True
OC12CCC3CC1CC32,1.2914999723434448,train,12094,True
CC(CO)CC1CC1C,1.3356000185012815,train,12095,True
CC1CCOCOC1=O,4.164899826049805,train,12096,True
CC1CN1c1ccno1,3.6735999584198,train,12097,True
OC12CC3(O)C4C1C2C43,2.3975000381469727,valid,12098,True
CN(C=N)C(=O)C1CN1,1.600600004196167,train,12099,True
CC12CC3CC3C1(O)C2,1.2860000133514404,train,12100,True
CC1COC(=O)CN1,4.129899978637695,test,12101,True
O=C1CCC2CC1C2=O,3.4138998985290527,train,12102,True
CC12CC(=O)C1C2C=O,3.713000059127808,test,12103,True
Cc1cc(N)c(O)o1,0.3783999979496002,train,12104,True
COc1cnno1,3.829699993133545,valid,12105,True
CC1(O)C=CC(=NO)C1,2.0487000942230225,train,12106,True
OCCC1C=CCO1,0.9950000047683716,train,12107,True
COCC12CC(O1)C2C,1.291800022125244,train,-1,False
CCC(=NC)NC(N)=O,4.031400203704834,train,12108,True
Cc1nccc(O)c1O,2.469599962234497,train,12109,True
[NH3+]C1(C(=O)[O-])CCCC1,5.233099937438965,train,-1,False
C#CCOC(=O)CO,2.803499937057495,train,12110,True
CN=c1cc(N)ocn1,4.327000141143799,valid,-1,False
OC1C2CC3OC2C31,2.2342000007629395,train,12111,True
COC1CC2OC12C,2.573899984359741,train,12112,True
N#CC12CCN3C1CC32,2.9883999824523926,train,-1,False
CC(C)C#CC1CC1O,1.6787999868392944,test,12113,True
CC1(CO)COCCO1,1.6376999616622925,valid,12114,True
CC(O)CCC(F)(F)F,2.256200075149536,train,12115,True
N=c1[nH]c(O)co1,4.08050012588501,train,-1,False
CCC1=CC(C#N)OC1,4.92579984664917,test,12116,True
CCC(C)CNC=O,3.674499988555908,train,12117,True
C1=C(C2CN2)C2CC1C2,1.3664000034332275,train,12118,True
CC1=CCC2C(C#N)C12,4.101200103759766,train,12119,True
CC(O)C1(C)CC2NC21,2.229899883270264,train,12120,True
CCC1(O)CN2C(C)C21,2.550600051879883,valid,-1,False
Cc1nc(C=O)oc1N,5.373199939727783,train,12121,True
Cn1cc(CO)c(N)n1,1.4779000282287598,train,12122,True
ON=C1CNC12CC2O,1.1971999406814575,train,12123,True
OC12COCC3C1N3C2,1.502900004386902,train,-1,False
CC12N=CN3C(C1=O)C32,2.6349000930786133,train,-1,False
NC1=C(C=O)CCC1O,4.187900066375732,valid,12124,True
NC1COCOC1=O,2.4679999351501465,train,12125,True
CC1C(C)N2CC(=O)C12,2.379499912261963,train,-1,False
CC1NC(CCO)C1=O,2.8032000064849854,train,12126,True
CC1C2C=CC1C1OC21,1.7771999835968018,train,12127,True
CC(C(N)C#N)C1CO1,2.9827001094818115,train,12128,True
CC1C2C(C)C3C1N23,1.7848999500274658,valid,-1,False
Nc1cnoc1OC=O,3.5845000743865967,train,12129,True
CCC1OC1C(C)(C)O,2.6054999828338623,train,12130,True
C#CC1OC1(C)COC,2.3271000385284424,train,12131,True
Nc1nc2c(o1)C=CC2,1.4874999523162842,train,12132,True
COC1(C)CCC12CC2,1.0709999799728394,train,12133,True
OCC12CC1C1CC12,1.4227999448776243,train,12134,True
O=CC1CC=CC2OC12,2.6415998935699463,train,12135,True
CC1NC1C1CNC1=O,4.168000221252441,train,12136,True
CC(C=O)C1OC1(C)C,1.4718999862670898,train,12137,True
O=C1OC2(CC2)C2NC12,4.986299991607666,train,12138,True
C1=CCOCCOC1,0.926699995994568,train,12139,True
ON=C1C2CC1N1CC21,0.9883000254631042,train,-1,False
O=C1NC2(COC2)C1O,1.2085000276565552,train,12140,True
Nc1n[nH]c2c1OCC2,2.6738998889923096,train,12141,True
CCC1=CCNCC1=O,3.463000059127808,train,12142,True
OC12CCCC3C1N3C2,2.7155001163482666,train,-1,False
C#CC(=NO)C(C)O,1.0923000574111938,train,12143,True
OC12CCCCC1CC2,1.207900047302246,test,12144,True
CC(=O)OCC(N)=O,2.8194000720977783,train,12145,True
CC12CC(=O)CC1(C)O2,3.4021999835968018,train,12146,True
Nc1cn[nH]c1CC=O,3.154900074005127,train,12147,True
CCC12CC1CO2,1.54830002784729,train,12148,True
CCCCOC(=N)CO,2.4182000160217285,train,12149,True
C1=CC(CC2CC2)CC1,0.2175000011920929,train,12150,True
CC12OCC1CN1CC12,1.343000054359436,train,-1,False
N#CC1=CC2CN2C1=N,4.788300037384033,train,-1,False
N#CC1(C=O)NCC1O,5.20580005645752,train,12151,True
CC1C(C#N)C1(C)C#N,2.836400032043457,train,12152,True
CC1OCC1N(C)C=O,2.5787999629974365,test,12153,True
C#CC(=O)CCCCO,1.3738000392913818,train,12154,True
OCC#CC1CC1O,2.305799961090088,train,12155,True
N#CC(N)CC#CCO,3.991899967193604,test,12156,True
C#CCC(C#CC)CO,2.056299924850464,test,12157,True
ON=C1CCC2CC1C2,1.0053000450134275,train,12158,True
COc1c(N)cnn1C,2.02209997177124,train,12159,True
N#Cc1c[nH]c(C=O)c1,2.670399904251098,valid,12160,True
OC1C=CC2CC2CC1,1.3408000469207764,valid,12161,True
C#CC12OC1C1CC2O1,0.3989999890327453,test,12162,True
C1NC1C12C3C4C3N1C42,0.788100004196167,train,-1,False
CCC(=O)N(C)C=NC,2.1136999130249023,train,12163,True
OC1C2OCC3C(O2)C13,2.0220000743865967,train,12164,True
OC1CC12OC1CCC12,2.8364999294281006,test,12165,True
COC1CC(=NO)C1C,1.315600037574768,train,12166,True
C1CC23CC4OC2C1C43,1.6548999547958374,train,12167,True
CC#CC(O)CO,3.0776000022888184,test,12168,True
COC1CC(=O)C1,2.9679999351501465,train,12169,True
CC1(O)C(=N)N2CC21,1.9213000535964968,train,12170,True
CC(C1CC1)C1(C)CO1,1.7116999626159668,train,12171,True
CCN(C(C)=O)C1CC1,3.5920000076293945,train,12172,True
CC1OC12C1C=CC2C1,1.7497999668121338,train,12173,True
CCCC1(C=O)CC1O,2.523699998855591,train,12174,True
CC12C=CC3OC1(C)C32,1.532099962234497,train,12175,True
c1nn[nH]c1NC1CC1,5.709199905395508,valid,12176,True
CC(O)(C#N)CN1CC1,5.691299915313721,train,-1,False
N#CCN1CCC12CC2,4.412700176239014,train,12177,True
CC#CC1=CC2CN2C1,1.7590999603271484,train,12178,True
CC1CC1C1(O)CC1C,1.2539000511169434,train,12179,True
CCC1CC2OC2C1=O,2.84089994430542,train,12180,True
CC1OCC12CNC2=O,4.026400089263916,test,12181,True
CC1C2OC(C)(C)C12O,2.0727999210357666,train,12182,True
CC1NC1C1NC1C,0.0035999999381601,train,12183,True
CC#CC(C=O)OC=N,2.641400098800659,train,12184,True
C#CC(OC)C1(C)CC1,1.3672000169754028,valid,12185,True
CC12C(O)C1CC21CN1,2.553400039672852,train,12186,True
N#CC1(N)C2OC(=O)C21,1.1304999589920044,test,12187,True
O=C1CC2C1C21CCO1,2.994999885559082,test,12188,True
CCN=C(N)C(=O)C=O,4.947299957275391,train,12189,True
O=C1NCCC1O,3.7646000385284415,valid,12190,True
C#CC(=N)OC=O,4.1392998695373535,train,12191,True
CC1CNC(=O)CO1,3.795200109481812,train,12192,True
CC1CC2OCC1C2=O,2.6982998847961426,valid,12193,True
CC1=CC2=CCCC2C1,0.8740000128746033,train,12194,True
N=COCC1(CO)CN1,3.5701000690460205,test,12195,True
O=CC(=O)CC1CCC1,1.0821000337600708,train,12196,True
C1=CC2NC2(C2CO2)C1,1.697700023651123,train,12197,True
CN=C1OCCC1C,2.523400068283081,train,-1,False
O=CCC1C2CC(=O)N12,4.387499809265137,train,12198,True
CC(=O)C1(O)C(O)C1O,3.3127999305725098,train,12199,True
CC12NC1CC21CC1,1.7496000528335571,train,12200,True
CC(C)C(O)(CO)CO,1.0801000595092771,train,12201,True
CCC(=O)OC1COC1,2.1487998962402344,valid,12202,True
CCCC1CCOC1=N,2.8649001121521,test,12203,True
COc1cc(=N)cn[nH]1,5.533699989318848,valid,-1,False
COC1CCC2OC12,2.696000099182129,train,12204,True
N=COCC#CC=O,2.2065000534057617,valid,12205,True
CC12CN3C1C=CC32,1.9293999671936035,train,-1,False
CCC1(C(O)C=O)CN1,2.5927000045776367,train,12206,True
O=C1C(N2CC2)C2CN12,2.5441999435424805,train,-1,False
CCCOCC(C)CO,2.105299949645996,train,12207,True
COc1n[nH]nc1C,1.0049999952316284,train,12208,True
COC1C2CC1C2=NO,1.4146000146865845,train,12209,True
CC1OC(=N)C1NC=O,1.763100028038025,train,12210,True
OC12C3=CCC1C2OC3,0.5713000297546387,train,12211,True
O=CCNc1nnon1,3.712399959564209,train,12212,True
C1=CC2OC2C2COC12,2.6212000846862797,train,12213,True
COC1CC2OC1C2C,1.618499994277954,train,12214,True
CCC(=O)NCC(C)=O,2.076200008392334,valid,12215,True
CN1CC1C(C)(O)C=O,1.791700005531311,train,12216,True
CN=c1cc(C)cco1,3.0896999835968018,train,-1,False
CCC1=CC(=O)C(=N)N1,5.22730016708374,train,-1,False
CC1(C2(CO)CN2)CC1,2.968100070953369,test,12217,True
c1cc2n(c1)CC2,2.05430006980896,train,12218,True
CCC12CC3C1CC32,0.2259999960660934,train,12219,True
O=C1OCCN2CC12,3.452199935913086,valid,12220,True
CCC1C=CC(C#N)C1,4.263800144195557,train,12221,True
CN1C=CCNC1=O,3.037100076675415,train,12222,True
CC#CCc1ncn[nH]1,3.704900026321411,train,12223,True
CC1C(C)C1(C)C#N,4.507999897003174,train,12224,True
CC1C(CCO)C2CN12,1.8799999952316284,train,-1,False
O=CC1C=CCC2NC12,3.626800060272217,valid,12225,True
COC1CC12CC1CC12,0.9912999868392944,train,12226,True
CCC1(CC)C(C)C1O,1.2559000253677368,valid,12227,True
N#CC1CN=CN1C=O,3.101099967956543,train,12228,True
C1CC23C1CC21CC3O1,1.8658000230789185,train,-1,False
CC12OC3C1OC32C#N,3.869800090789795,valid,12229,True
CC1=CC(=O)N(C)C1,4.437300205230713,test,12230,True
OC1C2NC2C2CC12O,1.8967000246047971,test,12231,True
N=C(N)Oc1ncon1,3.300600051879883,test,12232,True
CC1(C)OC2C(CO)C21,1.9503999948501587,train,12233,True
CC12CCC3C(C1=O)N32,2.753999948501587,train,-1,False
CC1C2C3CC(C3)C12O,1.27839994430542,train,12234,True
Cc1cnn(C=O)c1N,5.959700107574463,train,12235,True
CC1C2CCC(=O)CC12,2.9319000244140625,train,12236,True
COC12CC(C1)OC2C,1.3984999656677246,train,12237,True
N#CCOc1ccn[nH]1,3.588900089263916,train,12238,True
C1C2OC3C1C2C1OC31,1.2834999561309814,valid,12239,True
C1=CC2CCCC2CC1,0.2369000017642974,train,12240,True
N#CC12C(O)C3CN1C32,4.395899772644043,train,12241,True
Cn1ccc(CC=O)c1,3.956399917602539,train,12242,True
C#CC#CCN1CCC1,1.4905999898910522,test,12243,True
OC1C2(O)CC2C12CN2,2.6373000144958496,valid,12244,True
FC(F)(F)C12CN(C1)C2,0.4316999912261963,train,12245,True
O=CCC1(O)CCOC1,3.0288000106811523,train,12246,True
CC1Cn2nc(O)nc21,3.897200107574463,train,12247,True
NC(=O)NC(=O)C(N)=O,3.2177999019622803,train,12248,True
N#CCCCCC1CC1,4.259099960327148,train,12249,True
O=CC#CC1C=CCC1,4.067399978637695,valid,12250,True
N#CCC1=CCCC1=O,3.293600082397461,train,12251,True
C1C2CC3C4C1CC2C34,0.1437000036239624,train,12252,True
O=C1CC2C(=O)CC2O1,3.809999942779541,valid,12253,True
CCC(C)C1CC1,0.0772000029683113,train,12254,True
N=C1OC2C3NC1C32O,2.629300117492676,train,-1,False
OC1C2NC2CN2CC12,2.6651999950408936,test,-1,False
C#CC(CO)C1(C)CC1,1.5326999425888062,train,12255,True
CC(=NO)C1OCC1C,1.694200038909912,train,12256,True
CCC#Cc1ccco1,0.7372999787330627,train,12257,True
CC(CC=O)OC1CC1,3.253999948501587,test,12258,True
C#CC1C=CCOC1,0.9578999876976012,valid,12259,True
N=C(N)c1cnnnn1,2.348900079727173,train,12260,True
C1CC2OC(C1)C21CC1,1.6138999462127686,train,12261,True
C#CC1C2N3CC2(C)C13,1.6782000064849854,train,12262,True
CC1C(C#N)CC2OC21,5.374300003051758,train,12263,True
Cc1nc[nH]c(=N)c1O,3.520400047302246,valid,-1,False
CC12OCC1NC2C=O,4.215400218963623,train,12264,True
CC1C2CC3(CCO3)C12,1.6181999444961548,train,12265,True
OC1CCCCOCC1,1.3832999467849731,train,12266,True
CN1C(C#N)CC1CO,3.2179999351501465,train,-1,False
CC1C=CC=CCC1O,1.3913999795913696,train,12267,True
N=C1OCC2NC12CO,3.928400039672852,train,12268,True
O=C1NCCN1C1CC1,3.6810998916625977,train,12269,True
CC1CC=CCCCC1,0.2727999985218048,test,12270,True
CC12C=CC(O1)C21CO1,2.8703999519348145,train,12271,True
N=c1nn[nH]cc1N,5.156000137329102,train,-1,False
N=C1OCC12CN1CC12,1.5240999460220337,train,-1,False
CC12CCC3C4C3N1C42,1.5916999578475952,train,-1,False
Cn1nnn2ccnc12,1.253999948501587,train,-1,False
O=C1COC2COC12,2.55049991607666,train,12272,True
CN(CC=O)C1COC1,1.0052000284194946,train,12273,True
O=CC1CCOC12CC2,2.3926000595092773,train,12274,True
N=c1cc[nH]c(N)c1O,4.402200222015381,train,-1,False
CC1CC=C(C#N)C1C,4.551400184631348,train,12275,True
CCC1C=C(C=O)CC1,3.5927000045776367,train,12276,True
CC1(CC(=O)[O-])CC1[NH3+],5.700099945068359,valid,-1,False
Nc1ncncc(=O)n1,4.034999847412109,test,12277,True
OCC1OC2CCCC12,2.6884000301361084,train,12278,True
N=C1COCC=CCO1,3.328399896621704,train,-1,False
CC1NC(=O)C1C(N)=O,1.9500999450683596,train,12279,True
CC12C=C(C#N)CN1C2,3.903599977493286,train,12280,True
O=CCCC1(O)CC1O,4.059100151062012,train,12281,True
CC1=NC(C)C(C)(C)O1,1.41349995136261,train,-1,False
CCC1OC(=N)OC1C,4.428999900817871,train,12282,True
O=C1C=CC(O)C1=NO,3.8729000091552734,test,12283,True
CC(C)Oc1conn1,3.0510001182556152,train,12284,True
C#Cc1[nH]c(C)nc1N,2.0792999267578125,train,12285,True
NC1=C(C=O)CCCC1,4.999899864196777,train,12286,True
O=c1[nH]c2nc[nH]c2[nH]1,4.675899982452393,train,12287,True
CC1=CC2C(O)CC2C1,1.99810004234314,train,12288,True
C1=CC23COC2CC3C1,1.8758000135421755,train,12289,True
CCc1nonc1OC,3.621500015258789,train,12290,True
O=C1NCCNC(=O)N1,5.628099918365479,train,12291,True
C1=C2C3C(C1)C3C21CO1,2.4335999488830566,test,-1,False
N#CC1CC1C(=O)C=O,4.093100070953369,train,12292,True
CC1Cc2[nH]nnc2N1,5.049699783325195,train,12293,True
Cc1oc(C#N)nc1O,4.349500179290772,valid,12294,True
CC(=O)C1(C)C=CCC1,2.402899980545044,train,12295,True
COc1cc(CO)on1,1.2517000436782837,train,12296,True
O=C1C2CCC13CCN23,1.9078999757766724,train,-1,False
N=c1[nH]c2cnoc2o1,2.3763999938964844,valid,-1,False
O=C1C(O)C2C3CC2C13,2.4340999126434326,train,12297,True
CC1(C#N)C=CCC1=O,4.903200149536133,train,12298,True
O=CC1OC2CC3C1C23,3.4219000339508057,train,12299,True
C#CC1CC(CO)C1=O,2.8671998977661133,train,12300,True
O=CC1(O)CC12COC2,2.190500020980835,train,12301,True
N#CC12CC3C4C1N4C32,4.3730998039245605,train,-1,False
CCCN1CC1C(C)O,1.5892000198364258,train,-1,False
O=C1OCC2OC12CO,4.669300079345703,train,12302,True
C#CC(C)(C)COCC,1.0012999773025513,train,12303,True
CCCC#CC(C)C,0.1753000020980835,valid,12304,True
N#CC12CC1N=C(N)O2,3.714499950408936,valid,12305,True
O=CCC1CC1(O)C=O,2.1624999046325684,train,12306,True
CC(=O)C1CC1(C)C=O,0.8999999761581421,test,12307,True
CCC12CC(=O)C1O2,3.3004000186920166,valid,12308,True
CC1CN2C(=O)CC12,3.7730000019073486,train,12309,True
CC1(O)C(=O)OC1CO,2.731800079345703,test,12310,True
C#CC(CC)OC1CC1,0.8026999831199646,train,12311,True
Nc1cc2ncoc2[nH]1,3.1442999839782715,train,12312,True
CC1C=CC23CCC12O3,2.0743000507354736,train,12313,True
CC1(C)OCCC1O,2.080899953842163,train,12314,True
O=COc1nc(O)no1,1.4184000492095947,train,12315,True
CC1N(C)C1(C)CO,2.2156999111175537,train,-1,False
OCC12CCOCC1N2,1.335199952125549,train,12316,True
C#CC(CO)C(N)C#N,3.6210999488830566,train,12317,True
CC12C3CC(O)C1N2C3,2.4286999702453613,test,-1,False
CCCN=C(N)C(N)=O,1.9225000143051147,train,12318,True
CCCC(C)C1CCC1,0.0252000000327825,valid,12319,True
COCC(=O)C(C)C,3.4249000549316406,train,12320,True
N#CC#Cc1ccoc1,5.358399868011475,train,12321,True
OC12C3C4C(C31)N1C4C12,2.6175999641418457,train,-1,False
CCC12CC(C)(CO1)C2,1.516700029373169,train,12322,True
O=C1NCC12CN2,2.631799936294556,train,12323,True
COC1(C)CCC1(C)O,1.111600041389465,test,12324,True
CCN(C)c1ccc[nH]1,1.8051999807357788,train,12325,True
C1CC2OCCNC2=N1,2.104599952697754,train,-1,False
CC(C)C1(C)CCC1O,1.3916000127792358,train,12326,True
CCC12CC(C)(C1)O2,1.6064000129699707,train,-1,False
C#CC(C)(C#N)COC,3.108099937438965,train,12327,True
CC1(C)C(N)C1(O)C#N,6.0142998695373535,train,12328,True
C#CC(C#N)C=O,3.010999917984009,train,12329,True
OC12COC3C1COC32,1.1469999551773071,train,12330,True
CC1OC(=N)CC12CC2,3.2623000144958496,train,-1,False
CC12C3C4C1C4(C)C32,0.1617999970912933,train,12331,True
O=CCN1CC(=NO)C1,2.35290002822876,valid,12332,True
CCC#CC=O,3.932699918746948,train,12333,True
C#CC(C)NC(C)C#N,4.468200206756592,train,12334,True
O=C1CC2C3CN2C3C1,2.547300100326538,train,-1,False
Nc1n[nH]c(N2CC2)n1,1.660899996757507,train,12335,True
Cc1cc(CC=O)co1,2.96399998664856,train,12336,True
CCC1(CC#N)COC1,4.709799766540527,train,12337,True
COC1(C)C2C=CC1O2,2.580300092697144,train,12338,True
CC(=O)C1=NC(C)CO1,3.0401999950408936,train,12339,True
CC#CC1(CC#N)CO1,4.761499881744385,valid,12340,True
Nc1[nH]c(O)c(N)c1O,2.426300048828125,train,12341,True
CC(C)(O)CC1CC1,1.2746000289916992,test,12342,True
CC1CC2(C)NC1C2=O,3.336999893188477,train,12343,True
O=C1NC2CC3OC2C13,2.777600049972534,train,12344,True
CC1CC(C)(O)C(=O)O1,3.1112000942230225,test,12345,True
O=C1NC=C2C=CCC12,2.9935998916625977,test,12346,True
C1C2C1C1OC3CC2C31,1.7793999910354614,train,12347,True
CC12OCC1C=CC2O,2.746000051498413,train,12348,True
CCC1C(C)C1NC=O,3.6064000129699703,valid,12349,True
CC(=O)C(=O)NC(=N)N,2.444200038909912,train,12350,True
OC12C3CN4C3C1C42,1.2069000005722046,train,12351,True
CNC(=O)C1(O)CC1,2.9393999576568604,test,12352,True
CC1OC2(C)CN(C)C12,1.9645999670028689,train,-1,False
N=C1OC2CN3CC3C12,1.660899996757507,train,-1,False
C1C2CC3CC1C3C2,0.1570000052452087,train,12353,True
C#Cc1cnc(C)o1,1.0856000185012815,train,12354,True
CC1(C)C=CCC1C=O,2.797800064086914,train,12355,True
CC1C=CC(CO)OC1,2.5390000343322754,train,12356,True
OC12COC1(C1CO1)C2,0.5896000266075134,train,12357,True
N#CC12CC1NCC2=O,5.243299961090088,valid,12358,True
Cc1nonc1N=CN,6.010600090026856,train,12359,True
CC([NH3+])c1ncoc1[O-],1.0046000480651855,valid,-1,False
N=C1NC(C2CO2)C1O,3.896899938583374,train,-1,False
c1cc(NC2CC2)n[nH]1,1.44159996509552,train,12360,True
CC(C)N=COC=O,4.137199878692627,test,12361,True
C#CC(C)C1CCCO1,1.4004000425338743,train,12362,True
N#CC1(C#N)CC(=N)O1,2.427299976348877,train,12363,True
N=c1[nH]c(=O)[nH]cc1N,2.4746999740600586,train,12364,True
C1CC2OC2CO1,1.1028000116348269,train,12365,True
COC(C)(C)C1COC1,3.0975000858306885,train,12366,True
CC12CCOC1CC2,1.4460999965667725,train,12367,True
CN=c1occo1,3.06690001487732,train,12368,True
CC1(C)CCC2OC2C1,1.736199975013733,valid,12369,True
CC1CC=CCC1O,1.4783999919891355,train,12370,True
O=C1C=CC(=NO)CN1,3.4820001125335693,train,-1,False
C1=CCc2[nH]nnc2C1,4.432400226593018,train,12371,True
N=c1cc(N)[nH]nc1O,5.020400047302246,train,-1,False
N#CC1(O)CC(=O)C1O,2.6273000240325928,train,12372,True
O=C1CCC(CO)C1=O,4.020500183105469,train,12373,True
CC1C2COCCOC12,0.4359000027179718,train,12374,True
CC1=NC(CO)C(=N)N1,5.517499923706055,train,-1,False
CC1OC2C(=NO)CC12,2.035900115966797,train,12375,True
OCCN1CC2OCC21,2.4453001022338867,train,-1,False
CC1=CC(C)(C)CC1,0.3163000047206878,train,12376,True
OC12CCC1(O)C2,2.0515999794006348,train,12377,True
CC1(OC=O)C2CCC21,4.231800079345703,test,12378,True
C1CNC2C3OC(=N1)C23,2.841200113296509,train,12379,True
CC(O)C1OCOC1C,1.6694999933242798,train,12380,True
CC1(O)C2CN2C12CC2,2.594000101089477,train,-1,False
CC1C=CC2C(O)C2O1,2.095999956130981,test,12381,True
CCC(C#N)CN1CC1,4.944200038909912,train,12382,True
O=CCC1OC2CCC12,3.730299949645996,train,12383,True
O=CC1(O)CC(O)C1,0.9995999932289124,train,12384,True
N#CC1(N)CCCOC1,4.72160005569458,train,12385,True
CN1C2CC3(C)NC3C21,2.496000051498413,train,-1,False
O=C1C2CC13CC(O)C23,3.7381999492645264,train,12386,True
O=C1OCC2OCC2O1,4.379700183868408,train,12387,True
COCC1C(C)CC1O,2.2272000312805176,train,12388,True
CC1(C)CC(=O)C(=N)O1,4.92519998550415,valid,12389,True
CC1C=CC2(CN2)C1,1.7364000082015991,train,12390,True
O=C1C=CCN=COC1,1.6992000341415403,train,12391,True
COC(C#N)C1CC1C,3.300299882888794,test,12392,True
NC(=O)C1=NCC2CN12,3.447999954223633,train,12393,True
C#CC1NC1CCC#N,5.056600093841553,train,12394,True
CC1N2CC3C2C31CO,2.430500030517578,train,-1,False
NC(=O)CCC(N)=O,2.128200054168701,train,12395,True
C1OC1C1CCC2CN21,1.3343000411987305,test,-1,False
CC(C)C1(CC=O)CC1,2.6314001083374023,valid,12396,True
CC12C3C4C(=O)N(C41)C32,4.201700210571289,train,12397,True
OCC1C(O)C=CC1O,3.588099956512451,train,12398,True
OC1C2C=CC3OC1C32,2.255300045013428,train,12399,True
COC1CC(C)C2CC12,1.1533000469207764,test,12400,True
OCC1C2COC1C2,2.29229998588562,train,12401,True
O=C1C(O)CNC1CO,2.604300022125244,train,12402,True
CCOCc1cocn1,1.1539000272750854,train,12403,True
CN=CNC(=NC)OC,2.372400045394897,train,12404,True
C#Cc1ncc2n1CC2,4.291399955749512,train,12405,True
C1=CCC2(CC1)COC2,1.885599970817566,train,12406,True
CCOc1cnccn1,1.7791999578475952,train,12407,True
COCC1C(C)C2CC12,0.7750999927520752,train,12408,True
NC(=O)C12NC1C1NC12,4.421899795532227,train,12409,True
N=C1CC=CC(C=O)O1,4.301400184631348,valid,-1,False
Cc1cc(C)ncn1,2.426399946212769,train,12410,True
O=Cc1n[nH]nc1C=O,1.341099977493286,train,12411,True
C1C2C3C4C1C2N1C3C41,1.603700041770935,valid,-1,False
CC#CCC(=N)OCC,1.253600001335144,train,12412,True
C#CCC1(C)CN1C,1.4204000234603882,train,12413,True
C1C2OC3OC2C2C3N12,1.1258000135421753,train,-1,False
OC1CCCOC12CC2,1.784600019454956,train,12414,True
O=C1C=CC2COC2C1,4.293799877166748,train,12415,True
[NH3+]C(C#CC(=O)[O-])CO,4.618000030517578,train,-1,False
O=CC1=NC2CC(C2)O1,3.839799880981445,train,12416,True
OCC1CCCC12CO2,2.281399965286255,train,12417,True
CC1(C)OC1(C)C1CC1,1.6937999725341797,train,12418,True
N#CCNCC(N)C#N,1.8458000421524048,train,12419,True
CC(=NO)C1CCCC1,0.5981000065803528,valid,12420,True
CCc1cnno1,4.098899841308594,train,12421,True
CC1C2CN1CC(=O)O2,3.758100032806397,train,-1,False
C1=CC2C=CC(C=C1)C2,0.1940000057220459,train,12422,True
CC1OC=NCC1=NO,1.784999966621399,train,12423,True
CC12CNCC(=O)N1C2,3.56469988822937,train,12424,True
N#CC12C=CC3C(C1)N32,5.035099983215332,train,-1,False
CC1C2OC(=N)C12N,1.5765999555587769,train,12425,True
CC#CC#CC#CCC,0.1548999994993209,valid,12426,True
CC(=O)NC1(CO)CC1,2.3357999324798584,train,12427,True
CC(O)C1CCCC1=O,2.568300008773804,train,12428,True
COC(=O)NC1(C)CC1,2.0773000717163086,train,12429,True
CC1(O)CC=CC(=O)C1,4.860799789428711,train,12430,True
Cn1nnn2cnnc12,3.073699951171875,train,-1,False
CC(C)(C)C1(O)CC1,1.232100009918213,train,12431,True
N#CCC1C(O)C2NC12,4.949100017547607,train,12432,True
CNCc1nc(C)no1,1.5094000101089478,train,12433,True
C#CC1CC1COCC,0.4731000065803528,train,12434,True
CC1C(C)N1C(=O)C#N,5.202300071716309,train,12435,True
CC(=O)C1CC=CC1=O,2.783600091934204,train,12436,True
CCC1C2CC1(O)C2O,1.5056999921798706,train,12437,True
CC1CC1(C)OCCO,2.1782000064849854,train,12438,True
CC1=CC2CC(O2)C1C,1.7554999589920044,train,12439,True
O=C1OC2CCCC1C2,4.2993998527526855,train,12440,True
Cc1c[nH]c(=O)c(C)n1,3.375699996948242,train,12441,True
N=c1cccn[nH]1,1.8535000085830688,valid,-1,False
CC(O)C1C(C)C1O,2.6040000915527344,valid,12442,True
CC(C(N)=O)N1CC1,3.069999933242798,train,-1,False
C1CC2(CO2)C2CN12,2.4823999404907227,train,-1,False
COC1CCCC=C1C,1.1390000581741333,valid,12443,True
O=C1C=CC(C2CC2)O1,4.597799777984619,train,12444,True
OC12C3C4C5C(C31)N5C42,1.15339994430542,train,-1,False
CNc1cnco1,3.062700033187866,test,12445,True
OCC1(O)CCC2CC21,2.074399948120117,train,12446,True
CCC1C(=O)CC12CN2,2.407399892807007,train,12447,True
CC1OC2CNC12CO,3.689899921417236,train,12448,True
N=C1CCOCC(=O)N1,1.4428000450134275,train,12449,True
CC1CC1(C#N)CO,3.578700065612793,train,12450,True
O=C1CCCCC12CN2,2.919300079345703,train,12451,True
CCC1N2CC2C12CN2,2.076200008392334,valid,-1,False
CC(C)(O)C(O)CCO,1.2553000450134275,train,12452,True
OCC1NC12CCC2O,1.7329000234603882,train,12453,True
CC1=CC(=O)C(C)C1=O,2.048799991607666,test,12454,True
OC12CCCC3CC1C32,1.225100040435791,train,12455,True
O=CC1CC2CC2C1O,2.12280011177063,valid,12456,True
Oc1ncn2c1C(O)C2,2.349299907684326,train,12457,True
O=CC1=CCC2CCC12,3.338200092315674,train,12458,True
CCC(=O)CC(N)=O,2.520699977874756,train,12459,True
CC12CC(O)(CO)C1O2,1.1619000434875488,train,12460,True
Cc1coc(C2CN2)n1,2.319700002670288,train,12461,True
N#CCNC1CC=CC1,4.394599914550781,test,12462,True
C#CC1CCC1CC#N,3.808000087738037,train,12463,True
CNC(C)(C#N)CN,3.842600107192993,train,12464,True
CCC(=O)N(C)C(C)=O,5.62559986114502,train,12465,True
CCC1(C2CC2)CC1C,0.0722000002861023,train,12466,True
O=C1NC2C1CC21CC1,3.747299909591675,valid,12467,True
CC1OC(=N)OC1(C)C,4.4903998374938965,valid,-1,False
O=CC12C=CC(=O)C1N2,1.6622999906539917,train,12468,True
CC1CCC(C(C)C)O1,1.1739000082015991,valid,12469,True
O=CC12CC(C1)C21CC1,2.766700029373169,test,12470,True
N=c1cc(F)nno1,0.9918000102043152,train,-1,False
O=CN1CCOCC1,2.803999900817871,test,12471,True
N#CC1CNC(=O)CO1,2.2158000469207764,test,12472,True
O=C1CC(=O)OCCN1,5.734700202941895,train,12473,True
CC12C3CN1C2C3C=O,2.5030999183654785,train,-1,False
CC1(C=O)NC1C=O,2.005300045013428,train,12474,True
C#Cc1c[nH]c(C#C)c1,2.25819993019104,valid,12475,True
CC12CC(O1)C21CCO1,1.145900011062622,valid,12476,True
C1CC2CCC3OC23C1,1.908699989318848,train,12477,True
C1=CC2(CC1)CO2,1.9539999961853027,train,12478,True
C#CC1(C2CO2)CC1C,1.9056999683380127,train,12479,True
CC(C=O)n1cnnn1,3.6626999378204346,train,12480,True
C#CCOC(CC)CC,1.2235000133514404,train,12481,True
OC1C2OC3C2C2C1C32,2.727799892425537,train,12482,True
CC(O)C1CCC12CC2,1.479200005531311,train,12483,True
C1OC1C12CC3C1CC32,1.6145999431610107,train,12484,True
COC1C(C)C1(C)O,1.1117000579833984,train,12485,True
C#Cc1nc(C)c(C)o1,1.965399980545044,train,12486,True
C#Cc1cc[nH]c(=O)n1,5.723499774932861,train,12487,True
CC1(O)CC12CC(=O)O2,5.329899787902832,train,12488,True
N#CCC12C=CC(C1)N2,5.096499919891357,train,12489,True
CC#CC(=O)CCC=O,4.769100189208984,train,12490,True
CN=c1ccoc(=O)o1,2.916899919509888,train,-1,False
CCCN=C1OCC1C,2.0801000595092773,train,-1,False
C#CC1CC1(C#C)C#C,0.6847000122070312,train,12491,True
Cc1[nH]c(=O)n(C)c1N,4.763199806213379,train,12492,True
CCC12C3C4CC1N4C32,1.9399000406265257,valid,-1,False
N#CC1NCCNC1=O,7.032899856567383,train,12493,True
O=C1NCC2CCC2O1,4.793499946594238,train,12494,True
Cc1nc(N2CC2)n[nH]1,2.8397998809814453,train,12495,True
C#Cc1cn(C)nc1O,2.8833000659942627,train,12496,True
CC12C=CC=CC(C1)O2,1.5324000120162964,train,12497,True
CC1OCOC(=O)C1O,2.8041999340057373,train,12498,True
Cc1noc2nnoc12,2.9658000469207764,train,12499,True
CC12C(=O)CC3C1CC32,2.874000072479248,valid,12500,True
CN(C)c1nc[nH]c1N,2.9282000064849854,test,12501,True
Cc1nc(C(C)O)co1,2.340399980545044,train,12502,True
N=CN1C(=N)COC1=N,4.06689977645874,valid,12503,True
COC1(C=O)CC1C,2.894200086593628,train,12504,True
CC1=CC(=O)C(=O)N1,6.517499923706055,train,12505,True
C#CC1(OC)CC1(C)C,0.9000999927520752,train,12506,True
C#CC1(C(O)CC)CC1,1.3200000524520874,test,12507,True
CC1OC2CC1C2(C)O,1.555400013923645,test,12508,True
C#CC1(CC(C)O)CC1,1.1527999639511108,train,12509,True
C#CC(C#C)C1CC1O,2.136899948120117,valid,12510,True
CC(C(=O)C=O)N(C)C,1.3316999673843384,train,12511,True
C1OC1C1CCC2OC21,2.6026999950408936,valid,12512,True
CN(C=O)c1ccon1,4.645599842071533,test,12513,True
COCCC(O)C(C)=O,2.311000108718872,train,12514,True
N#CC(OC=O)C1CN1,2.3938000202178955,train,12515,True
O=c1cc(F)ocn1,3.848299980163574,valid,12516,True
Cc1coc(C=O)c1C,4.833899974822998,train,12517,True
COc1coccc1=N,2.908400058746338,train,-1,False
OCC#CC1CC=CC1,1.9069000482559204,test,12518,True
CC1CC(=O)C(C#N)O1,4.583099842071533,train,12519,True
C#CC(C)([NH2+]C)C(=O)[O-],4.860899925231934,train,-1,False
C#CCC1CC1OCC,1.5829999446868896,train,12520,True
N#CCN=C(N)C=O,2.032099962234497,train,12521,True
OCCC1(CCO)CO1,1.1857000589370728,train,12522,True
CCC1C2CC1C2C,0.1039000004529953,train,12523,True
CC(C)CCC(O)C#N,3.563800096511841,train,12524,True
N#CC1CCC1=NO,4.195300102233887,train,12525,True
O=COCc1cnoc1,3.197999954223633,train,12526,True
CC12CCC1=CCCO2,1.039199948310852,train,12527,True
N#CC12C3COC1C2N3,3.7618000507354736,train,12528,True
C1OCC1NC1COC1,0.8608999848365784,train,12529,True
CC12C=CC34CN(C13)C24,1.6658999919891355,train,12530,True
CC#Cc1c[nH]c(O)c1,1.2474000453948977,valid,12531,True
C#CC1CC2C(C=O)N12,0.8906999826431274,train,-1,False
O=C1OCCCN2CC12,4.080399990081787,train,-1,False
